Gene,Position
Ca_11869,627427
Ca_11866,648164
Ca_11861,670103
Ca_11858,700562
Ca_11851,733680
Ca_11850,745776
Ca_11849,763722
Ca_11847,774379
Ca_15011,1580188
Ca_02415,1875735
Ca_02385,2122211
Ca_02352,2360041
Ca_02337,2484562
Ca_02305,2716676
Ca_02231,3484769
Ca_02198,3778814
Ca_02171,3979252
Ca_02142,4245367
Ca_02109,4527337
Ca_02096,4609849
Ca_02030,5238078
Ca_02020,5297813
Ca_02006,5396313
Ca_01980,5683306
Ca_01962,5895771
Ca_23579,6276679
Ca_23587,6390796
Ca_10707,6754652
Ca_10697,6950214
Ca_10685,7045610
Ca_10684,7051176
Ca_10593,7904699
Ca_11508,8786552
Ca_11514,8840477
Ca_11517,8863924
Ca_11520,8886887
Ca_11521,8895844
Ca_11522,8911260
Ca_11524,8931865
Ca_11527,9012819
Ca_11531,9075411
Ca_11533,9097268
Ca_11534,9111758
Ca_11536,9127477
Ca_11539,9151680
Ca_11540,9168523
Ca_11543,9220667
Ca_11548,9263342
Ca_11554,9328142
Ca_11559,9381135
Ca_18425,10323610
Ca_16837,11204750
Ca_16836,11218231
Ca_16834,11239859
Ca_16833,11254720
Ca_16830,11277478
Ca_16829,11289683
Ca_16825,11319550
Ca_16821,11380662
Ca_16820,11402664
Ca_16817,11448441
Ca_16816,11481742
Ca_16813,11504232
Ca_16811,11544231
Ca_16810,11580591
Ca_16808,11650238
Ca_16806,11661436
Ca_16805,11666698
Ca_16803,11695653
Ca_16801,11720712
Ca_16798,11741438
Ca_16795,11787779
Ca_16794,11814715
Ca_20096,12994592
Ca_20102,13118338
Ca_20103,13133629
Ca_20104,13167832
Ca_20117,13448485
Ca_27674,13722512
Ca_22727,13856173
Ca_22731,13889204
Ca_22739,13981643
Ca_22744,14073987
Ca_13049,14098729
Ca_13048,14118422
Ca_13047,14124631
Ca_13046,14131834
Ca_13044,14146367
Ca_13041,14196938
Ca_13037,14257968
Ca_13034,14295355
Ca_13029,14350289
Ca_13028,14374635
Ca_13026,14389743
Ca_13024,14430543
Ca_13021,14444401
Ca_13020,14465222
Ca_13019,14492760
Ca_13017,14506334
Ca_13013,14533092
Ca_13011,14555874
Ca_13008,14587705
Ca_13007,14600941
Ca_13006,14610364
Ca_13005,14618316
Ca_13004,14631698
Ca_13003,14650679
Ca_12999,14698711
Ca_12995,14722028
Ca_12993,14753887
Ca_12990,14778743
Ca_12988,14805224
Ca_12986,14830431
Ca_12982,14870763
Ca_17895,15466308
Ca_15512,16023875
Ca_15513,16026704
Ca_15515,16038770
Ca_15531,16173978
Ca_15534,16198037
Ca_15537,16209150
Ca_15538,16230163
Ca_15545,16267618
Ca_15548,16278650
Ca_15549,16283568
Ca_15550,16295745
Ca_15560,16383274
Ca_15562,16405098
Ca_15563,16421434
Ca_15564,16448599
Ca_15565,16460526
Ca_24407,377158
Ca_24414,579457
Ca_24417,610704
Ca_03378,992781
Ca_03310,1569218
Ca_03278,1962705
Ca_03228,2496066
Ca_03206,2711950
Ca_03174,2988624
Ca_03121,3435958
Ca_03119,3468016
Ca_03116,3517205
Ca_03112,3569107
Ca_03108,3599205
Ca_03107,3604544
Ca_03106,3624598
Ca_03105,3639539
Ca_03104,3643873
Ca_03103,3649685
Ca_03086,3787331
Ca_03055,4110452
Ca_03051,4149779
Ca_03003,4493033
Ca_06862,5005706
Ca_06859,5056418
Ca_06832,5384710
Ca_06831,5388546
Ca_06830,5396395
Ca_06829,5404466
Ca_06826,5418698
Ca_06822,5454389
Ca_06816,5494722
Ca_06815,5514731
Ca_06812,5527983
Ca_06808,5554794
Ca_06806,5567587
Ca_06788,5684785
Ca_06785,5719739
Ca_06783,5735239
Ca_06781,5772931
Ca_06780,5778775
Ca_06779,5792491
Ca_06778,5801026
Ca_06777,5811457
Ca_06776,5830430
Ca_06771,5865279
Ca_06769,5887683
Ca_06766,5916372
Ca_06765,5921885
Ca_06761,5953535
Ca_06760,5979404
Ca_06757,6022435
Ca_06756,6029181
Ca_06755,6035253
Ca_06754,6057925
Ca_06752,6066716
Ca_06751,6079807
Ca_06750,6089049
Ca_06746,6108119
Ca_06745,6114153
Ca_06743,6137836
Ca_06741,6155107
Ca_06700,6538742
Ca_06699,6551711
Ca_06698,6555721
Ca_06697,6566844
Ca_06639,7179520
Ca_13230,7874293
Ca_13149,8535090
Ca_15354,8635233
Ca_15323,8908561
Ca_15297,9169141
Ca_17325,9347640
Ca_17296,9569195
Ca_12763,9968303
Ca_12785,10230682
Ca_12790,10284315
Ca_12792,10293909
Ca_12796,10361716
Ca_12828,10725876
Ca_09352,11429014
Ca_09338,11614231
Ca_09273,12418839
Ca_09271,12444019
Ca_09262,12543803
Ca_09253,12683383
Ca_09244,12746419
Ca_09221,13069664
Ca_16056,13783691
Ca_16073,14005550
Ca_16074,14029329
Ca_23042,14281801
Ca_09992,14469336
Ca_09980,14634124
Ca_09957,14960121
Ca_09950,15037060
Ca_09921,15372712
Ca_09917,15453629
Ca_09913,15528939
Ca_09907,15619499
Ca_09875,16004526
Ca_09857,16286024
Ca_09856,16292129
Ca_20562,16621648
Ca_20567,16646600
Ca_15881,17000484
Ca_15862,17295309
Ca_15854,17519247
Ca_15846,17625492
Ca_12332,19250597
Ca_12339,19387245
Ca_12342,19412154
Ca_12375,20095047
Ca_12402,20531342
Ca_12404,20539788
Ca_12405,20551205
Ca_12406,20561777
Ca_12414,20611787
Ca_14488,20998107
Ca_14489,21038536
Ca_14500,21347660
Ca_14536,22029763
Ca_14542,22110804
Ca_14555,22422384
Ca_14556,22443181
Ca_19539,22544731
Ca_19530,22721261
Ca_19528,22841492
Ca_26245,23394257
Ca_26017,23574059
Ca_26014,23614165
Ca_19917,24004246
Ca_19911,24191471
Ca_19902,24651998
Ca_23595,25028211
Ca_23605,25303772
Ca_16258,26487164
Ca_16255,26616922
Ca_16249,26701703
Ca_16247,26761282
Ca_16246,26783203
Ca_16236,26980028
Ca_16235,27019999
Ca_16234,27048922
Ca_16229,27173974
Ca_16228,27204529
Ca_16224,27350745
Ca_16221,27457739
Ca_18921,28325984
Ca_18942,28548137
Ca_11793,29130789
Ca_11791,29141742
Ca_11748,29761669
Ca_11734,29895569
Ca_11728,30007426
Ca_11727,30022070
Ca_11724,30037345
Ca_11723,30049196
Ca_11718,30085723
Ca_11715,30117117
Ca_11714,30138918
Ca_11712,30160151
Ca_11706,30207490
Ca_11705,30220570
Ca_23314,30929035
Ca_23311,30971242
Ca_10145,31109627
Ca_10137,31201250
Ca_10136,31211716
Ca_10135,31216117
Ca_10134,31222847
Ca_10113,31448474
Ca_10099,31635022
Ca_10079,31849852
Ca_10069,31946645
Ca_10055,32158038
Ca_10054,32199876
Ca_10047,32245492
Ca_10046,32254409
Ca_10045,32268829
Ca_10041,32377883
Ca_10040,32383066
Ca_10037,32408892
Ca_10035,32433391
Ca_10034,32444614
Ca_10033,32466317
Ca_10031,32483218
Ca_10027,32527221
Ca_10019,32723613
Ca_10018,32733207
Ca_10017,32753452
Ca_10015,32781761
Ca_10014,32788840
Ca_10012,32854738
Ca_10011,32875645
Ca_10009,32900383
Ca_10005,32930074
Ca_10004,32941758
Ca_10001,32961332
Ca_09998,33004422
Ca_09997,33024550
Ca_09996,33060867
Ca_16142,33111375
Ca_16143,33120770
Ca_16147,33160190
Ca_16150,33218519
Ca_16151,33241528
Ca_16154,33262924
Ca_16160,33344021
Ca_16161,33347348
Ca_16163,33373907
Ca_16165,33416984
Ca_16166,33432874
Ca_16167,33453279
Ca_16168,33463239
Ca_16177,33567106
Ca_16179,33615041
Ca_16180,33640958
Ca_16184,33759550
Ca_16186,33783519
Ca_16187,33794907
Ca_16188,33800843
Ca_16189,33808281
Ca_16190,33816306
Ca_16193,33861534
Ca_21006,34128750
Ca_21005,34178952
Ca_21004,34186285
Ca_21003,34191927
Ca_21000,34215216
Ca_20999,34217717
Ca_20998,34228498
Ca_20997,34234003
Ca_20994,34262894
Ca_20990,34279413
Ca_20988,34297617
Ca_20987,34326103
Ca_20982,34375224
Ca_17637,35112620
Ca_17638,35134635
Ca_17639,35179901
Ca_17644,35256823
Ca_17645,35265559
Ca_17646,35275988
Ca_17650,35350921
Ca_17651,35370972
Ca_17755,35437810
Ca_17759,35518134
Ca_17776,35730264
Ca_17791,35873379
Ca_13736,36359644
Ca_13756,36702530
Ca_13761,36747534
Ca_13800,37187319
Ca_16399,38203268
Ca_16405,38263758
Ca_16428,38777742
Ca_19581,39180054
Ca_19590,39361620
Ca_19611,39710490
Ca_25102,39864201
Ca_20249,40295957
Ca_20266,40589430
Ca_20269,40657971
Ca_20272,40708813
Ca_18002,41325439
Ca_18000,41350803
Ca_17989,41620338
Ca_17982,41825099
Ca_17981,41847301
Ca_17979,41889688
Ca_17961,42337438
Ca_20194,42955191
Ca_20192,43002673
Ca_20191,43044126
Ca_25039,43351245
Ca_25034,43551087
Ca_21361,43976052
Ca_21363,44015565
Ca_21370,44314879
Ca_15711,44938246
Ca_15727,45276756
Ca_15748,45655910
Ca_22752,46357293
Ca_22754,46400235
Ca_22758,46506050
Ca_19470,46715391
Ca_19492,47238379
Ca_19498,47390652
Ca_13253,264214
Ca_13270,480987
Ca_10299,1684768
Ca_10304,1776988
Ca_10312,1847443
Ca_10314,1877376
Ca_10315,1883890
Ca_10316,1892954
Ca_10323,2001659
Ca_10325,2041716
Ca_10332,2111666
Ca_10333,2116136
Ca_10335,2124002
Ca_10336,2134751
Ca_10338,2156703
Ca_10342,2175267
Ca_10343,2182222
Ca_10347,2204626
Ca_10348,2207678
Ca_10349,2218342
Ca_10351,2225093
Ca_10352,2233010
Ca_10353,2245321
Ca_10354,2258182
Ca_10357,2284424
Ca_10358,2288232
Ca_10360,2296174
Ca_10363,2326215
Ca_10365,2339156
Ca_10368,2366015
Ca_10370,2386389
Ca_10371,2401038
Ca_10375,2427737
Ca_10378,2466520
Ca_10380,2479765
Ca_10385,2521273
Ca_10387,2546888
Ca_10390,2588205
Ca_10391,2600923
Ca_10393,2617381
Ca_10401,2671890
Ca_10402,2680516
Ca_10403,2689266
Ca_10404,2705207
Ca_10405,2714757
Ca_10409,2756829
Ca_10410,2766285
Ca_10413,2786265
Ca_10416,2807776
Ca_10417,2821666
Ca_10419,2835252
Ca_10420,2846260
Ca_10425,2876213
Ca_10430,2917120
Ca_10437,2951929
Ca_10439,2968489
Ca_10440,2981969
Ca_10441,2992284
Ca_10442,3010495
Ca_10443,3024663
Ca_10444,3032315
Ca_26312,3135386
Ca_25248,3338013
Ca_05901,3989387
Ca_05876,4214744
Ca_05829,4656816
Ca_05773,5234748
Ca_05762,5383192
Ca_05746,5534567
Ca_16904,6324252
Ca_09665,7185584
Ca_09646,7334078
Ca_09627,7550395
Ca_09624,7596406
Ca_09622,7614917
Ca_09621,7617366
Ca_09618,7644955
Ca_09617,7653829
Ca_09611,7694738
Ca_09609,7706290
Ca_09607,7718851
Ca_09605,7731132
Ca_09604,7740751
Ca_09600,7768658
Ca_09597,7805741
Ca_09596,7819986
Ca_09595,7827394
Ca_09594,7845820
Ca_09591,7853206
Ca_09588,7878698
Ca_09587,7884591
Ca_09586,7894343
Ca_09583,7916758
Ca_09582,7923785
Ca_09581,7928269
Ca_09580,7938894
Ca_09579,7945033
Ca_09577,7983136
Ca_09574,8001481
Ca_09570,8035947
Ca_09562,8087231
Ca_09561,8094035
Ca_09559,8105265
Ca_09557,8113570
Ca_09555,8135053
Ca_09552,8165843
Ca_09550,8207129
Ca_16764,8705936
Ca_16749,8865242
Ca_16745,8900044
Ca_16735,9047206
Ca_08678,9190348
Ca_08656,9409051
Ca_08625,9694273
Ca_08613,9770240
Ca_08610,9822442
Ca_08608,9831539
Ca_08604,9855567
Ca_08602,9871869
Ca_08600,9896133
Ca_08599,9908043
Ca_08598,9922807
Ca_08596,9943817
Ca_08593,9988472
Ca_08592,10007732
Ca_08591,10013277
Ca_08590,10024807
Ca_08587,10039286
Ca_08586,10053669
Ca_08584,10074390
Ca_08581,10094316
Ca_08580,10108462
Ca_08579,10136275
Ca_08578,10144676
Ca_08576,10156877
Ca_08573,10176329
Ca_08572,10180965
Ca_08570,10189695
Ca_08568,10209985
Ca_08566,10225390
Ca_08562,10266318
Ca_08557,10314072
Ca_08555,10373088
Ca_08554,10382512
Ca_08553,10391473
Ca_08552,10426154
Ca_08551,10441732
Ca_08548,10476663
Ca_08546,10500689
Ca_08544,10509144
Ca_08543,10520143
Ca_08538,10589583
Ca_08537,10603839
Ca_08536,10612583
Ca_08534,10631893
Ca_08530,10667605
Ca_08529,10681666
Ca_08528,10696458
Ca_08525,10724504
Ca_08524,10732037
Ca_08521,10765248
Ca_08519,10775534
Ca_08518,10787585
Ca_08517,10796511
Ca_08512,10853943
Ca_08507,10898517
Ca_08506,10908131
Ca_20473,11060355
Ca_20474,11074793
Ca_20477,11097409
Ca_20478,11109029
Ca_20479,11123476
Ca_20480,11147543
Ca_20483,11169135
Ca_20484,11178893
Ca_20485,11188711
Ca_20486,11194418
Ca_20493,11299829
Ca_23426,11412392
Ca_23430,11471401
Ca_25054,11607617
Ca_25055,11623625
Ca_25061,11664559
Ca_25062,11711556
Ca_25063,11734421
Ca_05035,12592335
Ca_05041,12645423
Ca_05059,12866794
Ca_05060,12874078
Ca_05061,12879893
Ca_05062,12884329
Ca_05063,12896519
Ca_05064,12905377
Ca_05067,12939766
Ca_05072,12985733
Ca_05106,13339676
Ca_05107,13348898
Ca_05108,13351653
Ca_05109,13358565
Ca_05113,13405714
Ca_05114,13418787
Ca_05123,13515586
Ca_05124,13531439
Ca_05126,13546630
Ca_05127,13563076
Ca_05128,13587064
Ca_05131,13616874
Ca_05132,13626570
Ca_05133,13644944
Ca_05146,13827051
Ca_05169,14031799
Ca_05188,14199313
Ca_05200,14308704
Ca_05201,14318733
Ca_05208,14376996
Ca_05209,14383923
Ca_05210,14386724
Ca_05212,14404467
Ca_05213,14413768
Ca_05215,14427659
Ca_05216,14432148
Ca_05217,14468424
Ca_05220,14502703
Ca_05223,14527472
Ca_05224,14539208
Ca_05227,14578314
Ca_05229,14597751
Ca_05232,14606828
Ca_05236,14666700
Ca_05243,14722961
Ca_05254,14800135
Ca_05259,14852692
Ca_05306,15240208
Ca_05312,15289598
Ca_05344,15662691
Ca_05345,15674941
Ca_19679,16106119
Ca_19659,16394000
Ca_06304,16720545
Ca_06323,17013707
Ca_06326,17048448
Ca_06327,17093118
Ca_06334,17163907
Ca_06419,17943685
Ca_06420,17972630
Ca_06444,18268121
Ca_06463,18477523
Ca_06488,18759481
Ca_06491,18806792
Ca_06529,19213632
Ca_06582,19748261
Ca_16373,20604495
Ca_16346,20816096
Ca_16345,20831505
Ca_11294,21473600
Ca_11288,21539401
Ca_11259,21808515
Ca_11255,21855665
Ca_11237,22035420
Ca_11235,22048836
Ca_11207,22300492
Ca_11197,22416151
Ca_11141,23081184
Ca_11103,23525825
Ca_11089,23646808
Ca_11083,23695536
Ca_11079,23765471
Ca_11068,23931006
Ca_11051,24085824
Ca_11023,24476390
Ca_11022,24491721
Ca_25502,26050625
Ca_16678,26356162
Ca_16679,26360214
Ca_16681,26372519
Ca_16682,26405103
Ca_16686,26450198
Ca_16687,26472840
Ca_16688,26525196
Ca_16728,26938284
Ca_14631,27105716
Ca_14630,27119702
Ca_14614,27382462
Ca_14608,27472039
Ca_14601,27556329
Ca_17476,28789038
Ca_24060,29867003
Ca_24049,30089219
Ca_16442,30243083
Ca_16467,30687709
Ca_16476,30809747
Ca_16489,30965264
Ca_16497,31048667
Ca_15186,31592494
Ca_15216,32173106
Ca_25837,32437033
Ca_15801,34914097
Ca_15793,35054571
Ca_15775,35620305
Ca_23962,36304921
Ca_19819,36578382
Ca_15890,38559971
Ca_15903,38981717
Ca_15908,39059162
Ca_15910,39147113
Ca_15914,39308504
Ca_15935,39933847
Ca_15940,40119253
Ca_23148,41251279
Ca_23248,42750100
Ca_23253,42872024
Ca_24866,43769302
Ca_24239,44460361
Ca_13817,45078585
Ca_13834,45336046
Ca_13841,45500627
Ca_13864,45912967
Ca_17751,46418066
Ca_17734,46836225
Ca_17721,47144574
Ca_23440,48038830
Ca_24605,48285149
Ca_13510,49549144
Ca_13508,49573144
Ca_13496,49708788
Ca_13478,50107995
Ca_13461,50433388
Ca_13436,50752208
Ca_19193,50988852
Ca_19176,51258626
Ca_19166,51414727
Ca_17518,52156743
Ca_22926,53319539
Ca_18877,53348014
Ca_18890,53540623
Ca_18895,53591959
Ca_18896,53603077
Ca_18898,53624242
Ca_18917,53893969
Ca_16271,54156058
Ca_16273,54167394
Ca_16292,54352827
Ca_16293,54357838
Ca_21204,54835469
Ca_19011,55574595
Ca_19041,56150494
Ca_17394,56562596
Ca_17395,56573328
Ca_17396,56581688
Ca_17409,56702731
Ca_17412,56740917
Ca_17414,56757737
Ca_17418,56802178
Ca_17420,56820087
Ca_17422,56854544
Ca_17425,56894964
Ca_17428,56950671
Ca_17429,56977607
Ca_17433,57049862
Ca_17435,57085519
Ca_17436,57107033
Ca_17437,57110969
Ca_17438,57124067
Ca_17439,57128138
Ca_17440,57172821
Ca_13710,57258225
Ca_13681,57639971
Ca_13680,57651336
Ca_13679,57661492
Ca_13678,57666091
Ca_13672,57709595
Ca_13671,57718328
Ca_13668,57731141
Ca_13667,57737137
Ca_13665,57754421
Ca_13664,57765361
Ca_13659,57811912
Ca_13658,57817027
Ca_13656,57834263
Ca_13655,57850509
Ca_13653,57878254
Ca_13652,57882224
Ca_13649,57897918
Ca_13648,57901748
Ca_13643,57940719
Ca_13641,57948200
Ca_13639,57976183
Ca_13638,57986478
Ca_13636,57994881
Ca_13635,58002601
Ca_13634,58006066
Ca_13632,58034714
Ca_13631,58050465
Ca_13630,58080040
Ca_13628,58093960
Ca_13627,58106703
Ca_13626,58114726
Ca_13625,58127393
Ca_13624,58158417
Ca_13621,58197509
Ca_15366,58233222
Ca_15368,58242742
Ca_15369,58254286
Ca_15423,58809433
Ca_15425,58830228
Ca_18871,59001570
Ca_18866,59078105
Ca_18864,59094012
Ca_18862,59116352
Ca_18858,59161638
Ca_18855,59193776
Ca_18852,59222606
Ca_18851,59229617
Ca_18849,59248970
Ca_18847,59296178
Ca_18846,59304267
Ca_18845,59342460
Ca_18839,59413326
Ca_18174,191956
Ca_18175,201329
Ca_18176,210943
Ca_18194,386101
Ca_18665,2466824
Ca_18695,3251267
Ca_18702,3496186
Ca_24944,3753189
Ca_18743,7586816
Ca_18741,7614816
Ca_18721,7921576
Ca_18711,8224649
Ca_19957,9002751
Ca_20506,9902735
Ca_21233,10383254
Ca_17110,11863958
Ca_17096,12152362
Ca_17087,12258689
Ca_17086,12359162
Ca_17084,12409376
Ca_20820,13961356
Ca_17932,16626347
Ca_17942,16766270
Ca_24755,18517265
Ca_24760,18556307
Ca_23520,19459513
Ca_22807,20093726
Ca_18205,20361151
Ca_18226,20803706
Ca_18227,20850424
Ca_18244,21388101
Ca_18245,21414030
Ca_21167,22011752
Ca_21159,22084206
Ca_20060,22789769
Ca_17703,23363897
Ca_17696,23463046
Ca_17692,23523360
Ca_17666,23901028
Ca_15576,24401483
Ca_15584,24496129
Ca_15585,24500234
Ca_15599,24654864
Ca_15613,24905188
Ca_15617,25040047
Ca_09044,25350918
Ca_09006,26101676
Ca_08987,26321978
Ca_08964,26574728
Ca_08931,26993680
Ca_08926,27136556
Ca_08915,27259025
Ca_08898,27566012
Ca_08897,27580437
Ca_08893,27611969
Ca_08886,27668403
Ca_08881,27696421
Ca_08872,27748636
Ca_13415,28015094
Ca_13412,28032629
Ca_13411,28045887
Ca_13408,28118604
Ca_13405,28151439
Ca_13404,28157351
Ca_13402,28183414
Ca_13401,28204863
Ca_13399,28256409
Ca_13397,28277778
Ca_13395,28284205
Ca_13386,28360055
Ca_13384,28386242
Ca_13380,28437664
Ca_13377,28479125
Ca_13370,28556992
Ca_13367,28583143
Ca_13364,28637276
Ca_13361,28682694
Ca_13360,28693684
Ca_13359,28696615
Ca_13356,28728836
Ca_13350,28816863
Ca_13349,28827552
Ca_13348,28841573
Ca_13346,28857919
Ca_13345,28881285
Ca_13343,28916807
Ca_23833,29013113
Ca_23827,29089873
Ca_16629,29363155
Ca_16642,29560780
Ca_16643,29567221
Ca_16647,29608699
Ca_16649,29643802
Ca_04688,30123975
Ca_04728,30462494
Ca_04758,30662612
Ca_04766,30712384
Ca_04767,30725865
Ca_04817,31139679
Ca_04820,31161579
Ca_04857,31553739
Ca_04911,32081831
Ca_04952,32481170
Ca_04972,32656972
Ca_04977,32706775
Ca_05008,33124852
Ca_01921,33349262
Ca_01913,33430198
Ca_01869,33846039
Ca_01860,33917133
Ca_01790,34505910
Ca_01766,34741830
Ca_01751,34881749
Ca_01673,35590458
Ca_01658,35709217
Ca_01566,36531948
Ca_01565,36538080
Ca_01552,36685181
Ca_01551,36710903
Ca_01501,37160835
Ca_01474,37441716
Ca_01455,37674847
Ca_01448,37739352
Ca_01419,38013314
Ca_01406,38113646
Ca_01402,38150103
Ca_01389,38342802
Ca_07403,38431940
Ca_07426,38754695
Ca_07452,38995692
Ca_07489,39540599
Ca_07500,39730548
Ca_07518,39906150
Ca_07567,40469062
Ca_07589,40695578
Ca_07636,41173657
Ca_07646,41309860
Ca_11357,42562657
Ca_11345,42681117
Ca_11330,42794857
Ca_12711,43434562
Ca_12691,43556438
Ca_12676,43751252
Ca_12674,43784164
Ca_12661,43935967
Ca_03898,44529787
Ca_03901,44575969
Ca_03910,44656228
Ca_03913,44675159
Ca_03914,44679404
Ca_03915,44684840
Ca_03920,44759690
Ca_03922,44768150
Ca_03923,44784653
Ca_03926,44830831
Ca_03932,44882689
Ca_03935,44902389
Ca_03938,44927521
Ca_03940,44937878
Ca_03941,44947922
Ca_03983,45403803
Ca_04053,46046760
Ca_04112,46534094
Ca_04152,46958819
Ca_04199,47388873
Ca_04222,47615043
Ca_04227,47668737
Ca_27692,24773
Ca_07684,518074
Ca_07793,1642394
Ca_07799,1759881
Ca_07801,1781183
Ca_07807,1863285
Ca_07808,1869150
Ca_07836,2149255
Ca_12092,2939379
Ca_12099,3005333
Ca_12117,3164526
Ca_12118,3180539
Ca_12122,3217587
Ca_12123,3225869
Ca_12124,3240385
Ca_12125,3249819
Ca_12126,3264120
Ca_12129,3284261
Ca_12130,3292359
Ca_12131,3307100
Ca_12134,3323981
Ca_12136,3330520
Ca_12137,3334282
Ca_12140,3390670
Ca_12143,3415190
Ca_12144,3421666
Ca_12146,3453315
Ca_12156,3571450
Ca_12161,3619011
Ca_12162,3627471
Ca_12177,3751873
Ca_03848,4047294
Ca_03847,4088055
Ca_03846,4094247
Ca_03843,4105701
Ca_03841,4142556
Ca_03840,4152699
Ca_03839,4177177
Ca_03837,4203093
Ca_03836,4218067
Ca_03834,4237032
Ca_03833,4244816
Ca_03832,4251549
Ca_03831,4276255
Ca_03830,4297772
Ca_03828,4316095
Ca_03827,4325727
Ca_03826,4341050
Ca_03821,4391744
Ca_03819,4412248
Ca_03817,4425798
Ca_03815,4434926
Ca_03812,4453435
Ca_03811,4460306
Ca_03810,4467419
Ca_03809,4482275
Ca_03808,4488905
Ca_03807,4502163
Ca_03803,4544159
Ca_03802,4556850
Ca_03799,4582894
Ca_03798,4593707
Ca_03795,4612731
Ca_03794,4619838
Ca_03791,4638795
Ca_03788,4679143
Ca_03787,4685219
Ca_03783,4728496
Ca_03781,4745538
Ca_03778,4786303
Ca_03777,4811009
Ca_03773,4855591
Ca_03772,4860719
Ca_03769,4881612
Ca_03768,4895783
Ca_03766,4920391
Ca_03762,4958320
Ca_03752,5031956
Ca_03748,5080212
Ca_03730,5249197
Ca_03728,5271617
Ca_03671,5787930
Ca_03644,6031349
Ca_03612,6305078
Ca_03599,6404011
Ca_03590,6511536
Ca_03508,7266076
Ca_03507,7280428
Ca_03506,7283260
Ca_03505,7313183
Ca_03501,7348257
Ca_03499,7370956
Ca_03498,7378365
Ca_03489,7449408
Ca_03448,7878853
Ca_03446,7903145
Ca_03422,8099551
Ca_08306,8174878
Ca_08315,8245679
Ca_08319,8302256
Ca_08321,8336609
Ca_08326,8371073
Ca_08327,8378817
Ca_08330,8403971
Ca_08335,8431316
Ca_08339,8472666
Ca_08340,8483362
Ca_08347,8532637
Ca_08360,8658099
Ca_08362,8673418
Ca_08363,8676309
Ca_08365,8690944
Ca_08366,8702868
Ca_08368,8717844
Ca_08371,8751606
Ca_08374,8782274
Ca_08378,8804194
Ca_08381,8844601
Ca_08382,8851371
Ca_08386,8892844
Ca_08393,8983095
Ca_08407,9145126
Ca_08415,9273266
Ca_08431,9412577
Ca_08446,9665662
Ca_04284,10469111
Ca_04313,10756120
Ca_04321,10857710
Ca_04322,10892753
Ca_04325,10911005
Ca_04328,10935694
Ca_04330,10964956
Ca_04339,11063714
Ca_04340,11072278
Ca_04342,11084426
Ca_04343,11089514
Ca_04344,11110311
Ca_04345,11117075
Ca_04346,11133392
Ca_04347,11143275
Ca_04348,11156272
Ca_04350,11166820
Ca_04354,11223694
Ca_04357,11239322
Ca_04358,11252352
Ca_04359,11271983
Ca_04363,11307107
Ca_04367,11332725
Ca_04369,11349035
Ca_04372,11386111
Ca_04373,11396081
Ca_04376,11418682
Ca_04380,11441086
Ca_04381,11450981
Ca_04383,11464631
Ca_04384,11489920
Ca_04386,11573412
Ca_04387,11599573
Ca_04390,11631869
Ca_04391,11638997
Ca_04392,11644353
Ca_04394,11666837
Ca_04396,11694709
Ca_04397,11706424
Ca_04398,11723925
Ca_04401,11771898
Ca_04402,11804392
Ca_04432,12079704
Ca_04442,12174394
Ca_04468,12446515
Ca_04469,12452671
Ca_04472,12491321
Ca_04473,12494948
Ca_04474,12500669
Ca_04477,12533823
Ca_04478,12556352
Ca_04479,12568141
Ca_04480,12574148
Ca_04482,12594249
Ca_04490,12693019
Ca_04561,13396782
Ca_04577,13587038
Ca_04578,13595112
Ca_04580,13621619
Ca_04583,13645639
Ca_04584,13652019
Ca_04590,13694827
Ca_04591,13699506
Ca_04596,13721713
Ca_04599,13746873
Ca_04600,13757169
Ca_04601,13764633
Ca_04607,13817710
Ca_04612,13876898
Ca_04628,14032502
Ca_04630,14045327
Ca_04632,14059452
Ca_04633,14068733
Ca_04636,14092625
Ca_04638,14103102
Ca_04641,14113357
Ca_04642,14119973
Ca_04644,14140900
Ca_04646,14155412
Ca_04652,14189250
Ca_04653,14199089
Ca_05648,14539742
Ca_05616,14848802
Ca_05615,14854579
Ca_05614,14870274
Ca_05613,14876258
Ca_05610,14887000
Ca_05609,14895817
Ca_05593,15066130
Ca_05592,15073541
Ca_05565,15320145
Ca_05557,15386018
Ca_05556,15392608
Ca_05555,15397868
Ca_05553,15406506
Ca_05552,15417889
Ca_05551,15445593
Ca_05550,15460142
Ca_05549,15473450
Ca_05548,15493224
Ca_05547,15539362
Ca_05546,15546716
Ca_05543,15585880
Ca_05540,15615025
Ca_05538,15654664
Ca_05537,15669964
Ca_05535,15701042
Ca_05534,15708488
Ca_05533,15718834
Ca_05532,15722399
Ca_05530,15735072
Ca_05529,15751286
Ca_05527,15782775
Ca_05526,15792841
Ca_05519,15880754
Ca_05512,15939809
Ca_05511,15956236
Ca_05508,16004115
Ca_05505,16038625
Ca_05504,16045187
Ca_05503,16062535
Ca_05501,16076573
Ca_05498,16127580
Ca_05493,16183274
Ca_05487,16277519
Ca_05479,16463217
Ca_05474,16511273
Ca_05470,16535532
Ca_05467,16569805
Ca_05460,16626853
Ca_05459,16633227
Ca_05426,16982668
Ca_05425,16999177
Ca_05424,17003409
Ca_05417,17059018
Ca_05415,17081677
Ca_05413,17107470
Ca_05407,17159718
Ca_05402,17208463
Ca_05399,17239037
Ca_05397,17268480
Ca_05396,17273650
Ca_05393,17285674
Ca_05391,17299744
Ca_05390,17316352
Ca_05389,17343724
Ca_05386,17389831
Ca_05384,17426925
Ca_05382,17453868
Ca_05379,17478168
Ca_05378,17490100
Ca_05377,17496193
Ca_05373,17529031
Ca_05372,17536418
Ca_05367,17630621
Ca_05361,17667387
Ca_05358,17682958
Ca_05357,17684886
Ca_05356,17689748
Ca_05354,17705726
Ca_05352,17721944
Ca_05349,17759266
Ca_05347,17771498
Ca_18620,17839305
Ca_18621,17846191
Ca_18623,17860860
Ca_18635,17948944
Ca_13983,18817237
Ca_14001,18997976
Ca_14012,19139847
Ca_14033,19384199
Ca_17132,20004815
Ca_17140,20202577
Ca_17170,20770501
Ca_19045,20903869
Ca_20151,21829714
Ca_20136,22098963
Ca_20134,22136147
Ca_20122,22374615
Ca_14477,22679912
Ca_14475,22729719
Ca_14474,22757956
Ca_14470,22809224
Ca_14469,22826070
Ca_14465,22863953
Ca_14464,22874123
Ca_14463,22906777
Ca_14462,22912434
Ca_14461,22929842
Ca_14460,22969455
Ca_14459,23051097
Ca_14458,23064926
Ca_14456,23104458
Ca_14416,23859923
Ca_14409,24049911
Ca_20849,24809048
Ca_20847,24854654
Ca_20846,24889945
Ca_20844,24942484
Ca_16562,25182004
Ca_16567,25252529
Ca_16568,25263395
Ca_16569,25283099
Ca_16578,25465192
Ca_16587,25611533
Ca_16588,25620841
Ca_16589,25633232
Ca_16597,25776985
Ca_16599,25807162
Ca_16601,25838207
Ca_16605,25907248
Ca_16606,25918792
Ca_16607,25961249
Ca_16610,25998923
Ca_16611,26012806
Ca_16612,26167082
Ca_16614,26209643
Ca_16617,26249817
Ca_25302,26380392
Ca_25301,26392843
Ca_25002,26543661
Ca_25001,26582589
Ca_25000,26609753
Ca_24999,26633708
Ca_20437,26764034
Ca_20457,27177927
Ca_20460,27226411
Ca_21324,27371524
Ca_21321,27384401
Ca_21318,27482626
Ca_21317,27492600
Ca_21311,27628788
Ca_21308,27670873
Ca_21307,27699985
Ca_21302,27855244
Ca_21301,27922446
Ca_23180,28012659
Ca_23176,28080701
Ca_23173,28154278
Ca_23172,28164613
Ca_23171,28186577
Ca_23170,28202445
Ca_23167,28268593
Ca_23166,28278801
Ca_23162,28375743
Ca_26232,28593402
Ca_23698,28789997
Ca_23699,28840387
Ca_23702,28865674
Ca_23705,28940216
Ca_23706,28991064
Ca_23707,29039955
Ca_23708,29092513
Ca_23709,29137645
Ca_14152,29214131
Ca_14154,29366071
Ca_14164,29599153
Ca_14165,29644959
Ca_14166,29672899
Ca_14167,29718927
Ca_14173,29830666
Ca_14174,29843401
Ca_14175,29887784
Ca_14176,29905166
Ca_14177,29922074
Ca_14179,29955360
Ca_14180,30023910
Ca_14181,30042769
Ca_14182,30066661
Ca_14183,30103439
Ca_14184,30108186
Ca_14185,30147407
Ca_14186,30187805
Ca_14187,30207836
Ca_14188,30231028
Ca_14191,30264611
Ca_14192,30295389
Ca_14193,30342179
Ca_14196,30397341
Ca_14197,30414974
Ca_14198,30460006
Ca_14200,30470940
Ca_14201,30481382
Ca_14203,30524786
Ca_14206,30575583
Ca_14207,30595131
Ca_14209,30613361
Ca_14210,30669423
Ca_14215,30947156
Ca_14216,30995963
Ca_14217,31029436
Ca_14219,31065486
Ca_14221,31103920
Ca_14223,31138669
Ca_14229,31256014
Ca_14230,31262741
Ca_14231,31299709
Ca_14232,31357946
Ca_15437,31550201
Ca_15443,31658022
Ca_15445,31723323
Ca_15447,31758234
Ca_15449,31843021
Ca_15452,31881904
Ca_15455,31936817
Ca_15456,31967372
Ca_15457,31980574
Ca_15462,32077738
Ca_15463,32128211
Ca_15464,32182871
Ca_15466,32204312
Ca_15467,32214466
Ca_15469,32248943
Ca_15470,32268868
Ca_15473,32302314
Ca_15475,32390542
Ca_15476,32418829
Ca_15479,32502865
Ca_15482,32542529
Ca_15483,32563367
Ca_15484,32603522
Ca_15485,32623790
Ca_15487,32646501
Ca_15490,32740922
Ca_15492,32780855
Ca_15493,32819348
Ca_15494,32836163
Ca_15495,32844657
Ca_15499,32992327
Ca_24017,33052135
Ca_24021,33307672
Ca_24022,33396569
Ca_24023,33428641
Ca_20373,33762447
Ca_20369,33828244
Ca_20366,33891271
Ca_20365,33917825
Ca_20364,34022577
Ca_20361,34111609
Ca_20357,34216825
Ca_20355,34309165
Ca_20354,34364660
Ca_20353,34395348
Ca_20351,34456738
Ca_20350,34477140
Ca_20346,34661191
Ca_19990,34781723
Ca_19993,34803423
Ca_19994,34818934
Ca_19995,34827943
Ca_19996,34854043
Ca_20002,35003909
Ca_20006,35063930
Ca_20008,35077376
Ca_20014,35211527
Ca_20015,35229254
Ca_20017,35296614
Ca_20018,35325580
Ca_20019,35363053
Ca_20021,35393104
Ca_20022,35416159
Ca_22439,35590420
Ca_22440,35599886
Ca_22442,35640294
Ca_22446,35681510
Ca_22448,35732226
Ca_22450,35757535
Ca_14854,36120289
Ca_14843,36273645
Ca_14836,36404757
Ca_14832,36454400
Ca_14830,36465063
Ca_14828,36488858
Ca_14827,36505593
Ca_14826,36519128
Ca_14821,36568096
Ca_14820,36578620
Ca_14819,36597753
Ca_14816,36640618
Ca_14815,36657410
Ca_14812,36682085
Ca_14810,36707401
Ca_14808,36753005
Ca_14806,36804616
Ca_14805,36830467
Ca_14804,36842592
Ca_14799,36918848
Ca_14798,36926307
Ca_14797,36951291
Ca_14796,36974778
Ca_14795,36982264
Ca_14793,37024103
Ca_14792,37060077
Ca_15153,37175471
Ca_15152,37188385
Ca_15151,37238299
Ca_15149,37259082
Ca_15147,37285847
Ca_15145,37302759
Ca_15144,37314076
Ca_15141,37347111
Ca_15140,37356794
Ca_15139,37367726
Ca_15138,37384969
Ca_15137,37398120
Ca_15133,37430035
Ca_15132,37438584
Ca_15130,37453161
Ca_15125,37546304
Ca_15124,37590074
Ca_15120,37615458
Ca_15117,37638872
Ca_15116,37649489
Ca_15114,37658225
Ca_15113,37683249
Ca_15112,37692822
Ca_15110,37704406
Ca_15109,37710675
Ca_15108,37718886
Ca_15107,37726357
Ca_15103,37765200
Ca_15102,37765912
Ca_15099,37780644
Ca_15096,37794797
Ca_15095,37803923
Ca_15094,37812050
Ca_15092,37834507
Ca_15089,37858050
Ca_15087,37906130
Ca_13148,37978768
Ca_13147,37996501
Ca_13144,38012876
Ca_13141,38035746
Ca_13140,38052951
Ca_13137,38155998
Ca_13136,38171539
Ca_13135,38179937
Ca_13134,38193458
Ca_13132,38212353
Ca_13131,38220320
Ca_13129,38253223
Ca_13128,38286583
Ca_13127,38295199
Ca_13126,38299988
Ca_13123,38308266
Ca_13122,38320192
Ca_13121,38340142
Ca_13120,38357136
Ca_13118,38388432
Ca_13116,38414709
Ca_13115,38419862
Ca_13114,38431210
Ca_13113,38448139
Ca_13111,38483786
Ca_13110,38500371
Ca_13109,38539112
Ca_13108,38548707
Ca_13106,38589710
Ca_13103,38621263
Ca_13100,38662077
Ca_13099,38672633
Ca_13098,38719930
Ca_13096,38770225
Ca_13094,38783310
Ca_13090,38839044
Ca_13088,38867589
Ca_13087,38887951
Ca_13085,38926236
Ca_13084,38947878
Ca_13082,38964826
Ca_13081,38975584
Ca_13079,39015221
Ca_13077,39040427
Ca_13076,39052473
Ca_13075,39056861
Ca_13074,39080662
Ca_13073,39102342
Ca_13071,39111573
Ca_13068,39150573
Ca_13067,39160348
Ca_13066,39164197
Ca_13064,39182824
Ca_13058,39312236
Ca_13057,39325255
Ca_13055,39375735
Ca_14929,39714914
Ca_14927,39779159
Ca_14926,39788361
Ca_14925,39796646
Ca_14923,39833201
Ca_14922,39839454
Ca_14918,39873842
Ca_14917,39932776
Ca_14916,39950985
Ca_14915,39954258
Ca_14911,40009833
Ca_14909,40069620
Ca_14905,40144505
Ca_14904,40153964
Ca_14903,40162936
Ca_14900,40194680
Ca_14898,40213669
Ca_14897,40218216
Ca_14896,40229772
Ca_14894,40259722
Ca_14893,40268017
Ca_14892,40313810
Ca_14891,40338227
Ca_14889,40345640
Ca_14886,40360371
Ca_14885,40368050
Ca_14884,40376459
Ca_14883,40387052
Ca_14882,40392652
Ca_14881,40399920
Ca_14879,40432543
Ca_14877,40476576
Ca_14875,40499378
Ca_14874,40509817
Ca_14870,40549153
Ca_14869,40566999
Ca_14868,40577937
Ca_14866,40596850
Ca_23909,40732007
Ca_23908,40738760
Ca_23905,40753663
Ca_23904,40766883
Ca_23903,40791946
Ca_23902,40800355
Ca_23901,40812941
Ca_23900,40816629
Ca_23897,40850025
Ca_11020,40890474
Ca_11015,40925569
Ca_11013,40948769
Ca_11010,40995269
Ca_11008,41021608
Ca_11007,41031300
Ca_11005,41046702
Ca_11004,41055016
Ca_11000,41078385
Ca_10999,41086211
Ca_10997,41114476
Ca_10994,41135183
Ca_10993,41167903
Ca_10992,41182947
Ca_10930,41914386
Ca_10889,42732991
Ca_10888,42758013
Ca_23679,43237360
Ca_23681,43279498
Ca_23684,43324553
Ca_23689,43438354
Ca_23691,43463233
Ca_23692,43476101
Ca_23693,43492864
Ca_09069,43918329
Ca_09076,43991555
Ca_09077,44011579
Ca_09078,44023515
Ca_09079,44050614
Ca_09081,44063799
Ca_09082,44089796
Ca_09083,44110997
Ca_09088,44159544
Ca_09089,44165744
Ca_09092,44182852
Ca_09094,44190125
Ca_09097,44236303
Ca_09099,44249344
Ca_09104,44315494
Ca_09106,44357796
Ca_09109,44385095
Ca_09110,44393274
Ca_09111,44402481
Ca_09112,44410238
Ca_09114,44430294
Ca_09116,44446255
Ca_09119,44468301
Ca_09125,44534053
Ca_09126,44558219
Ca_09131,44590176
Ca_09132,44619914
Ca_09135,44633664
Ca_09142,44731417
Ca_09143,44752162
Ca_09145,44790980
Ca_09150,44858051
Ca_09151,44866798
Ca_09154,44909560
Ca_09155,44918196
Ca_09156,44940503
Ca_09159,44952990
Ca_09160,44966055
Ca_09162,44988690
Ca_09163,44994763
Ca_09166,45033444
Ca_09168,45069934
Ca_09169,45081537
Ca_09172,45116922
Ca_09173,45121211
Ca_09177,45139123
Ca_09179,45156083
Ca_09181,45188971
Ca_09182,45200579
Ca_09183,45206210
Ca_09189,45252351
Ca_09190,45264154
Ca_09191,45274952
Ca_09193,45300023
Ca_09197,45323924
Ca_09198,45335299
Ca_09199,45342541
Ca_09201,45373127
Ca_09202,45415634
Ca_09217,45607092
Ca_09220,45637282
Ca_18388,45726503
Ca_18380,45807648
Ca_18352,46209586
Ca_18350,46225750
Ca_19271,46429607
Ca_19248,46696749
Ca_19246,46712847
Ca_19243,46738847
Ca_19241,46767203
Ca_10862,47189676
Ca_10860,47214416
Ca_10859,47222465
Ca_10856,47247041
Ca_10854,47272556
Ca_10852,47294418
Ca_10818,47709442
Ca_10816,47782269
Ca_10800,47903160
Ca_10777,48100836
Ca_10776,48111101
Ca_10767,48200196
Ca_10765,48232850
Ca_10764,48236170
Ca_10761,48255674
Ca_10760,48267284
Ca_10757,48304965
Ca_10755,48319743
Ca_10753,48329992
Ca_10752,48344199
Ca_10746,48463924
Ca_10741,48499997
Ca_10740,48517168
Ca_23011,48591278
Ca_23019,48686339
Ca_23020,48702103
Ca_23022,48719545
Ca_23024,48786357
Ca_20770,48998284
Ca_20775,49050076
Ca_22945,43053
Ca_22941,80235
Ca_19425,1173190
Ca_19420,1305472
Ca_19409,1624649
Ca_22156,2913935
Ca_22161,2974850
Ca_22164,3015967
Ca_24560,3205051
Ca_24549,3463826
Ca_21340,3737784
Ca_21332,3897901
Ca_21327,3952792
Ca_22386,4119401
Ca_22076,4472748
Ca_23878,5068848
Ca_20660,5415982
Ca_24830,6275147
Ca_25770,6701882
Ca_16542,6963270
Ca_16537,7149483
Ca_16530,7306339
Ca_16510,7664065
Ca_16504,7745671
Ca_23713,8668698
Ca_23714,8687632
Ca_23719,8743580
Ca_23723,8789252
Ca_23726,8820490
Ca_23727,8855388
Ca_25285,9037918
Ca_25286,9054296
Ca_20963,9321853
Ca_20968,9392061
Ca_18793,9682475
Ca_18810,10111821
Ca_18829,10696747
Ca_18833,10740325
Ca_19358,10859806
Ca_19372,11247636
Ca_19392,11800498
Ca_22242,12133281
Ca_22239,12224434
Ca_22237,12275168
Ca_21033,12356000
Ca_21011,12944263
Ca_22700,13546136
Ca_25327,13862515
Ca_23296,14022456
Ca_23297,14028401
Ca_23300,14049404
Ca_23302,14066614
Ca_23304,14081064
Ca_23308,14170714
Ca_23309,14176179
Ca_23310,14219083
Ca_17044,15670925
Ca_17049,15757129
Ca_17062,16030009
Ca_17065,16091888
Ca_18268,16492766
Ca_18278,16682778
Ca_18295,16980988
Ca_24619,17199138
Ca_23329,17647477
Ca_19612,18214027
Ca_19613,18262310
Ca_19614,18286999
Ca_19619,18346446
Ca_19620,18355079
Ca_19621,18371441
Ca_19623,18376294
Ca_19627,18388998
Ca_19628,18439931
Ca_19629,18466945
Ca_19631,18497412
Ca_19638,18642486
Ca_19644,18739023
Ca_19335,19350387
Ca_19346,19488536
Ca_19355,19743364
Ca_09383,19797060
Ca_09384,19818020
Ca_09385,19823111
Ca_09388,19854286
Ca_09392,19883814
Ca_09394,19903945
Ca_09395,19922401
Ca_09398,19951919
Ca_09402,20000189
Ca_09403,20006934
Ca_09404,20010350
Ca_09407,20036107
Ca_09412,20072333
Ca_09413,20089388
Ca_09417,20102451
Ca_09418,20132214
Ca_09435,20418594
Ca_09446,20552049
Ca_09448,20637673
Ca_09451,20686896
Ca_09463,20912504
Ca_09484,21218454
Ca_09517,21640963
Ca_09521,21673438
Ca_20415,22109026
Ca_06229,22821558
Ca_06182,23410805
Ca_06181,23440857
Ca_06178,23459831
Ca_06176,23481846
Ca_06175,23491030
Ca_06174,23509285
Ca_06173,23534871
Ca_06160,23681379
Ca_06157,23705840
Ca_06119,24024324
Ca_06104,24141942
Ca_06076,24415918
Ca_06060,24545294
Ca_06033,24958447
Ca_06012,25167605
Ca_05989,25447648
Ca_05976,25586866
Ca_23884,25718891
Ca_08223,26830225
Ca_08222,26844188
Ca_08220,26879612
Ca_08218,26888197
Ca_08191,27132346
Ca_08132,27738156
Ca_08120,27885770
Ca_08103,28079609
Ca_08101,28092585
Ca_07143,28276869
Ca_07157,28442039
Ca_07159,28478000
Ca_07170,28612423
Ca_07218,29134236
Ca_07256,29508214
Ca_07258,29529855
Ca_07266,29610226
Ca_07271,29668280
Ca_07273,29675922
Ca_07274,29689873
Ca_07276,29706469
Ca_07278,29719100
Ca_07281,29736597
Ca_07282,29743801
Ca_07289,29805588
Ca_07292,29842383
Ca_07294,29863565
Ca_07295,29868549
Ca_07296,29877323
Ca_07297,29881096
Ca_07298,29887186
Ca_07303,29916672
Ca_07304,29930089
Ca_07305,29944640
Ca_07306,29958726
Ca_07309,29982012
Ca_07313,30002652
Ca_07319,30034415
Ca_07320,30049055
Ca_07323,30084847
Ca_07336,30194489
Ca_07344,30299786
Ca_07366,30466224
Ca_12184,30868014
Ca_12202,31037689
Ca_12226,31295436
Ca_12229,31306211
Ca_12230,31312876
Ca_12232,31321562
Ca_12233,31330603
Ca_12234,31341183
Ca_12235,31354040
Ca_12236,31357502
Ca_12240,31428153
Ca_12244,31453768
Ca_12246,31477599
Ca_12247,31484587
Ca_12248,31495817
Ca_12249,31500822
Ca_12250,31515106
Ca_12252,31528736
Ca_12253,31536148
Ca_12255,31566898
Ca_12256,31580455
Ca_12260,31606190
Ca_12261,31617553
Ca_12262,31628814
Ca_12272,31695801
Ca_12289,31845912
Ca_12295,31944267
Ca_11960,32365020
Ca_11983,32569880
Ca_11997,32679971
Ca_12050,33139306
Ca_23664,33620450
Ca_20874,33746126
Ca_20878,33805211
Ca_20883,33892695
Ca_00702,34247215
Ca_00720,34423837
Ca_00741,34668089
Ca_00821,35396682
Ca_00828,35459417
Ca_00834,35518434
Ca_00838,35558331
Ca_00862,35747629
Ca_00873,35840720
Ca_00875,35852562
Ca_00890,35956024
Ca_00892,35969472
Ca_00893,35982901
Ca_00896,36001080
Ca_00898,36011525
Ca_00900,36017911
Ca_00901,36022491
Ca_00903,36046693
Ca_00904,36057071
Ca_00907,36084346
Ca_00909,36110233
Ca_00911,36117464
Ca_00912,36130826
Ca_00913,36136132
Ca_00914,36143132
Ca_00925,36206148
Ca_00926,36211755
Ca_00928,36221974
Ca_00931,36237377
Ca_00934,36253092
Ca_00935,36256326
Ca_00936,36258712
Ca_00938,36275829
Ca_00939,36292079
Ca_00944,36357177
Ca_00945,36365284
Ca_00947,36386870
Ca_00954,36411047
Ca_00959,36441272
Ca_00961,36450793
Ca_00967,36501022
Ca_00994,36693210
Ca_00999,36767352
Ca_01001,36780484
Ca_01002,36790711
Ca_01003,36797313
Ca_01004,36809882
Ca_01005,36816553
Ca_01006,36819487
Ca_01014,36880754
Ca_01015,36886580
Ca_01017,36912634
Ca_01023,36964042
Ca_01026,36978778
Ca_01029,37002379
Ca_01030,37019455
Ca_01031,37030882
Ca_01034,37070262
Ca_01036,37094171
Ca_01037,37108142
Ca_01043,37138306
Ca_01045,37152338
Ca_01047,37160583
Ca_01048,37166498
Ca_01049,37177918
Ca_01064,37300282
Ca_01091,37555101
Ca_01133,37947845
Ca_01137,37975521
Ca_01145,38036211
Ca_01146,38041565
Ca_01147,38046299
Ca_01149,38059357
Ca_01151,38075170
Ca_01152,38081152
Ca_01153,38084827
Ca_01156,38116924
Ca_01158,38143568
Ca_01159,38150784
Ca_01160,38156253
Ca_01161,38174716
Ca_01164,38209039
Ca_01170,38243971
Ca_01219,38634977
Ca_01298,39344383
Ca_01355,39719747
Ca_01368,39816299
Ca_01377,39922186
Ca_01380,39961440
Ca_16974,219696
Ca_16988,481424
Ca_16998,685371
Ca_20679,1243836
Ca_12625,1628472
Ca_12618,1692168
Ca_12591,1916063
Ca_12548,2296403
Ca_12538,2414410
Ca_10592,2545768
Ca_10590,2559252
Ca_10587,2617378
Ca_10579,2654356
Ca_10572,2710151
Ca_10570,2728686
Ca_10567,2761198
Ca_10566,2766592
Ca_10565,2774677
Ca_10562,2787767
Ca_10561,2805416
Ca_10560,2828464
Ca_10559,2843276
Ca_10558,2860039
Ca_10557,2872888
Ca_10544,3007968
Ca_10543,3040373
Ca_10542,3052571
Ca_10540,3099756
Ca_10532,3148790
Ca_10531,3160708
Ca_10529,3179104
Ca_10528,3182733
Ca_10527,3202091
Ca_10513,3462301
Ca_10508,3509229
Ca_10505,3533661
Ca_10504,3580821
Ca_10502,3606809
Ca_10497,3660241
Ca_10488,3737810
Ca_10487,3742547
Ca_10484,3761283
Ca_10483,3772258
Ca_10480,3801981
Ca_10479,3804916
Ca_10478,3819369
Ca_14713,4980297
Ca_14678,5293629
Ca_14642,5726386
Ca_19683,5786585
Ca_19684,5793159
Ca_19710,6088688
Ca_20938,6419829
Ca_19161,6709567
Ca_19144,6891687
Ca_18123,7699491
Ca_18124,7714232
Ca_18125,7751062
Ca_18126,7756006
Ca_18127,7799818
Ca_18130,7830787
Ca_18138,7897134
Ca_18142,7925359
Ca_18143,7930181
Ca_18144,7937200
Ca_18148,7998291
Ca_18151,8088780
Ca_18154,8170671
Ca_20032,9290601
Ca_20391,9946296
Ca_20381,10043598
Ca_17596,10263973
Ca_17571,10636778
Ca_17564,10760821
Ca_18789,11440476
Ca_18759,12075952
Ca_18753,12122519
Ca_18749,12194248
Ca_18081,12581745
Ca_11687,13061821
Ca_18570,15162305
Ca_18561,15328443
Ca_22048,16690334
Ca_16015,17138165
Ca_16010,17282403
Ca_16006,17423470
Ca_16000,17550502
Ca_15976,18361468
Ca_25224,19308865
Ca_24536,19594976
Ca_24543,20041718
Ca_25921,20556479
Ca_23767,20898620
Ca_23064,22017474
Ca_15010,22106159
Ca_14982,22909674
Ca_14965,23302983
Ca_14303,25921124
Ca_15687,27900325
Ca_14371,28381789
Ca_14361,28627897
Ca_14357,28746997
Ca_14345,28931116
Ca_14341,28959260
Ca_14322,29166095
Ca_16110,29778244
Ca_16109,29796949
Ca_12526,30229011
Ca_12519,30335110
Ca_12517,30353396
Ca_12515,30365528
Ca_12513,30376427
Ca_12512,30387737
Ca_12505,30453254
Ca_12503,30466581
Ca_12502,30479427
Ca_12498,30530353
Ca_12496,30541822
Ca_12495,30567367
Ca_12493,30578328
Ca_12492,30590212
Ca_12490,30620024
Ca_12489,30664078
Ca_12487,30696707
Ca_12486,30706305
Ca_12485,30711185
Ca_12483,30739893
Ca_12478,30800039
Ca_12474,30866411
Ca_12473,30870797
Ca_12472,30891256
Ca_12470,30902774
Ca_12469,30944477
Ca_12468,30960107
Ca_12461,31030073
Ca_12459,31050898
Ca_12458,31065549
Ca_12456,31077686
Ca_12455,31083508
Ca_12454,31087627
Ca_12453,31092019
Ca_12452,31101119
Ca_12448,31144969
Ca_12447,31154133
Ca_12446,31166403
Ca_12443,31204366
Ca_12442,31213230
Ca_12439,31243824
Ca_12437,31250719
Ca_12431,31318338
Ca_12426,31356362
Ca_12425,31369695
Ca_12422,31386294
Ca_12419,31426220
Ca_12418,31453903
Ca_17852,31634792
Ca_17850,31659905
Ca_17849,31664990
Ca_17840,31792794
Ca_17839,31811845
Ca_17838,31819025
Ca_17836,31827473
Ca_17835,31833508
Ca_17833,31848007
Ca_17827,31904559
Ca_17826,31907298
Ca_17825,31916719
Ca_17823,31939828
Ca_17819,32013744
Ca_17817,32049395
Ca_17815,32066670
Ca_17814,32071057
Ca_17808,32139718
Ca_17807,32156590
Ca_10290,32251338
Ca_10287,32279860
Ca_10279,32407483
Ca_10278,32415093
Ca_10277,32421164
Ca_10275,32433051
Ca_10272,32482179
Ca_10271,32498873
Ca_10268,32544020
Ca_10258,32639593
Ca_10257,32641982
Ca_10197,33297823
Ca_10182,33493076
Ca_10179,33555612
Ca_10175,33603868
Ca_10174,33631218
Ca_10172,33657812
Ca_15226,34031582
Ca_15238,34143909
Ca_15260,34319877
Ca_15261,34331591
Ca_15263,34347046
Ca_15276,34475059
Ca_15277,34478380
Ca_15291,34638013
Ca_15293,34651699
Ca_15294,34670907
Ca_16898,34716541
Ca_16866,35065961
Ca_16865,35071179
Ca_16864,35079086
Ca_16863,35084522
Ca_16854,35137490
Ca_16853,35144379
Ca_16852,35154510
Ca_16851,35155761
Ca_16845,35194181
Ca_16844,35209012
Ca_09692,35350779
Ca_09693,35362721
Ca_09696,35381751
Ca_09697,35400528
Ca_09701,35419836
Ca_09703,35432053
Ca_09704,35442408
Ca_09705,35445913
Ca_09708,35473730
Ca_09709,35478815
Ca_09710,35489371
Ca_09711,35494393
Ca_09714,35509382
Ca_09725,35574848
Ca_09728,35593439
Ca_09729,35600626
Ca_09730,35605554
Ca_09731,35610154
Ca_09732,35615257
Ca_09734,35639478
Ca_09735,35657485
Ca_09739,35681534
Ca_09740,35701258
Ca_09743,35718834
Ca_09744,35726987
Ca_09747,35749215
Ca_09749,35756414
Ca_09751,35764578
Ca_09754,35793739
Ca_09755,35799662
Ca_09761,35847928
Ca_09762,35858775
Ca_09765,35900476
Ca_09766,35910314
Ca_09767,35915371
Ca_09773,35988041
Ca_09776,36011176
Ca_09777,36021257
Ca_09780,36039276
Ca_09781,36043355
Ca_09783,36057256
Ca_09785,36073761
Ca_09792,36127180
Ca_09815,36298647
Ca_09841,36522677
Ca_00008,108634
Ca_00027,273608
Ca_00030,302348
Ca_00032,314233
Ca_00033,329931
Ca_00037,356744
Ca_00039,378012
Ca_00040,388921
Ca_00042,400990
Ca_00043,405179
Ca_00046,420151
Ca_00048,426492
Ca_00050,438351
Ca_00051,445935
Ca_00053,456636
Ca_00069,613802
Ca_00089,734388
Ca_00091,745855
Ca_00094,755160
Ca_00095,768361
Ca_00096,777108
Ca_00099,808100
Ca_00103,841675
Ca_00108,879939
Ca_00110,885761
Ca_00115,909614
Ca_00117,932832
Ca_00119,954014
Ca_00120,966044
Ca_00121,984200
Ca_00127,1007553
Ca_00128,1029424
Ca_00130,1063055
Ca_00131,1067381
Ca_00133,1077625
Ca_00134,1081619
Ca_00135,1089332
Ca_00137,1106938
Ca_00139,1117898
Ca_00140,1126600
Ca_00145,1162033
Ca_00146,1170413
Ca_00148,1197385
Ca_00151,1224856
Ca_00152,1229879
Ca_00154,1251388
Ca_00158,1279487
Ca_00159,1287843
Ca_00160,1295514
Ca_00161,1298533
Ca_00168,1343747
Ca_00170,1357309
Ca_00171,1401464
Ca_00174,1427991
Ca_00177,1449524
Ca_00178,1455068
Ca_00180,1466885
Ca_00183,1495589
Ca_00184,1505239
Ca_00185,1526738
Ca_00186,1533209
Ca_00187,1542370
Ca_00188,1551850
Ca_00189,1558496
Ca_00190,1562783
Ca_00191,1567322
Ca_00195,1592472
Ca_00200,1625456
Ca_00201,1642362
Ca_00203,1650014
Ca_00204,1660536
Ca_00207,1670296
Ca_00208,1675656
Ca_00210,1680388
Ca_00213,1699578
Ca_00214,1713109
Ca_00215,1721505
Ca_00218,1738772
Ca_00219,1742975
Ca_00220,1751386
Ca_00221,1759565
Ca_00223,1769440
Ca_00224,1781026
Ca_00228,1801332
Ca_00229,1811976
Ca_00231,1831451
Ca_00235,1865582
Ca_00239,1908444
Ca_00242,1941233
Ca_00243,1947054
Ca_00246,1972074
Ca_00247,1977990
Ca_00256,2025401
Ca_00260,2050227
Ca_00265,2079616
Ca_00266,2092119
Ca_00267,2102438
Ca_00268,2123784
Ca_00271,2158228
Ca_00272,2169981
Ca_00274,2179258
Ca_00275,2191769
Ca_00278,2218758
Ca_00279,2232528
Ca_00280,2240528
Ca_00284,2267751
Ca_00285,2272258
Ca_00287,2286712
Ca_00290,2312569
Ca_00291,2320531
Ca_00293,2330639
Ca_00294,2334143
Ca_00295,2346125
Ca_00301,2369759
Ca_00303,2377385
Ca_00304,2387764
Ca_00305,2396615
Ca_00306,2400724
Ca_00307,2419900
Ca_00309,2440213
Ca_00310,2449164
Ca_00311,2457087
Ca_00313,2478050
Ca_00314,2510194
Ca_00315,2521559
Ca_00317,2542242
Ca_00318,2556000
Ca_00319,2570968
Ca_00321,2607169
Ca_00326,2649601
Ca_00333,2708442
Ca_00334,2713755
Ca_00337,2735621
Ca_00343,2792324
Ca_00345,2806713
Ca_00346,2817540
Ca_00347,2832858
Ca_00348,2861596
Ca_00350,2875725
Ca_00351,2879355
Ca_00354,2896703
Ca_00356,2908378
Ca_00357,2916326
Ca_00358,2933217
Ca_00360,2952561
Ca_00361,2972111
Ca_00363,2988501
Ca_00364,2994632
Ca_00373,3056010
Ca_00378,3091267
Ca_00380,3105089
Ca_00382,3121080
Ca_00386,3151415
Ca_00401,3307627
Ca_00480,3952570
Ca_00505,4244312
Ca_00507,4252896
Ca_00524,4388523
Ca_00533,4479342
Ca_00537,4523015
Ca_00561,4767537
Ca_00563,4790454
Ca_00603,5129020
Ca_00623,5362762
Ca_00624,5377458
Ca_00627,5400713
Ca_00628,5430665
Ca_00630,5445601
Ca_00634,5485743
Ca_00637,5519699
Ca_00648,5619286
Ca_00649,5628160
Ca_00653,5641390
Ca_00654,5644723
Ca_00655,5650796
Ca_00665,5728002
Ca_00666,5730665
Ca_00668,5759880
Ca_00683,5959772
Ca_00698,6130235
Ca_00699,6142831
Ca_00700,6150887
Ca_00701,6160952
Ca_07889,6286513
Ca_07892,6314978
Ca_07893,6328983
Ca_07895,6345286
Ca_07896,6349514
Ca_07897,6353864
Ca_07898,6361883
Ca_07901,6386679
Ca_07902,6390706
Ca_07903,6396328
Ca_07905,6413897
Ca_07906,6426862
Ca_07908,6440030
Ca_07909,6453209
Ca_07910,6468270
Ca_07911,6479886
Ca_07912,6507159
Ca_07913,6508427
Ca_07921,6563033
Ca_07990,7329857
Ca_07999,7462449
Ca_08000,7476202
Ca_08001,7484627
Ca_08002,7488380
Ca_08003,7498049
Ca_08004,7505982
Ca_08006,7514297
Ca_08007,7525781
Ca_08010,7560667
Ca_08012,7567538
Ca_08014,7597725
Ca_08018,7647362
Ca_08019,7650733
Ca_08020,7664556
Ca_08021,7688775
Ca_08022,7697361
Ca_08023,7708762
Ca_08027,7751113
Ca_08029,7769893
Ca_08030,7778938
Ca_08033,7819048
Ca_08034,7845931
Ca_08038,7895895
Ca_08039,7905297
Ca_08040,7910785
Ca_08041,7916260
Ca_08044,7941893
Ca_08045,7949592
Ca_08046,7968910
Ca_08048,7978579
Ca_08049,7989998
Ca_08050,8010121
Ca_08052,8045751
Ca_08055,8074774
Ca_08057,8107792
Ca_08059,8127728
Ca_08060,8133385
Ca_08061,8137567
Ca_08065,8175932
Ca_02939,8717141
Ca_02937,8732744
Ca_02935,8741765
Ca_02933,8763791
Ca_02932,8775708
Ca_02931,8783609
Ca_02928,8803474
Ca_02925,8828216
Ca_02923,8853956
Ca_02922,8860994
Ca_02921,8870515
Ca_02920,8878804
Ca_02915,8899954
Ca_02912,8915768
Ca_02909,8942093
Ca_02904,8968723
Ca_02902,8993528
Ca_02900,9007487
Ca_02899,9016892
Ca_02898,9024577
Ca_02896,9032121
Ca_02895,9039329
Ca_02891,9058208
Ca_02888,9083387
Ca_02886,9099706
Ca_02885,9104536
Ca_02883,9115259
Ca_02880,9159729
Ca_02878,9185772
Ca_02869,9250663
Ca_02867,9263498
Ca_02866,9295123
Ca_02865,9317575
Ca_02862,9369334
Ca_02861,9373131
Ca_02860,9379802
Ca_02858,9387359
Ca_02857,9390119
Ca_02853,9432073
Ca_02842,9551764
Ca_02804,9860169
Ca_02792,9931006
Ca_02728,10464279
Ca_02659,11010402
Ca_02646,11119412
Ca_02642,11162411
Ca_02639,11185291
Ca_02634,11219682
Ca_02632,11225663
Ca_02631,11241633
Ca_02629,11267215
Ca_02628,11269814
Ca_02627,11273123
Ca_02626,11276740
Ca_02625,11284269
Ca_02624,11289434
Ca_02621,11327287
Ca_02620,11336495
Ca_02619,11339998
Ca_02618,11349106
Ca_02617,11359999
Ca_02616,11372837
Ca_02615,11385433
Ca_02611,11402967
Ca_02610,11411359
Ca_02607,11444621
Ca_02606,11457889
Ca_02604,11477792
Ca_02589,11582116
Ca_02587,11592994
Ca_02586,11596886
Ca_02585,11638971
Ca_02583,11668932
Ca_02581,11692195
Ca_02562,11898201
Ca_02539,12168544
Ca_02511,12392768
Ca_02509,12412729
Ca_02500,12512187
Ca_02448,12975293
Ca_14080,13189820
Ca_14090,13280022
Ca_14118,13512160
Ca_14119,13535111
Ca_14129,13634855
Ca_14134,13684753
Ca_14135,13698896
Ca_07119,14140064
Ca_07074,14598510
Ca_07073,14611481
Ca_07065,14664970
Ca_07044,14884069
Ca_07039,14930159
Ca_06993,15444207
Ca_06974,15727768
Ca_06966,15807570
Ca_06957,15961810
Ca_06956,15963878
Ca_06941,16100875
Ca_06940,16108998
Ca_06937,16184624
Ca_22785,17353494
Ca_14789,17437110
Ca_14784,17490446
Ca_14763,17734776
Ca_14758,17799302
Ca_14755,17860262
Ca_14739,18025684
Ca_14725,18172428
Ca_14724,18176896
Ca_14723,18197040
Ca_14720,18251354
Ca_14718,18273526
Ca_14717,18288048
Ca_24217,18375189
Ca_24224,18469529
Ca_24228,18496684
Ca_17369,18901964
Ca_17345,19318422
Ca_08866,19564691
Ca_08864,19589234
Ca_08863,19591916
Ca_08862,19601008
Ca_08858,19787281
Ca_08855,19802144
Ca_08846,19932824
Ca_22115,21771407
Ca_22101,21996386
Ca_22099,22025284
Ca_20639,22111934
Ca_20614,22719654
Ca_22351,23039679
Ca_22366,23396800
Ca_19306,23629039
Ca_19300,23732147
Ca_19298,23828208
Ca_19285,24193925
Ca_18331,24762031
Ca_18328,24807099
Ca_18299,25346006
Ca_18581,25735679
Ca_18586,25862490
Ca_18594,26093183
Ca_18599,26257291
Ca_20289,26855750
Ca_20291,26889433
Ca_20294,26945899
Ca_20296,26971044
Ca_20299,27012752
Ca_20300,27028414
Ca_20303,27069397
Ca_26748,27194800
Ca_18514,28391934
Ca_18506,28472118
Ca_18502,28633478
Ca_18501,28651247
Ca_18486,28907517
Ca_22575,29086879
Ca_22568,29195300
Ca_22565,29293120
Ca_24387,29774894
Ca_22471,30073491
Ca_22469,30174162
Ca_25831,30840614
Ca_25830,30931564
Ca_21847,31220339
Ca_21855,31367533
Ca_21859,31411520
Ca_21862,31492921
Ca_21864,31510950
Ca_26126,32187872
Ca_26127,32211211
Ca_26128,32271123
Ca_26129,32278738
Ca_26130,32287274
Ca_26792,32324772
Ca_26793,32349810
Ca_26795,32417505
Ca_19439,33105418
Ca_19445,33460254
Ca_19448,33558774
Ca_19453,33661152
Ca_25472,34137679
Ca_25474,34223940
Ca_25476,34276353
Ca_25479,34321358
Ca_21426,34575705
Ca_21419,34721706
Ca_21418,34748842
Ca_21417,34764575
Ca_21411,34866554
Ca_21404,35112175
Ca_21403,35173617
Ca_26098,35242663
Ca_26101,35319776
Ca_24106,35510488
Ca_24113,35786907
Ca_24116,35836944
Ca_21689,36438841
Ca_21695,36528537
Ca_21823,36956934
Ca_21832,37196486
Ca_23527,37570694
Ca_23528,37607674
Ca_23530,37637899
Ca_23534,37721954
Ca_23537,37795315
Ca_23539,37862256
Ca_27444,38047641
Ca_13976,38117299
Ca_13975,38185077
Ca_13974,38193876
Ca_13968,38280334
Ca_13967,38335450
Ca_13966,38345393
Ca_13964,38431941
Ca_13963,38441415
Ca_13960,38510037
Ca_13958,38555341
Ca_13957,38560329
Ca_13954,38738333
Ca_13949,38880506
Ca_13946,39013691
Ca_13945,39092588
Ca_13937,39275837
Ca_13931,39433332
Ca_13930,39451178
Ca_13925,39578121
Ca_13913,39748291
Ca_13912,39757316
Ca_13909,39843337
Ca_13904,40028104
Ca_13903,40062316
Ca_13902,40089566
Ca_13894,40313615
Ca_13893,40335262
Ca_18449,40615998
Ca_18450,40621230
Ca_18452,40645740
Ca_18469,41008672
Ca_18471,41019243
Ca_23118,41436615
Ca_22679,42189884
Ca_22663,42426592
Ca_13581,43233263
Ca_13575,43425936
Ca_13545,43824166
Ca_13544,43839194
Ca_13541,43893614
Ca_13532,44015801
Ca_23502,44527076
Ca_25719,45086778
Ca_24433,45410595
Ca_21537,46119137
Ca_21548,46455056
Ca_25114,46778075
Ca_25115,46788308
Ca_12905,47523618
Ca_12901,47697995
Ca_12859,48218962
