№ каталога ВИР,Дата посева,Посев-начало всходов (дней),Начало всходов-начало цветения (дней),Начало всходов-конец цветения (дней),Начало цветения-конец цветения (дней),Начало цветения- начало созревания (дней),Начало всходов- начало созревания (дней),Начало всходов- полное созревание (дней),Начало созревания-полное созревание (дней),Цветок - окраска,Стебель окраска,Форма куста,Размер листочка,Цветоножка (окраска),Аскохитоз (поражение) 2017,Стебель- ветвистость (балл),Стебель  длина ветвей 1-го порядка,Стебель - характер ветвления (ветви 1-го порядка),Стебель - характер ветвления (ветви 2-го порядка),Осыпаемость бобов,Растрескиваемость бобов,Ptht 1,Ptht 2,Ptht 3,Ptht 4,Ptht 5,Hlp 1,Hlp 2,Hlp 3,Hlp 4,Hlp 5,Byld 1,Byld 2,Byld 3,Byld 4,Byld 5,WpWp 1,WpWp 2,WpWp 3,WpWp 4,WpWp 5,PPP 1,PPP 2,PPP 3,PPP 4,PPP 5,SPP 1,SPP 2,SPP 3,SPP 4,SPP 5,SYDS 1,SYDS 2,SYDS 3,SYDS 4,SYDS 5,PodSH,PDL 1,PDL 2,PDL 3,PDL 4,PDL 5,PDW 1,PDW 2,PDW 3,PDW 4,PDW 5,SSH,SCO,TSW,SNP ID
347,2017-05-02,7,30,48,18,39,69,79,10,2,3,3,5,3,3,9,5,1,5,2,2,50.0,60.0,55.0,60.0,56.0,12.0,19.0,29.0,31.0,29.0,61.5,102.2,29.7,55.1,79.6,17.4,35.4,4.7,22.9,33.9,117.0,146.0,57.0,68.0,111.0,152.0,115.0,65.0,63.0,102.0,22.0,28.6,16.5,17.0,26.1,7,25.0,24.0,25.0,25.0,22.0,11.0,10.0,11.0,13.0,10.0,3,11,230.0,VT0005_0347
351,2017-05-02,7,40,60,20,34,74,90,16,2,3,3,5,3,5,9,5,1,5,2,2,65.0,50.0,56.0,56.0,51.0,20.0,19.0,21.0,14.0,21.0,54.7,41.7,119.4,159.6,64.0,44.2,10.4,31.9,68.0,16.6,81.0,78.0,236.0,224.0,132.0,71.0,75.0,197.0,173.0,116.0,9.5,14.8,37.6,38.1,26.3,7,27.0,27.0,25.0,26.0,25.0,15.0,12.0,13.0,13.0,11.0,5,11,240.0,VT0010_0351
353,2017-05-02,9,35,56,21,34,69,78,9,2,5,1,5,7,3,9,5,1,7,1,1,56.0,51.0,49.0,50.0,50.0,17.0,26.0,20.0,13.0,17.0,80.3,30.5,56.4,71.2,52.7,18.9,8.3,22.0,30.3,24.6,112.0,46.0,86.0,108.0,67.0,177.0,67.0,113.0,141.0,85.0,44.4,14.9,22.7,29.2,18.5,7,25.0,24.0,22.0,20.0,23.0,11.0,10.0,12.0,10.0,10.0,3,11,285.0,VT0012_0353
354,2017-05-02,9,35,55,20,34,69,88,19,3,5,3,5,7,3,9,5,1,5,1,1,45.0,50.0,53.0,52.0,50.0,13.0,12.0,25.0,21.0,21.0,41.8,75.5,21.2,40.2,42.7,8.5,29.5,8.4,8.9,10.6,88.0,137.0,29.0,96.0,81.0,126.0,144.0,53.0,126.0,121.0,23.2,27.1,9.5,21.7,23.4,7,20.0,20.0,21.0,20.0,20.0,10.0,11.0,10.0,9.0,10.0,3,10,200.0,VT0013_0354
362,2017-05-02,7,33,51,18,36,69,77,8,1,3,5,7,3,3,7,5,1,5,2,2,60.0,52.0,55.0,62.0,56.0,21.0,15.0,22.0,29.0,22.0,67.2,85.5,53.1,72.7,64.3,15.5,40.2,15.0,19.3,20.0,90.0,68.0,68.0,100.0,68.0,88.0,75.0,69.0,110.0,82.0,27.4,22.6,21.4,33.6,25.5,5,29.0,27.0,31.0,30.0,28.0,13.0,13.0,14.0,14.0,13.0,3,1,360.0,VT0019_0362
364,2017-05-02,7,35,52,17,34,69,78,9,2,3,3,5,3,5,7,5,1,5,1,2,58.0,53.0,45.0,42.0,50.0,25.0,12.0,14.0,21.0,23.0,72.1,107.7,36.9,53.4,49.4,16.8,39.5,16.3,18.4,12.1,147.0,152.0,56.0,83.0,93.0,200.0,225.0,66.0,124.0,126.0,40.0,44.1,13.4,25.2,24.1,7,25.0,25.0,24.0,24.0,25.0,11.0,12.0,11.0,10.0,11.0,3,11,215.0,VT0020_0364
590,2017-05-02,7,42,55,13,31,73,87,14,1,3,3,7,3,1,9,5,1,5,1,2,65.0,60.0,60.0,58.0,60.0,25.0,18.0,20.0,14.0,17.0,110.7,53.5,131.8,162.1,308.2,47.7,19.7,51.5,72.3,136.5,107.0,72.0,112.0,147.0,273.0,107.0,75.0,150.0,154.0,274.0,33.6,20.5,44.2,53.7,90.4,5,29.0,25.0,30.0,27.0,27.0,12.0,12.0,14.0,12.0,10.0,3,1,415.0,VT0022_0590
599,2017-05-02,7,31,47,16,39,70,77,7,1,3,1,7,3,5,9,7,1,7,2,2,70.0,60.0,63.0,62.0,60.0,27.0,32.0,27.0,33.0,30.0,24.4,26.1,43.0,44.2,38.4,10.5,6.8,13.5,10.8,14.9,45.0,32.0,50.0,57.0,45.0,61.0,38.0,59.0,71.0,45.0,15.8,11.1,18.3,20.9,14.5,5,30.0,30.0,29.0,30.0,25.0,15.0,14.0,14.0,13.0,12.0,5,1,300.0,VT0028_0599
611,2017-05-02,7,36,53,17,34,70,76,6,2,3,1,3,3,5,7,7,1,7,2,2,55.0,60.0,43.0,55.0,50.0,22.0,24.0,23.0,23.0,24.0,56.3,29.4,29.9,50.1,38.5,21.2,6.5,11.7,14.5,7.5,73.0,56.0,38.0,72.0,75.0,111.0,102.0,54.0,103.0,105.0,25.4,19.6,11.1,23.0,19.7,7,22.0,24.0,21.0,24.0,21.0,10.0,12.0,9.0,11.0,10.0,3,11,255.0,VT0038_0611
793,2017-05-02,7,40,55,15,33,73,92,19,3,3,5,5,3,3,7,7,7,7,1,2,50.0,55.0,52.0,40.0,52.0,21.0,25.0,25.0,23.0,29.0,33.8,46.7,33.7,27.3,20.0,13.2,17.3,8.0,12.6,8.6,52.0,68.0,79.0,49.0,29.0,67.0,79.0,110.0,71.0,39.0,12.8,17.1,22.0,11.4,8.2,7,24.0,24.0,27.0,24.0,23.0,9.0,10.0,11.0,11.0,10.0,3,11,200.0,VT0039_0793
856,2017-05-02,8,36,53,17,36,72,85,13,3,5,5,5,7,7,9,7,1,5,2,2,50.0,50.0,50.0,60.0,46.0,19.0,23.0,23.0,21.0,23.0,60.6,46.7,45.2,40.5,17.5,23.0,13.8,17.9,12.5,5.7,76.0,78.0,56.0,66.0,48.0,85.0,101.0,74.0,87.0,44.0,23.5,22.1,17.4,21.0,8.5,7,21.0,23.0,23.0,23.0,21.0,11.0,11.0,13.0,12.0,10.0,3,11,325.0,VT0040_0856
863,2017-05-02,7,38,54,16,36,74,92,18,1,3,5,5,3,5,7,3,7,7,1,2,50.0,45.0,50.0,51.0,40.0,19.0,22.0,21.0,22.0,16.0,46.0,42.3,71.6,80.2,41.0,23.7,22.1,33.2,37.3,19.0,69.0,65.0,100.0,129.0,99.0,95.0,83.0,156.0,182.0,119.0,13.6,12.9,24.3,25.5,15.0,7,23.0,22.0,21.0,21.0,20.0,11.0,10.0,10.0,10.0,8.0,5,1,165.0,VT0044_0863
868,2017-05-02,7,35,52,17,38,73,92,19,1,3,3,5,3,5,9,3,7,5,2,1,55.0,50.0,45.0,50.0,50.0,17.0,21.0,21.0,23.0,19.0,98.7,70.3,44.5,30.1,35.8,41.2,29.6,15.3,10.3,10.6,123.0,86.0,69.0,46.0,56.0,191.0,139.0,100.0,77.0,87.0,35.8,26.5,19.1,15.1,17.0,5,25.0,24.0,25.0,24.0,23.0,10.0,12.0,12.0,11.0,11.0,5,1,230.0,VT0047_0868
882,2017-05-02,7,31,46,15,37,68,77,9,1,3,5,5,3,7,7,5,1,5,2,1,55.0,56.0,57.0,53.0,50.0,17.0,12.0,16.0,25.0,31.0,25.3,23.7,30.1,16.3,13.4,8.4,9.7,9.6,5.0,4.2,49.0,31.0,50.0,31.0,23.0,51.0,47.0,69.0,40.0,31.0,10.8,7.5,12.5,6.1,4.7,5,25.0,30.0,30.0,27.0,25.0,13.0,14.0,12.0,12.0,12.0,7,4,285.0,VT0051_0882
883,2017-05-02,7,36,51,15,37,73,93,20,1,3,3,5,3,7,3,5,7,5,1,2,52.0,50.0,60.0,50.0,42.0,21.0,22.0,20.0,15.0,20.0,63.3,72.1,91.0,65.6,49.7,22.0,28.3,32.1,28.5,24.2,96.0,95.0,125.0,87.0,66.0,174.0,162.0,169.0,132.0,75.0,30.2,28.6,30.5,24.9,15.8,7,22.0,25.0,22.0,24.0,25.0,12.0,12.0,10.0,11.0,11.0,5,1,225.0,VT0052_0883
192,2017-05-02,7,31,49,18,38,69,76,7,3,3,3,3,7,3,9,5,7,7,2,2,40.0,37.0,50.0,47.0,50.0,15.0,14.0,17.0,24.0,22.0,28.5,20.5,53.7,52.4,47.3,14.6,8.0,12.7,22.6,14.5,59.0,46.0,149.0,114.0,116.0,94.0,74.0,246.0,188.0,186.0,11.9,9.9,30.3,24.6,24.0,7,19.0,20.0,20.0,20.0,20.0,8.0,10.0,10.0,8.0,10.0,3,10,160.0,VE0111_0192
450,2017-05-02,6,32,52,20,38,70,77,7,3,5,3,3,7,3,7,5,7,5,1,1,60.0,56.0,60.0,50.0,60.0,18.0,23.0,27.0,20.0,19.0,36.8,27.8,65.2,39.7,50.6,11.3,9.9,17.1,11.5,14.8,77.0,64.0,152.0,80.0,100.0,106.0,91.0,252.0,145.0,186.0,16.8,13.1,35.5,20.3,26.2,7,20.0,20.0,20.0,20.0,20.0,9.0,8.0,9.0,8.0,9.0,3,10,180.0,VE0112_0450
687,2017-05-02,6,32,52,20,37,69,77,8,3,5,3,5,7,3,7,5,5,5,1,2,50.0,53.0,50.0,52.0,50.0,20.0,17.0,19.0,18.0,18.0,22.3,30.3,18.4,28.1,23.4,7.8,8.5,4.9,9.9,6.7,44.0,79.0,41.0,60.0,63.0,77.0,117.0,77.0,100.0,94.0,10.3,15.9,10.1,13.8,11.9,7,20.0,22.0,20.0,22.0,21.0,11.0,10.0,10.0,10.0,10.0,3,10,160.0,VE0113_0687
688,2017-05-02,6,31,55,24,39,70,78,8,3,5,3,5,7,3,7,5,5,5,1,2,50.0,51.0,50.0,45.0,45.0,15.0,20.0,19.0,19.0,17.0,40.3,23.2,23.6,11.8,31.8,11.0,9.3,9.8,6.9,8.5,123.0,46.0,56.0,26.0,80.0,198.0,86.0,82.0,46.0,127.0,18.3,10.2,12.0,6.3,16.2,7,24.0,20.0,20.0,20.0,22.0,11.0,8.0,9.0,10.0,11.0,3,10,120.0,VE0114_0688
689,2017-05-02,6,40,56,16,32,72,79,7,3,5,3,5,7,5,5,5,5,5,1,2,65.0,75.0,64.0,53.0,60.0,26.0,30.0,30.0,24.0,28.0,73.6,32.7,45.0,39.6,60.7,21.8,15.8,18.7,14.5,19.8,147.0,55.0,94.0,78.0,116.0,232.0,85.0,142.0,100.0,199.0,32.6,13.5,22.2,15.8,30.8,7,25.0,22.0,23.0,22.0,26.0,12.0,12.0,11.0,10.0,12.0,3,11,180.0,VE0115_0689
690,2017-05-02,6,32,54,22,38,70,77,7,3,5,3,5,7,3,9,3,7,7,1,2,49.0,50.0,52.0,50.0,40.0,19.0,20.0,17.0,19.0,14.0,27.6,30.5,72.3,37.5,33.6,8.9,8.7,17.8,6.2,5.4,75.0,81.0,204.0,118.0,117.0,129.0,123.0,317.0,186.0,180.0,15.4,15.7,37.5,21.6,20.9,7,22.0,20.0,20.0,20.0,20.0,10.0,9.0,10.0,10.0,9.0,3,10,135.0,VE0116_0690
692,2017-05-02,6,32,53,21,36,68,78,10,3,5,3,5,7,3,9,5,7,7,2,2,50.0,50.0,55.0,43.0,45.0,13.0,19.0,17.0,18.0,19.0,50.4,20.7,40.6,20.0,24.2,13.5,4.5,15.1,5.9,6.0,137.0,65.0,98.0,59.0,76.0,232.0,99.0,177.0,95.0,130.0,25.9,10.8,17.7,10.1,13.2,7,17.0,19.0,18.0,20.0,17.0,9.0,8.0,9.0,10.0,7.0,3,14,115.0,VE0117_0692
693,2017-05-02,6,31,56,25,40,71,79,8,3,7,3,3,7,3,9,3,7,7,1,2,52.0,52.0,53.0,55.0,45.0,19.0,22.0,17.0,16.0,22.0,73.6,34.5,37.7,32.5,13.0,14.3,9.4,7.4,7.1,3.4,194.0,90.0,98.0,85.0,31.0,290.0,137.0,142.0,133.0,49.0,35.5,17.1,17.8,16.6,6.7,7,21.0,19.0,20.0,21.0,19.0,8.0,9.0,10.0,8.0,8.0,3,10,140.0,VE0118_0693
694,2017-05-02,6,31,52,21,40,71,78,7,3,5,3,3,7,7,7,3,5,5,1,2,55.0,57.0,55.0,46.0,46.0,18.0,18.0,16.0,17.0,17.0,76.4,100.3,72.9,83.6,20.5,26.7,30.7,33.3,29.6,4.7,168.0,273.0,161.0,197.0,65.0,254.0,437.0,217.0,330.0,110.0,31.1,13.7,23.5,39.1,11.8,7,18.0,19.0,20.0,18.0,20.0,7.0,8.0,8.0,9.0,8.0,3,10,130.0,VE0119_0694
695,2017-05-02,6,34,58,24,37,71,84,13,3,7,3,5,7,7,7,3,5,5,1,2,55.0,60.0,60.0,60.0,60.0,21.0,22.0,23.0,23.0,23.0,61.3,90.0,131.1,70.8,78.4,33.6,32.1,46.8,35.8,40.0,69.0,130.0,184.0,103.0,94.0,91.0,221.0,332.0,145.0,140.0,14.4,36.3,52.1,21.1,21.3,7,23.0,25.0,24.0,25.0,25.0,10.0,11.0,11.0,12.0,11.0,3,10,180.0,VE0120_0695
727,2017-05-02,6,31,55,24,38,69,78,9,3,7,3,5,7,5,9,5,7,7,1,2,60.0,45.0,54.0,55.0,53.0,19.0,16.0,13.0,22.0,17.0,36.5,11.3,27.1,10.4,21.1,15.0,2.6,8.1,3.2,5.2,88.0,35.0,81.0,30.0,57.0,119.0,46.0,109.0,38.0,89.0,12.9,4.9,11.8,4.2,10.5,7,20.0,21.0,20.0,20.0,21.0,8.0,8.0,7.0,8.0,8.0,3,11,130.0,VE0122_0727
728,2017-05-02,7,30,54,24,40,70,79,9,3,7,3,5,7,3,7,5,5,5,1,2,43.0,40.0,46.0,50.0,60.0,16.0,13.0,17.0,17.0,21.0,28.3,11.8,24.8,24.5,16.9,6.5,3.7,6.4,5.4,3.6,79.0,30.0,68.0,66.0,38.0,127.0,45.0,113.0,107.0,78.0,15.6,5.5,12.8,12.8,9.1,7,22.0,20.0,22.0,20.0,22.0,9.0,9.0,10.0,9.0,8.0,3,11,125.0,VE0123_0728
730,2017-05-02,6,31,51,20,40,71,79,8,3,7,3,5,7,5,5,3,1,5,1,1,60.0,46.0,50.0,51.0,52.0,11.0,12.0,12.0,16.0,17.0,62.8,64.5,84.1,27.9,28.1,19.1,15.4,17.4,5.5,5.6,135.0,168.0,217.0,77.0,82.0,234.0,248.0,355.0,113.0,132.0,31.0,30.1,44.4,14.3,15.6,7,22.0,20.0,21.0,20.0,20.0,10.0,10.0,10.0,10.0,9.0,3,13,155.0,VE0125_0730
731,2017-05-02,6,31,51,20,40,71,79,8,3,7,3,5,7,3,9,5,5,5,1,1,40.0,45.0,45.0,50.0,57.0,16.0,13.0,17.0,19.0,19.0,16.6,37.3,25.1,62.5,95.7,4.5,7.8,5.7,13.5,33.8,53.0,99.0,61.0,141.0,206.0,58.0,138.0,90.0,214.0,267.0,7.9,16.6,13.4,31.6,36.5,7,20.0,24.0,20.0,20.0,20.0,9.0,11.0,10.0,10.0,9.0,3,12,150.0,VE0126_0731
749,2017-05-02,6,31,51,20,41,72,79,7,3,7,5,5,7,3,7,5,5,5,1,2,47.0,52.0,52.0,50.0,45.0,17.0,21.0,17.0,16.0,19.0,17.0,16.3,16.0,12.4,31.7,4.2,6.1,4.2,3.2,7.4,49.0,70.0,41.0,36.0,93.0,71.0,126.0,67.0,61.0,127.0,9.0,16.7,9.4,7.8,17.8,7,23.0,22.0,22.0,20.0,20.0,10.0,10.0,10.0,9.0,10.0,3,10,150.0,VE0136_0749
766,2017-05-02,6,31,48,17,39,70,78,8,3,5,3,3,7,3,3,3,1,5,2,1,60.0,45.0,47.0,51.0,50.0,21.0,21.0,17.0,21.0,16.0,46.8,30.2,27.9,35.1,63.1,12.0,6.8,7.9,12.3,15.1,23.0,107.0,88.0,87.0,180.0,158.0,125.0,119.0,110.0,241.0,20.1,14.2,14.3,15.5,31.5,7,21.0,20.0,20.0,20.0,20.0,10.0,9.0,9.0,10.0,9.0,3,10,135.0,VE0147_0766
767,2017-05-02,6,31,48,17,39,70,78,8,3,5,5,5,7,3,3,3,1,5,1,1,48.0,50.0,46.0,50.0,45.0,16.0,17.0,16.0,16.0,16.0,61.3,19.1,29.1,39.9,38.3,25.0,5.6,6.0,9.6,7.0,122.0,46.0,77.0,120.0,108.0,169.0,63.0,116.0,143.0,154.0,23.3,9.2,16.0,21.4,21.4,7,20.0,20.0,20.0,19.0,20.0,9.0,9.0,10.0,8.0,10.0,3,10,155.0,VE0148_0767
2,2017-05-02,7,30,52,22,40,70,76,6,3,5,3,3,7,5,9,5,7,5,2,2,49.0,45.0,51.0,45.0,45.0,17.0,17.0,16.0,13.0,20.0,25.8,12.6,32.6,11.2,13.1,6.0,4.0,7.8,2.7,4.4,67.0,28.0,89.0,30.0,35.0,118.0,45.0,137.0,55.0,64.0,13.5,5.0,16.2,5.8,7.1,7,20.0,20.0,20.0,20.0,20.0,9.0,9.0,9.0,10.0,10.0,3,14,125.0,VIR0002
3,2017-05-02,7,30,58,28,40,70,75,5,3,7,1,3,7,7,9,5,7,5,2,2,50.0,30.0,45.0,50.0,50.0,14.0,11.0,13.0,15.0,17.0,38.3,18.3,16.5,26.7,30.0,9.4,4.6,4.7,7.2,6.9,101.0,46.0,46.0,58.0,78.0,151.0,73.0,63.0,92.0,103.0,14.4,7.9,6.4,10.1,10.7,7,20.0,20.0,19.0,21.0,21.0,9.0,9.0,8.0,10.0,10.0,3,10,105.0,VIR0003
4,2017-05-02,7,30,51,21,41,71,77,6,3,7,5,3,7,5,5,5,1,5,2,1,53.0,47.0,50.0,55.0,52.0,16.0,13.0,14.0,16.0,16.0,22.4,50.5,33.6,36.4,48.7,8.0,20.7,8.2,6.3,10.2,58.0,109.0,98.0,104.0,142.0,98.0,172.0,156.0,185.0,211.0,10.3,18.2,17.5,18.9,22.2,7,18.0,20.0,19.0,19.0,20.0,9.0,8.0,9.0,8.0,9.0,3,14,110.0,VIR0004
5,2017-05-02,6,31,59,28,40,71,79,8,3,5,5,3,7,7,9,5,7,5,1,2,50.0,43.0,50.0,43.0,45.0,21.0,21.0,16.0,13.0,13.0,57.6,21.3,63.1,78.5,49.5,10.3,5.3,12.8,13.6,12.4,150.0,54.0,159.0,181.0,125.0,203.0,94.0,268.0,322.0,206.0,20.5,9.6,31.4,38.2,27.7,7,20.0,20.0,21.0,19.0,21.0,8.0,8.0,10.0,8.0,9.0,3,10,120.0,VIR0005
21,2017-05-02,7,34,51,17,38,72,82,10,1,3,5,7,3,1,5,5,1,5,2,2,50.0,53.0,45.0,51.0,50.0,25.0,20.0,23.0,23.0,19.0,59.4,105.4,38.6,88.0,78.7,13.8,49.9,11.4,17.4,28.9,76.0,83.0,47.0,122.0,78.0,127.0,135.0,67.0,172.0,108.0,28.6,35.5,16.8,48.7,32.6,5,26.0,28.0,27.0,25.0,29.0,13.0,12.0,14.0,12.0,15.0,3,1,355.0,VIR0021
30,2017-05-02,7,29,54,25,45,74,84,10,1,3,3,5,3,7,9,5,7,5,1,1,53.0,42.0,43.0,47.0,43.0,19.0,19.0,13.0,19.0,21.0,20.8,8.0,17.4,9.4,17.5,8.4,5.2,10.1,6.0,7.5,70.0,20.0,55.0,25.0,69.0,40.0,18.0,30.0,15.0,58.0,2.6,0.7,1.3,0.5,2.6,7,20.0,19.0,20.0,20.0,20.0,10.0,9.0,8.0,9.0,10.0,7,9,60.0,VIR0030
40,2017-05-02,7,41,65,24,36,77,90,13,3,5,5,3,7,5,7,3,1,5,2,1,60.0,60.0,60.0,60.0,65.0,40.0,35.0,37.0,40.0,40.0,39.6,38.6,40.8,36.2,77.3,21.0,18.1,20.1,22.0,46.2,75.0,75.0,87.0,71.0,130.0,94.0,96.0,100.0,89.0,154.0,12.5,13.4,11.1,12.0,17.7,7,17.0,20.0,20.0,18.0,20.0,8.0,10.0,9.0,9.0,10.0,3,11,145.0,VIR0040
125,2017-05-02,7,31,50,19,45,76,88,12,1,3,3,5,3,7,7,5,1,5,1,2,52.0,55.0,60.0,60.0,63.0,23.0,30.0,27.0,26.0,26.0,33.5,45.1,42.1,67.1,25.1,9.9,11.6,15.0,30.5,44.1,79.0,90.0,76.0,90.0,91.0,106.0,153.0,111.0,144.0,164.0,15.9,21.5,19.3,21.5,28.7,7,24.0,22.0,25.0,20.0,25.0,11.0,12.0,10.0,11.0,12.0,3,1,215.0,VIR0125
143,2017-05-02,7,32,51,19,45,77,88,11,1,3,3,5,3,7,9,3,7,5,1,2,60.0,63.0,65.0,61.0,70.0,30.0,21.0,19.0,14.0,20.0,17.3,60.1,92.6,130.2,71.3,8.2,32.2,46.3,71.4,33.4,31.0,99.0,134.0,159.0,108.0,29.0,87.0,105.0,136.0,109.0,4.6,18.4,20.6,24.3,22.0,7,23.0,25.0,25.0,25.0,25.0,12.0,14.0,11.0,11.0,13.0,3,1,310.0,VIR0143
167,2017-05-02,7,38,59,21,33,71,86,15,1,3,3,7,3,1,7,5,1,5,1,2,55.0,60.0,50.0,50.0,57.0,21.0,31.0,30.0,24.0,26.0,198.7,71.0,23.9,60.2,93.4,74.7,16.8,6.2,18.9,33.2,237.0,103.0,45.0,78.0,114.0,273.0,144.0,64.0,108.0,166.0,70.5,32.0,13.8,27.8,41.7,7,25.0,23.0,23.0,25.0,22.0,12.0,10.0,11.0,12.0,10.0,5,1,385.0,VIR0167
172,2017-05-02,7,31,54,23,44,75,87,12,3,7,3,3,7,5,9,5,7,5,2,1,50.0,45.0,40.0,42.0,50.0,13.0,14.0,17.0,13.0,17.0,77.6,26.3,7.1,17.6,55.7,19.9,7.7,1.8,4.1,13.5,223.0,68.0,19.0,47.0,158.0,334.0,102.0,43.0,89.0,254.0,35.0,10.9,4.1,9.4,29.4,7,20.0,20.0,19.0,20.0,20.0,8.0,9.0,9.0,9.0,10.0,3,13,120.0,VIR0172
187,2017-05-02,7,31,59,28,45,76,91,15,3,3,3,7,3,1,9,5,7,5,1,2,55.0,53.0,54.0,50.0,50.0,24.0,20.0,20.0,20.0,20.0,66.5,52.5,61.6,30.4,91.8,26.5,15.4,28.1,13.9,33.5,92.0,82.0,75.0,45.0,120.0,93.0,93.0,78.0,43.0,136.0,24.5,24.9,19.3,10.8,36.0,5,25.0,25.0,25.0,24.0,25.0,13.0,13.0,11.0,12.0,13.0,3,9,325.0,VIR0187
196,2017-05-02,7,30,61,31,40,70,77,7,2,5,5,5,7,3,9,3,7,7,2,1,57.0,55.0,56.0,46.0,55.0,30.0,30.0,23.0,22.0,21.0,54.3,15.1,61.6,22.7,48.2,18.0,5.3,22.1,6.5,16.5,106.0,31.0,117.0,62.0,89.0,153.0,47.0,184.0,87.0,155.0,22.6,6.4,25.8,11.0,21.0,7,22.0,20.0,22.0,20.0,22.0,10.0,9.0,10.0,9.0,10.0,3,13,160.0,VIR0196
204,2017-05-02,7,32,58,26,40,72,86,14,1,3,5,5,3,9,9,5,7,5,1,1,57.0,56.0,60.0,56.0,57.0,19.0,16.0,16.0,17.0,17.0,49.1,53.0,107.3,52.7,58.1,13.4,14.9,75.2,15.5,26.1,149.0,180.0,146.0,129.0,154.0,149.0,158.0,78.0,161.0,113.0,18.3,19.1,11.1,18.3,12.6,7,22.0,20.0,22.0,20.0,20.0,10.0,9.0,10.0,10.0,10.0,3,1,165.0,VIR0204
205,2017-05-02,7,36,62,26,39,75,89,14,1,3,5,5,3,5,9,3,7,5,2,2,52.0,50.0,62.0,60.0,65.0,23.0,20.0,23.0,24.0,22.0,68.4,29.1,54.5,63.3,56.2,18.8,13.9,29.4,19.6,27.2,170.0,70.0,91.0,186.0,80.0,183.0,59.0,107.0,179.0,70.0,19.6,6.6,11.4,17.2,7.3,7,20.0,21.0,23.0,21.0,19.0,10.0,10.0,11.0,10.0,8.0,3,1,145.0,VIR0205
208,2017-05-02,7,34,62,28,42,76,90,14,1,3,5,5,3,3,9,3,7,5,1,1,53.0,55.0,53.0,52.0,53.0,17.0,17.0,21.0,15.0,18.0,32.4,54.2,36.2,45.9,20.4,8.3,13.4,9.0,10.6,5.1,128.0,150.0,107.0,154.0,64.0,128.0,204.0,139.0,185.0,71.0,11.7,24.9,16.3,20.6,9.7,7,20.0,23.0,20.0,23.0,20.0,10.0,10.0,10.0,10.0,10.0,5,1,110.0,VIR0208
210,2017-05-02,7,39,65,26,37,76,89,13,2,3,5,5,3,5,9,3,7,5,1,1,53.0,60.0,56.0,53.0,56.0,25.0,23.0,26.0,29.0,30.0,41.9,61.0,62.4,39.1,42.8,8.5,14.4,15.6,10.1,8.9,80.0,130.0,125.0,79.0,90.0,115.0,186.0,178.0,126.0,136.0,20.3,35.4,32.6,23.4,24.8,7,25.0,24.0,25.0,24.0,24.0,11.0,10.0,13.0,10.0,10.0,3,11,190.0,VIR0210
216,2017-05-02,7,34,64,30,44,78,91,13,3,7,3,3,7,1,9,5,7,5,1,1,50.0,56.0,50.0,50.0,52.0,26.0,27.0,25.0,22.0,30.0,16.3,18.7,21.5,33.2,47.4,6.3,6.5,8.8,13.5,15.4,45.0,45.0,49.0,71.0,105.0,52.0,51.0,60.0,94.0,168.0,6.6,7.0,8.2,12.2,22.5,7,20.0,23.0,23.0,23.0,23.0,10.0,12.0,9.0,11.0,11.0,3,10,140.0,VIR0216
217,2017-05-02,7,34,64,30,44,78,91,13,3,7,3,3,7,1,9,5,7,5,1,1,50.0,60.0,51.0,45.0,50.0,19.0,19.0,25.0,17.0,22.0,36.0,53.8,38.4,21.4,41.6,12.8,22.7,14.3,9.9,16.4,85.0,117.0,77.0,43.0,88.0,111.0,162.0,117.0,54.0,122.0,14.2,21.0,16.0,6.5,16.1,7,20.0,20.0,21.0,21.0,20.0,9.0,9.0,10.0,9.0,10.0,3,10,155.0,VIR0217
221,2017-05-02,7,34,57,23,44,78,94,16,2,3,3,5,3,3,9,3,7,5,1,1,55.0,56.0,50.0,45.0,60.0,21.0,22.0,25.0,20.0,26.0,42.9,72.8,33.1,17.8,30.1,11.7,23.2,12.1,2.7,10.2,79.0,112.0,47.0,31.0,31.0,123.0,138.0,74.0,51.0,68.0,23.0,23.8,14.3,9.5,11.8,7,21.0,22.0,22.0,21.0,22.0,10.0,11.0,10.0,10.0,11.0,7,11,225.0,VIR0221
227,2017-05-02,6,39,63,24,33,72,85,13,2,3,5,7,3,7,7,3,1,5,1,2,51.0,50.0,70.0,63.0,62.0,22.0,17.0,23.0,23.0,23.0,18.3,14.8,43.3,58.8,73.8,4.5,4.3,13.8,26.3,25.7,34.0,28.0,80.0,91.0,124.0,53.0,37.0,110.0,130.0,178.0,9.2,7.0,17.0,18.9,29.2,7,23.0,22.0,22.0,22.0,23.0,11.0,12.0,11.0,11.0,11.0,3,11,215.0,VIR0227
231,2017-05-02,7,41,64,23,26,67,91,24,3,7,5,5,7,3,9,3,7,5,1,2,53.0,51.0,60.0,65.0,65.0,19.0,25.0,25.0,31.0,22.0,78.8,26.5,85.7,88.3,127.4,36.2,8.7,39.4,36.4,42.5,141.0,77.0,153.0,150.0,218.0,185.0,98.0,184.0,216.0,283.0,27.9,10.2,27.9,32.2,39.0,7,22.0,21.0,22.0,21.0,22.0,10.0,10.0,12.0,10.0,11.0,5,10,180.0,VIR0231
232,2017-05-02,7,32,63,31,44,76,92,16,3,5,5,5,7,3,9,3,7,5,1,1,56.0,60.0,55.0,50.0,60.0,23.0,25.0,25.0,19.0,25.0,98.3,435.0,49.9,54.4,79.3,40.7,23.4,24.0,24.3,35.4,171.0,65.0,64.0,88.0,119.0,217.0,84.0,80.0,125.0,173.0,38.1,15.3,13.8,21.7,30.3,7,20.0,20.0,19.0,21.0,20.0,9.0,10.0,10.0,10.0,9.0,3,10,185.0,VIR0232
236,2017-05-02,7,42,65,23,35,77,92,15,1,3,3,5,3,5,9,5,7,5,2,2,55.0,55.0,55.0,53.0,55.0,21.0,31.0,30.0,27.0,30.0,26.8,29.4,41.1,14.8,52.4,8.0,13.6,11.6,5.4,12.4,65.0,66.0,91.0,35.0,122.0,72.0,68.0,104.0,32.0,147.0,13.1,13.2,19.6,6.3,28.1,7,20.0,23.0,25.0,23.0,23.0,9.0,9.0,10.0,11.0,10.0,5,1,215.0,VIR0236
239,2017-05-02,7,37,63,26,38,75,93,18,1,3,3,7,3,1,9,5,7,5,1,2,55.0,56.0,60.0,55.0,70.0,26.0,23.0,30.0,27.0,30.0,73.5,37.7,127.7,62.3,154.3,27.6,12.0,71.7,28.3,66.3,75.0,46.0,92.0,69.0,135.0,84.0,69.0,121.0,64.0,132.0,21.7,18.5,32.4,17.6,37.9,5,31.0,30.0,30.0,30.0,30.0,15.0,15.0,15.0,15.0,16.0,5,1,355.0,VIR0239
240,2017-05-02,7,41,65,24,36,77,92,15,2,3,5,5,3,3,7,5,1,5,1,1,61.0,60.0,60.0,65.0,65.0,21.0,31.0,35.0,37.0,30.0,52.0,62.6,74.5,60.1,161.3,21.5,29.3,38.0,32.3,87.6,74.0,88.0,92.0,81.0,162.0,103.0,119.0,143.0,103.0,230.0,18.7,20.8,25.5,18.9,40.6,7,23.0,25.0,23.0,23.0,23.0,10.0,8.0,9.0,9.0,9.0,3,11,185.0,VIR0240
245,2017-05-02,6,32,49,17,37,69,81,12,3,3,5,7,3,3,9,5,7,5,2,1,52.0,57.0,50.0,50.0,50.0,17.0,20.0,18.0,17.0,17.0,35.6,37.3,18.4,49.8,18.3,4.6,8.5,4.5,9.6,4.5,78.0,77.0,42.0,101.0,50.0,93.0,113.0,45.0,137.0,57.0,18.7,20.7,8.5,25.1,10.7,7,23.0,25.0,25.0,25.0,21.0,10.0,11.0,11.0,13.0,10.0,3,11,210.0,VIR0245
299,2017-05-02,7,34,56,22,38,72,79,7,3,7,3,5,7,3,7,3,1,5,2,2,50.0,55.0,50.0,51.0,53.0,23.0,25.0,27.0,16.0,21.0,45.6,50.5,64.8,30.3,103.9,9.4,11.7,11.1,12.3,26.5,98.0,58.0,123.0,102.0,211.0,126.0,168.0,186.0,111.0,295.0,24.3,26.2,32.1,14.7,47.4,7,21.0,21.0,22.0,20.0,21.0,11.0,11.0,11.0,9.0,11.0,3,10,210.0,VIR0299
300,2017-05-02,7,32,58,26,38,70,81,11,3,7,3,3,7,7,7,5,1,5,1,2,40.0,47.0,40.0,50.0,55.0,13.0,13.0,18.0,25.0,22.0,26.4,49.9,58.0,18.7,28.3,11.4,12.6,10.7,3.5,8.9,86.0,179.0,151.0,60.0,89.0,89.0,176.0,198.0,69.0,93.0,9.3,18.1,22.1,7.1,9.1,7,19.0,17.0,20.0,19.0,20.0,9.0,8.0,10.0,10.0,10.0,5,10,135.0,VIR0300
301,2017-05-02,7,32,61,29,38,70,81,11,3,7,5,3,7,7,7,5,1,5,1,2,50.0,56.0,53.0,50.0,53.0,14.0,22.0,21.0,21.0,16.0,28.2,74.4,23.0,53.4,23.2,9.4,19.3,8.1,10.8,10.7,98.0,242.0,86.0,172.0,83.0,85.0,285.0,65.0,179.0,66.0,7.0,28.4,5.6,16.9,5.3,7,18.0,20.0,20.0,20.0,20.0,9.0,10.0,10.0,10.0,10.0,3,10,105.0,VIR0301
302,2017-05-02,7,34,60,26,41,75,87,12,1,3,5,5,3,5,9,5,1,5,1,2,50.0,53.0,52.0,50.0,50.0,22.0,22.0,21.0,18.0,18.0,49.4,51.3,108.7,71.2,159.1,13.5,10.9,22.9,16.5,30.9,132.0,123.0,283.0,178.0,307.0,206.0,215.0,484.0,300.0,638.0,24.8,27.3,56.9,37.2,80.7,7,21.0,21.0,18.0,21.0,21.0,12.0,11.0,7.0,9.0,11.0,5,1,135.0,VIR0302
306,2017-05-02,7,35,62,27,42,77,84,7,1,3,5,3,3,3,7,3,1,7,2,2,50.0,40.0,40.0,37.0,45.0,20.0,18.0,17.0,21.0,17.0,40.3,20.8,40.8,43.1,91.5,10.8,7.1,12.1,8.9,21.3,138.0,70.0,140.0,108.0,283.0,124.0,80.0,167.0,149.0,320.0,14.8,9.5,16.8,14.6,41.2,7,19.0,17.0,18.0,18.0,20.0,8.0,9.0,7.0,7.0,9.0,5,1,150.0,VIR0306
308,2017-05-02,7,34,62,28,41,75,84,9,1,3,3,3,3,5,7,3,1,7,2,2,45.0,40.0,50.0,40.0,35.0,20.0,17.0,17.0,19.0,17.0,110.3,78.7,105.9,32.3,112.3,31.6,13.1,20.8,10.9,33.5,269.0,234.0,267.0,96.0,312.0,439.0,356.0,434.0,145.0,428.0,48.8,39.8,52.5,16.4,41.9,7,20.0,20.0,21.0,21.0,19.0,10.0,9.0,10.0,10.0,9.0,3,1,120.0,VIR0308
312,2017-05-02,7,30,58,28,46,76,90,14,1,3,3,3,3,5,9,3,7,5,1,1,47.0,50.0,40.0,50.0,50.0,20.0,15.0,13.0,17.0,17.0,53.0,51.3,45.7,27.5,29.7,18.9,19.8,14.4,10.9,13.3,152.0,146.0,123.0,70.0,82.0,176.0,203.0,189.0,94.0,128.0,20.2,21.5,18.4,8.9,11.7,7,21.0,20.0,21.0,21.0,21.0,11.0,10.0,10.0,10.0,10.0,3,10,135.0,VIR0312
313,2017-05-02,7,34,56,22,40,74,90,16,7,3,3,3,7,7,9,3,1,5,1,1,53.0,50.0,53.0,46.0,55.0,22.0,17.0,21.0,21.0,25.0,101.7,35.6,20.3,23.3,42.4,54.5,14.6,6.8,10.6,14.8,210.0,95.0,62.0,77.0,110.0,274.0,114.0,77.0,105.0,92.0,21.4,10.4,6.3,7.7,7.1,7,20.0,20.0,22.0,20.0,20.0,10.0,10.0,10.0,10.0,10.0,3,10,125.0,VIR0313
314,2017-05-02,7,32,62,30,30,62,75,13,3,7,3,3,7,7,9,3,7,5,1,2,43.0,50.0,45.0,40.0,50.0,19.0,19.0,20.0,21.0,17.0,18.7,29.6,12.5,18.6,97.4,5.6,8.3,7.3,7.5,26.6,38.0,103.0,47.0,54.0,351.0,61.0,108.0,67.0,86.0,496.0,4.3,8.0,5.3,6.2,39.3,7,20.0,20.0,20.0,20.0,20.0,11.0,10.0,10.0,10.0,10.0,3,10,105.0,VIR0314
315,2017-05-02,7,34,50,16,16,50,74,24,3,7,5,3,7,7,9,3,1,5,1,2,41.0,40.0,45.0,38.0,40.0,17.0,18.0,16.0,12.0,20.0,15.0,29.6,30.8,32.2,19.5,4.6,6.7,8.0,9.8,6.1,55.0,109.0,116.0,97.0,90.0,82.0,144.0,165.0,147.0,134.0,5.5,9.6,11.2,10.4,9.1,7,19.0,19.0,18.0,19.0,18.0,10.0,10.0,9.0,10.0,9.0,3,10,95.0,VIR0315
325,2017-05-02,7,41,53,12,31,72,84,12,2,3,3,5,3,3,9,3,1,5,1,2,63.0,63.0,61.0,60.0,63.0,32.0,30.0,30.0,26.0,28.0,47.4,33.5,48.7,32.1,36.6,18.2,11.9,13.2,15.9,14.5,65.0,49.0,78.0,65.0,45.0,74.0,63.0,99.0,42.0,73.0,16.3,14.5,21.1,10.2,16.2,7,23.0,24.0,22.0,23.0,23.0,12.0,11.0,10.0,11.0,12.0,3,11,260.0,VIR0325
328,2017-05-02,7,28,51,23,44,72,81,9,1,3,3,3,3,5,5,5,1,5,2,2,50.0,55.0,55.0,57.0,56.0,21.0,30.0,24.0,27.0,30.0,19.6,18.5,66.3,18.4,33.2,6.2,7.0,16.2,5.7,13.6,44.0,33.0,114.0,31.0,48.0,48.0,47.0,159.0,54.0,72.0,8.7,8.4,31.2,9.4,13.1,7,25.0,26.0,25.0,25.0,25.0,10.0,11.0,11.0,10.0,11.0,3,1,200.0,VIR0328
336,2017-05-02,7,36,56,20,36,72,81,9,2,3,3,7,3,5,9,5,7,5,2,2,50.0,55.0,56.0,56.0,55.0,30.0,27.0,31.0,31.0,26.0,37.5,97.8,42.1,31.7,86.7,11.2,40.6,16.1,5.3,36.6,71.0,120.0,60.0,70.0,104.0,68.0,121.0,64.0,65.0,116.0,14.9,29.2,16.9,18.4,31.4,7,24.0,25.0,25.0,25.0,25.0,10.0,12.0,10.0,12.0,12.0,3,11,270.0,VIR0336
370,2017-05-02,7,43,66,23,30,73,94,21,3,7,5,5,7,5,9,5,1,5,2,2,57.0,64.0,54.0,55.0,56.0,40.0,38.0,34.0,36.0,33.0,26.6,34.5,43.1,58.3,67.7,11.3,16.2,21.8,30.3,32.1,48.0,57.0,65.0,85.0,108.0,57.0,79.0,69.0,105.0,146.0,10.7,12.9,12.9,19.5,24.0,7,23.0,23.0,21.0,22.0,21.0,11.0,11.0,9.0,10.0,10.0,3,10,225.0,VIR0370
375,2017-05-02,7,41,66,25,32,73,94,21,1,3,5,5,3,3,9,5,7,5,2,1,56.0,56.0,55.0,50.0,50.0,31.0,30.0,34.0,25.0,30.0,120.5,35.0,110.3,42.4,85.1,60.6,14.8,61.2,20.5,42.8,142.0,43.0,111.0,54.0,84.0,200.0,67.0,181.0,73.0,128.0,37.0,13.2,33.2,13.7,27.1,7,21.0,23.0,21.0,23.0,21.0,9.0,11.0,9.0,11.0,10.0,5,1,215.0,VIR0375
378,2017-05-02,7,40,64,24,33,73,93,20,3,3,5,5,3,3,9,5,7,5,1,2,55.0,51.0,50.0,60.0,60.0,26.0,31.0,27.0,27.0,27.0,55.2,17.3,20.3,58.1,138.5,28.8,7.0,9.0,27.7,60.3,76.0,32.0,29.0,74.0,198.0,99.0,32.0,40.0,104.0,261.0,20.6,6.7,7.5,18.0,49.2,7,21.0,21.0,21.0,25.0,22.0,11.0,11.0,11.0,11.0,11.0,3,11,210.0,VIR0378
383,2017-05-02,7,42,73,31,31,73,94,21,1,3,5,7,3,5,9,5,7,5,2,2,58.0,65.0,60.0,60.0,55.0,17.0,26.0,24.0,31.0,37.0,84.0,55.9,137.9,39.3,30.5,48.2,31.8,70.2,17.5,9.0,50.0,49.0,119.0,36.0,34.0,51.0,55.0,130.0,45.0,50.0,12.6,11.2,36.0,13.8,15.2,5,26.0,23.0,25.0,24.0,25.0,13.0,12.0,13.0,12.0,13.0,3,1,310.0,VIR0383
408,2017-05-02,7,31,62,31,46,77,93,16,1,3,3,5,3,5,9,5,7,5,2,2,41.0,57.0,40.0,47.0,42.0,22.0,15.0,20.0,20.0,16.0,28.6,35.6,22.8,34.6,28.2,12.6,17.3,9.5,14.4,9.4,42.0,47.0,45.0,40.0,56.0,53.0,64.0,56.0,60.0,64.0,7.9,9.8,8.0,9.5,8.5,7,21.0,20.0,21.0,22.0,21.0,11.0,10.0,10.0,11.0,10.0,5,1,170.0,VIR0408
454,2017-05-02,7,34,59,25,36,70,86,16,1,3,3,5,3,3,9,5,7,5,1,2,60.0,50.0,50.0,62.0,55.0,30.0,30.0,23.0,23.0,27.0,183.4,64.3,50.0,64.2,110.6,66.3,26.1,19.4,33.9,52.5,182.0,71.0,51.0,63.0,95.0,244.0,107.0,69.0,68.0,128.0,66.9,28.5,18.8,18.8,36.5,5,25.0,25.0,26.0,25.0,26.0,12.0,10.0,12.0,12.0,11.0,3,1,335.0,VIR0454
455a,2017-05-02,7,34,55,21,36,70,78,8,3,3,5,5,3,5,9,5,7,7,2,1,50.0,54.0,51.0,56.0,51.0,30.0,27.0,22.0,24.0,22.0,68.3,52.1,43.3,36.2,32.9,23.6,21.4,7.8,12.6,6.9,95.0,73.0,76.0,54.0,60.0,117.0,99.0,114.0,68.0,89.0,24.2,19.1,24.2,14.0,17.8,7,25.0,24.0,25.0,25.0,24.0,10.0,11.0,11.0,10.0,9.0,3,10,235.0,VIR455a
460,2017-05-02,7,31,60,29,41,72,84,12,1,3,5,5,3,7,9,5,7,7,2,1,50.0,46.0,53.0,56.0,60.0,20.0,23.0,22.0,19.0,20.0,46.8,13.2,40.4,48.3,89.3,10.4,3.2,16.2,27.7,22.1,98.0,42.0,55.0,72.0,175.0,144.0,53.0,83.0,78.0,255.0,22.2,5.8,14.2,8.4,39.4,5,24.0,20.0,25.0,20.0,23.0,12.0,10.0,10.0,10.0,11.0,7,1,235.0,VIR0460
464,2017-05-02,7,34,61,27,37,71,86,15,3,5,5,3,7,5,9,5,7,7,2,1,55.0,53.0,56.0,53.0,47.0,15.0,23.0,26.0,21.0,17.0,97.0,79.9,62.6,29.9,65.5,36.8,21.1,25.6,26.4,19.6,179.0,152.0,106.0,92.0,140.0,267.0,245.0,182.0,184.0,200.0,35.5,40.7,26.0,22.0,28.8,7,23.0,21.0,21.0,21.0,21.0,10.0,9.0,10.0,9.0,10.0,3,11,160.0,VIR0464
467,2017-05-02,9,39,62,23,30,69,90,21,1,3,3,7,3,5,9,5,7,7,2,1,42.0,50.0,46.0,56.0,44.0,21.0,23.0,17.0,17.0,21.0,66.1,34.3,38.1,37.3,63.7,22.7,14.7,21.8,35.1,29.7,143.0,57.0,79.0,162.0,122.0,152.0,62.0,87.0,168.0,119.0,29.4,11.9,16.8,32.3,20.9,5,22.0,21.0,22.0,21.0,22.0,10.0,11.0,10.0,11.0,11.0,5,1,210.0,VIR0467
471,2017-05-02,7,42,65,23,29,71,83,12,3,7,5,5,7,7,9,5,7,7,2,1,46.0,45.0,41.0,40.0,55.0,21.0,26.0,21.0,23.0,26.0,37.1,11.9,17.6,12.4,39.4,15.6,2.7,5.5,2.5,16.4,49.0,25.0,42.0,31.0,43.0,56.0,24.0,43.0,28.0,62.0,13.8,4.7,8.5,5.4,13.3,7,25.0,25.0,23.0,25.0,25.0,10.0,10.0,10.0,10.0,12.0,3,11,260.0,VIR0471
472,2017-05-02,7,34,63,29,35,69,77,8,3,7,3,5,7,5,9,5,7,7,1,1,51.0,48.0,41.0,50.0,40.0,25.0,24.0,21.0,22.0,18.0,63.8,37.8,28.0,61.3,36.2,21.4,9.6,7.3,16.8,1.7,146.0,110.0,90.0,143.0,87.0,154.0,142.0,106.0,190.0,132.0,25.8,19.7,11.8,27.9,18.4,7,23.0,20.0,20.0,22.0,23.0,10.0,10.0,10.0,11.0,10.0,3,11,195.0,VIR0472
473,2017-05-02,7,41,65,24,30,71,94,23,3,3,3,5,3,5,9,5,7,7,1,2,40.0,42.0,41.0,45.0,55.0,16.0,14.0,16.0,15.0,16.0,161.2,71.5,53.7,29.1,88.7,52.9,29.6,18.9,10.8,27.9,253.0,101.0,89.0,74.0,160.0,335.0,122.0,127.0,76.0,232.0,69.7,24.4,24.6,11.4,42.6,7,25.0,23.0,23.0,20.0,23.0,10.0,10.0,10.0,10.0,10.0,5,10,240.0,VIR0473
474,2017-05-02,7,34,59,25,39,73,80,7,3,7,3,5,7,9,9,5,7,7,1,2,55.0,50.0,55.0,45.0,50.0,16.0,26.0,26.0,19.0,20.0,33.0,76.4,31.4,43.5,33.7,8.6,19.2,10.0,9.9,10.8,61.0,130.0,59.0,83.0,63.0,77.0,177.0,61.0,102.0,71.0,13.1,31.4,11.5,17.1,12.2,7,22.0,20.0,20.0,22.0,22.0,11.0,10.0,11.0,12.0,11.0,3,10,220.0,VIR0474
482,2017-05-02,7,34,51,17,35,69,78,9,3,7,5,3,7,5,7,5,1,5,1,1,60.0,60.0,57.0,55.0,50.0,23.0,21.0,23.0,22.0,27.0,45.2,27.0,53.9,76.0,31.2,11.9,8.5,16.7,24.5,8.3,109.0,67.0,106.0,170.0,73.0,147.0,77.0,136.0,207.0,95.0,23.5,12.7,25.7,38.6,17.3,7,20.0,23.0,22.0,21.0,22.0,9.0,10.0,9.0,10.0,10.0,3,11,205.0,VIR0482
483,2017-05-02,7,34,50,16,35,69,78,9,3,7,5,3,7,5,9,5,7,5,2,2,53.0,52.0,51.0,52.0,55.0,31.0,20.0,24.0,23.0,23.0,21.5,36.5,29.0,20.9,32.7,5.4,11.4,9.3,3.5,10.2,50.0,86.0,66.0,48.0,85.0,66.0,90.0,81.0,57.0,105.0,11.4,15.0,12.9,10.7,15.2,7,22.0,25.0,25.0,22.0,26.0,11.0,12.0,13.0,11.0,13.0,3,11,205.0,VIR0483
533,2017-05-02,7,32,48,16,39,71,81,10,1,3,5,7,3,5,9,5,7,7,2,1,68.0,63.0,53.0,60.0,47.0,23.0,23.0,20.0,21.0,23.0,170.1,56.4,42.0,94.6,34.4,46.3,18.2,10.4,22.3,12.7,207.0,75.0,45.0,118.0,33.0,211.0,87.0,42.0,131.0,41.0,54.9,25.0,14.2,42.3,14.0,5,25.0,25.0,24.0,25.0,26.0,14.0,13.0,13.0,14.0,15.0,5,1,430.0,VIR0533
535,2017-05-02,7,32,49,17,40,72,83,11,1,3,3,5,3,7,9,5,7,5,2,2,62.0,56.0,55.0,53.0,60.0,23.0,22.0,20.0,22.0,23.0,77.2,87.4,77.6,42.9,103.9,18.9,21.2,21.2,10.6,25.9,136.0,165.0,164.0,76.0,153.0,189.0,223.0,196.0,105.0,130.0,33.4,36.2,42.1,20.0,41.3,5,25.0,27.0,25.0,27.0,25.0,11.0,12.0,13.0,12.0,12.0,5,1,220.0,VIR0535
539,2017-05-02,7,31,61,30,41,72,83,11,3,7,3,5,7,7,9,5,7,7,2,1,60.0,62.0,60.0,60.0,55.0,17.0,17.0,17.0,17.0,17.0,42.2,52.2,45.3,37.7,26.0,11.3,17.2,14.4,17.3,7.7,70.0,90.0,95.0,70.0,46.0,81.0,100.0,88.0,79.0,49.0,15.5,21.6,12.5,12.6,9.1,7,25.0,24.0,23.0,23.0,24.0,13.0,12.0,12.0,11.0,11.0,3,11,265.0,VIR0539
540,2017-05-02,8,30,49,19,41,71,82,11,3,7,5,5,7,7,9,5,7,7,2,2,60.0,40.0,55.0,46.0,52.0,20.0,14.0,17.0,12.0,19.0,19.7,14.8,36.5,22.5,13.4,10.3,9.7,10.9,15.2,4.7,24.0,24.0,36.0,67.0,25.0,22.0,21.0,43.0,68.0,23.0,3.6,1.9,6.7,8.1,1.9,7,23.0,25.0,25.0,24.0,22.0,10.0,13.0,11.0,11.0,10.0,3,11,170.0,VIR0540
542,2017-05-02,7,32,51,19,38,70,82,12,1,3,3,5,3,5,9,5,7,5,2,1,60.0,55.0,55.0,53.0,55.0,25.0,20.0,26.0,23.0,26.0,27.2,30.0,34.5,46.0,43.7,9.6,11.2,12.1,12.1,17.4,38.0,40.0,61.0,63.0,66.0,44.0,51.0,70.0,71.0,70.0,10.6,12.0,14.9,17.1,15.5,7,25.0,25.0,25.0,24.0,25.0,12.0,13.0,12.0,12.0,13.0,5,1,295.0,VIR0542
543,2017-05-02,7,37,61,24,33,70,78,8,1,3,5,3,3,1,9,5,7,5,2,2,65.0,60.0,60.0,60.0,52.0,31.0,31.0,33.0,22.0,31.0,135.7,84.1,78.7,42.1,36.8,57.3,47.5,42.0,13.5,18.2,159.0,98.0,74.0,76.0,47.0,170.0,102.0,88.0,92.0,55.0,41.3,24.8,22.2,19.9,13.4,7,22.0,22.0,24.0,22.0,23.0,12.0,11.0,12.0,11.0,11.0,5,1,290.0,VIR0543
545,2017-05-02,7,32,60,28,38,70,76,6,1,3,3,3,3,1,9,5,5,5,2,2,53.0,55.0,50.0,50.0,55.0,23.0,21.0,30.0,28.0,27.0,59.6,33.1,35.6,20.7,48.3,20.4,10.7,8.8,4.2,16.4,135.0,80.0,99.0,43.0,107.0,179.0,94.0,112.0,58.0,131.0,27.5,15.5,17.1,9.1,18.7,7,24.0,23.0,23.0,24.0,23.0,11.0,9.0,85.0,10.0,10.0,7,1,195.0,VIR0545
584,2017-05-02,7,33,59,26,38,71,84,13,1,3,3,5,3,3,9,5,7,5,2,2,55.0,60.0,56.0,55.0,56.0,27.0,31.0,30.0,28.0,22.0,102.3,47.3,84.5,93.2,90.3,47.5,19.0,35.4,36.4,27.2,101.0,53.0,117.0,89.0,113.0,117.0,71.0,127.0,97.0,123.0,31.8,17.9,37.8,29.1,40.0,7,25.0,27.0,26.0,27.0,25.0,13.0,13.0,13.0,13.0,13.0,3,1,370.0,VIR0584
586,2017-05-02,7,33,48,15,38,71,77,6,1,3,3,5,3,3,9,5,7,5,1,2,50.0,50.0,57.0,60.0,50.0,22.0,30.0,26.0,27.0,27.0,64.5,30.7,54.3,64.3,25.2,22.4,8.3,10.9,15.7,12.8,92.0,54.0,89.0,107.0,55.0,126.0,87.0,133.0,157.0,79.0,26.5,17.7,27.8,31.8,12.8,7,25.0,25.0,25.0,23.0,25.0,11.0,11.0,10.0,10.0,11.0,5,1,245.0,VIR0586
587,2017-05-02,7,30,47,17,40,70,76,6,3,7,5,3,7,3,7,5,5,5,2,2,50.0,55.0,55.0,60.0,56.0,20.0,20.0,22.0,23.0,21.0,55.7,32.9,36.7,41.9,70.2,12.5,11.5,10.4,9.5,28.9,171.0,149.0,82.0,113.0,156.0,183.0,189.0,103.0,145.0,178.0,27.6,28.6,16.5,22.6,28.0,7,22.0,25.0,22.0,23.0,21.0,10.0,11.0,11.0,11.0,11.0,3,11,160.0,VIR0587
588,2017-05-02,7,39,56,17,31,70,76,6,3,3,3,3,3,3,7,5,5,5,2,1,56.0,56.0,57.0,50.0,65.0,22.0,27.0,27.0,23.0,32.0,21.8,35.9,30.8,16.2,63.1,8.3,10.6,12.4,4.7,17.8,45.0,83.0,68.0,30.0,123.0,47.0,86.0,70.0,30.0,139.0,9.9,16.4,15.2,6.3,28.4,7,23.0,25.0,24.0,23.0,25.0,12.0,13.0,12.0,13.0,12.0,3,11,230.0,VIR0588
589,2017-05-02,7,31,77,46,41,72,91,19,1,3,3,7,3,7,7,5,7,7,2,1,55.0,60.0,60.0,52.0,50.0,32.0,32.0,32.0,27.0,27.0,19.6,35.4,57.9,49.6,20.1,5.7,12.9,11.4,23.7,7.8,29.0,50.0,56.0,63.0,22.0,29.0,58.0,65.0,80.0,21.0,8.1,13.9,18.9,21.1,6.9,5,26.0,26.0,26.0,26.0,25.0,13.0,14.0,12.0,14.0,13.0,3,1,315.0,VIR0589
620,2017-05-02,7,39,58,19,33,72,89,17,3,3,3,5,7,5,7,5,7,7,2,1,55.0,52.0,50.0,50.0,50.0,36.0,28.0,27.0,25.0,22.0,45.8,67.3,38.1,15.1,35.1,17.7,25.3,18.7,8.6,8.9,43.0,68.0,38.0,9.0,53.0,51.0,68.0,45.0,17.0,66.0,13.9,22.4,15.3,4.1,20.2,5,25.0,24.0,24.0,24.0,23.0,13.0,12.0,12.0,13.0,13.0,3,10,390.0,VIR0620
623,2017-05-02,7,34,63,29,37,71,89,18,1,3,3,3,3,5,3,7,7,7,1,2,50.0,53.0,42.0,47.0,50.0,20.0,22.0,18.0,18.0,20.0,68.2,117.3,36.9,61.9,94.0,15.4,20.9,13.5,18.9,16.0,167.0,280.0,85.0,241.0,147.0,181.0,352.0,80.0,281.0,201.0,29.1,59.4,13.2,47.6,31.8,7,25.0,22.0,20.0,24.0,20.0,10.0,9.0,10.0,11.0,10.0,5,1,190.0,VIR0623
626,2017-05-02,7,33,59,26,38,71,82,11,3,5,3,3,7,5,3,7,7,7,1,2,40.0,40.0,42.0,50.0,56.0,20.0,22.0,22.0,22.0,18.0,61.7,33.3,53.6,57.8,102.8,15.0,18.4,21.3,13.0,31.4,93.0,32.0,64.0,98.0,147.0,127.0,40.0,89.0,149.0,224.0,27.6,8.7,20.2,33.9,52.5,5,25.0,30.0,25.0,25.0,26.0,12.0,15.0,11.0,12.0,13.0,3,10,255.0,VIR0626
627,2017-05-02,7,31,61,30,40,71,82,11,1,3,5,5,3,5,3,7,7,7,2,2,60.0,63.0,50.0,60.0,60.0,31.0,20.0,20.0,21.0,24.0,40.7,93.4,33.1,31.0,50.8,10.1,33.9,9.4,11.5,21.3,66.0,118.0,55.0,43.0,74.0,70.0,134.0,61.0,45.0,79.0,18.1,33.3,15.9,10.8,20.5,5,25.0,25.0,25.0,25.0,25.0,10.0,11.0,11.0,11.0,11.0,3,1,275.0,VIR0627
628,2017-05-02,7,32,61,29,38,70,82,12,3,5,5,5,7,5,3,7,7,5,2,1,50.0,55.0,56.0,50.0,46.0,18.0,20.0,24.0,16.0,21.0,88.7,58.4,64.5,23.6,33.4,33.0,16.5,18.3,9.4,7.5,120.0,89.0,100.0,44.0,48.0,144.0,113.0,113.0,42.0,64.0,36.6,36.7,27.4,9.4,13.2,7,25.0,25.0,27.0,25.0,26.0,11.0,10.0,12.0,12.0,12.0,5,1,285.0,VIR0628
632,2017-05-02,8,30,64,34,43,73,93,20,1,3,3,5,3,5,9,5,7,5,1,1,53.0,50.0,45.0,50.0,52.0,21.0,27.0,26.0,21.0,27.0,97.2,39.6,24.5,27.9,121.5,50.5,18.8,10.1,15.6,61.5,113.0,57.0,40.0,46.0,156.0,166.0,56.0,65.0,51.0,167.0,26.3,8.5,13.2,7.3,32.6,7,24.0,22.0,22.0,22.0,22.0,12.0,11.0,11.0,11.0,11.0,5,1,225.0,VIR0632
633,2017-05-02,7,34,63,29,39,73,82,9,1,3,5,5,3,7,5,7,7,5,2,2,50.0,50.0,50.0,57.0,56.0,17.0,16.0,17.0,22.0,17.0,43.6,42.8,83.6,42.4,85.5,24.5,21.4,18.6,15.3,29.5,45.0,20.0,117.0,56.0,112.0,32.0,14.0,124.0,57.0,100.0,4.9,1.7,26.7,16.6,21.5,5,25.0,25.0,24.0,25.0,25.0,12.0,13.0,12.0,12.0,13.0,5,1,325.0,VIR0633
634,2017-05-02,7,34,64,30,40,74,82,8,1,3,3,5,3,7,9,7,7,5,2,2,50.0,53.0,67.0,70.0,55.0,17.0,18.0,27.0,20.0,21.0,44.3,267.8,99.4,83.0,29.2,9.8,88.3,40.8,31.1,11.7,63.0,359.0,112.0,102.0,34.0,51.0,367.0,85.0,99.0,32.0,12.1,101.0,19.2,19.3,9.2,5,24.0,21.0,25.0,25.0,25.0,12.0,11.0,13.0,13.0,12.0,5,1,330.0,VIR0634
635,2017-05-02,7,31,63,32,41,72,82,10,3,5,5,5,7,7,9,7,7,7,2,2,55.0,47.0,53.0,50.0,50.0,20.0,20.0,18.0,18.0,20.0,29.9,67.5,101.5,46.6,33.7,9.3,26.5,41.2,11.1,12.2,48.0,98.0,118.0,82.0,60.0,56.0,115.0,161.0,103.0,64.0,12.1,23.4,27.4,20.3,11.9,7,25.0,25.0,25.0,25.0,24.0,12.0,12.0,11.0,12.0,11.0,3,11,275.0,VIR0635
638,2017-05-02,7,31,51,20,39,70,82,12,3,5,5,5,7,7,9,7,7,7,2,2,55.0,46.0,40.0,53.0,43.0,26.0,18.0,16.0,18.0,18.0,27.1,29.7,22.3,20.1,18.4,4.7,10.0,8.1,5.5,5.0,56.0,58.0,41.0,44.0,48.0,75.0,75.0,49.0,84.0,67.0,8.8,7.5,5.5,9.8,8.1,7,22.0,22.0,21.0,22.0,23.0,11.0,10.0,12.0,11.0,11.0,3,11,165.0,VIR0638
641,2017-05-02,8,30,63,33,39,69,81,12,1,3,3,5,3,7,9,7,7,5,2,2,63.0,50.0,53.0,60.0,55.0,21.0,20.0,17.0,20.0,18.0,46.6,53.0,27.6,50.6,57.0,19.8,20.4,14.7,25.5,24.6,70.0,93.0,36.0,106.0,88.0,79.0,86.0,28.0,76.0,88.0,11.0,14.6,4.5,12.5,14.7,7,23.0,22.0,22.0,23.0,22.0,13.0,12.0,11.0,13.0,11.0,5,1,255.0,VIR0641
642,2017-05-02,7,31,49,18,39,70,82,12,3,5,5,5,7,7,9,7,7,5,1,2,56.0,50.0,43.0,41.0,56.0,21.0,16.0,17.0,20.0,27.0,59.0,18.8,17.4,15.2,36.3,12.5,8.1,7.6,8.6,13.5,128.0,33.0,37.0,25.0,66.0,225.0,38.0,41.0,29.0,71.0,30.5,4.5,4.7,3.7,10.8,7,20.0,20.0,21.0,21.0,20.0,10.0,10.0,11.0,10.0,10.0,3,10,190.0,VIR0642
643,2017-05-02,7,40,55,15,30,70,82,12,1,3,5,5,3,7,9,5,7,5,2,1,57.0,56.0,65.0,60.0,52.0,21.0,32.0,25.0,30.0,27.0,62.1,33.9,151.8,120.9,123.0,20.3,9.0,66.5,48.8,45.6,65.0,53.0,197.0,137.0,149.0,82.0,51.0,186.0,171.0,165.0,19.7,14.8,42.5,48.0,39.7,7,25.0,25.0,25.0,25.0,25.0,11.0,12.0,11.0,11.0,10.0,5,1,365.0,VIR0643
667,2017-05-02,7,42,65,23,28,70,82,12,3,5,5,5,7,7,9,5,7,7,2,1,50.0,55.0,62.0,67.0,42.0,17.0,18.0,32.0,25.0,22.0,28.1,20.7,18.9,36.3,15.2,9.1,11.5,11.0,23.1,8.8,54.0,33.0,32.0,34.0,24.0,62.0,45.0,34.0,44.0,26.0,10.3,5.2,4.3,4.8,3.4,7,22.0,22.0,22.0,22.0,21.0,11.0,11.0,12.0,11.0,11.0,5,10,225.0,VIR0667
704,2017-05-02,8,39,60,21,30,69,82,13,3,5,5,5,7,5,9,5,7,5,1,1,50.0,60.0,65.0,60.0,60.0,11.0,19.0,30.0,22.0,27.0,77.1,91.9,72.0,113.8,68.8,25.0,21.8,37.1,44.7,20.7,217.0,186.0,101.0,212.0,148.0,213.0,278.0,134.0,288.0,226.0,19.8,45.4,23.1,43.0,34.0,7,21.0,21.0,21.0,20.0,21.0,10.0,10.0,11.0,11.0,10.0,3,11,190.0,VIR0704
738,2017-05-02,7,32,52,20,38,70,77,7,3,3,5,5,3,5,7,3,7,5,2,2,62.0,57.0,65.0,57.0,57.0,27.0,25.0,27.0,26.0,31.0,46.4,30.4,54.0,35.5,63.5,21.2,9.3,18.7,9.5,20.2,77.0,52.0,89.0,61.0,107.0,67.0,69.0,112.0,71.0,124.0,11.0,13.3,19.8,14.6,26.1,7,25.0,26.0,25.0,25.0,25.0,12.0,13.0,11.0,10.0,10.0,3,11,220.0,VIR0738
776,2017-05-02,7,42,64,22,33,75,94,19,1,3,3,5,3,5,9,5,1,5,2,1,58.0,57.0,50.0,61.0,60.0,27.0,27.0,27.0,17.0,22.0,111.4,45.6,45.3,95.3,36.8,48.5,33.0,38.4,65.9,53.8,113.0,30.0,48.0,80.0,101.0,150.0,21.0,37.0,70.0,104.0,41.1,4.0,9.3,17.2,19.9,5,24.0,23.0,23.0,22.0,23.0,12.0,12.0,12.0,12.0,13.0,5,1,405.0,VIR0776
790,2017-05-02,7,42,62,20,27,69,78,9,1,3,5,5,3,1,9,5,7,7,2,2,55.0,55.0,50.0,55.0,60.0,40.0,25.0,26.0,40.0,38.0,39.1,30.5,27.4,31.4,54.9,19.3,9.0,13.6,14.7,17.8,31.0,34.0,21.0,26.0,60.0,30.0,39.0,23.0,30.0,73.0,10.4,12.6,8.3,10.5,21.4,5,25.0,26.0,26.0,25.0,26.0,13.0,14.0,15.0,14.0,15.0,3,1,435.0,VIR0790
794,2017-05-02,7,41,61,20,32,73,84,11,1,3,3,5,3,7,9,5,7,7,2,2,60.0,60.0,60.0,53.0,53.0,25.0,33.0,32.0,31.0,27.0,165.6,88.2,108.5,139.1,142.6,40.6,31.4,51.7,61.3,63.5,190.0,78.0,103.0,142.0,142.0,241.0,100.0,134.0,166.0,152.0,75.2,32.7,40.3,47.6,50.2,5,26.0,27.0,24.0,23.0,24.0,12.0,13.0,13.0,12.0,13.0,3,1,395.0,VIR0794
795,2017-05-02,7,42,65,23,30,72,84,12,3,3,5,3,7,7,9,3,1,5,1,2,60.0,55.0,60.0,50.0,60.0,31.0,25.0,22.0,22.0,22.0,39.9,31.7,89.6,55.3,127.3,29.1,13.4,39.1,17.3,62.3,26.0,57.0,130.0,116.0,173.0,28.0,39.0,136.0,144.0,186.0,5.3,6.3,24.5,20.4,32.7,7,24.0,24.0,25.0,24.0,25.0,10.0,10.0,10.0,11.0,10.0,3,11,210.0,VIR0795
796,2017-05-02,7,31,66,35,39,70,84,14,3,3,5,3,3,7,9,3,7,5,1,1,60.0,60.0,60.0,55.0,60.0,21.0,23.0,25.0,30.0,24.0,36.1,68.0,37.6,31.7,54.5,14.9,19.6,11.0,10.2,13.3,90.0,164.0,84.0,74.0,114.0,111.0,192.0,105.0,93.0,158.0,15.2,28.9,17.8,14.4,26.2,7,22.0,23.0,22.0,23.0,20.0,10.0,10.0,10.0,10.0,10.0,3,11,165.0,VIR0796
797,2017-05-02,7,31,64,33,39,70,84,14,1,3,5,3,3,7,9,3,1,5,2,2,60.0,50.0,51.0,50.0,55.0,22.0,22.0,22.0,24.0,21.0,61.1,76.1,58.9,51.5,69.9,24.4,20.5,19.1,15.4,19.2,129.0,207.0,163.0,136.0,191.0,158.0,210.0,146.0,159.0,192.0,18.1,29.0,20.0,22.4,29.5,7,20.0,20.0,20.0,20.0,20.0,10.0,10.0,10.0,10.0,10.0,5,1,175.0,VIR0797
798,2017-05-02,7,42,64,22,28,70,95,25,1,3,5,5,3,5,9,3,1,5,2,2,70.0,62.0,62.0,56.0,60.0,40.0,30.0,21.0,31.0,33.0,49.2,31.4,79.4,47.9,119.9,16.9,12.2,24.8,14.1,46.6,64.0,38.0,115.0,66.0,132.0,73.0,55.0,126.0,81.0,163.0,17.2,10.9,30.7,20.9,42.9,7,32.0,30.0,30.0,30.0,30.0,14.0,13.0,13.0,12.0,13.0,5,1,325.0,VIR0798
799,2017-05-02,7,34,62,28,36,70,84,14,1,3,3,5,3,7,9,3,1,5,2,2,62.0,53.0,63.0,60.0,62.0,32.0,25.0,21.0,27.0,27.0,113.4,58.8,179.7,67.3,71.9,54.4,16.7,74.4,20.7,39.9,129.0,99.0,188.0,126.0,92.0,136.0,116.0,202.0,155.0,72.0,31.0,26.6,58.6,34.7,14.4,5,25.0,26.0,30.0,27.0,26.0,12.0,11.0,11.0,11.0,11.0,5,1,350.0,VIR0799
802,2017-05-02,7,31,56,25,38,69,84,15,3,3,3,3,3,5,9,3,1,5,1,1,52.0,68.0,65.0,61.0,60.0,27.0,27.0,20.0,27.0,23.0,25.6,100.0,47.9,39.7,104.3,7.8,27.2,13.7,14.6,26.9,50.0,186.0,80.0,71.0,189.0,56.0,234.0,107.0,107.0,224.0,9.5,43.6,21.1,20.6,38.5,7,25.0,25.0,25.0,25.0,25.0,10.0,10.0,12.0,10.0,10.0,7,12,220.0,VIR0802
804,2017-05-02,8,33,61,28,35,68,83,15,1,3,3,5,3,5,9,3,1,5,2,1,62.0,67.0,53.0,60.0,50.0,37.0,31.0,27.0,31.0,26.0,39.0,59.7,56.1,54.9,31.2,11.5,15.4,21.1,12.3,27.6,49.0,68.0,63.0,38.0,106.0,52.0,76.0,80.0,34.0,127.0,14.9,23.7,22.74,11.7,37.2,7,24.0,24.0,23.0,23.0,23.0,12.0,12.0,13.0,12.0,11.0,5,1,380.0,VIR0804
853,2017-05-02,7,32,61,29,38,70,79,9,1,3,3,5,3,3,9,3,7,5,2,2,55.0,50.0,66.0,56.0,50.0,24.0,22.0,22.0,22.0,20.0,62.7,77.6,24.2,42.3,88.4,23.1,31.4,7.6,14.3,34.7,94.0,169.0,42.0,81.0,133.0,141.0,317.0,73.0,118.0,213.0,27.3,47.3,11.6,20.7,35.5,7,22.0,24.0,27.0,25.0,25.0,10.0,11.0,13.0,11.0,12.0,5,1,245.0,VIR0853
855,2017-05-02,7,41,64,23,30,71,93,22,1,3,3,5,3,1,9,3,7,5,2,1,63.0,70.0,70.0,70.0,76.0,32.0,37.0,41.0,41.0,41.0,110.0,151.0,85.1,94.8,83.7,32.7,81.3,43.0,51.3,38.1,138.0,113.0,71.0,87.0,81.0,174.0,152.0,88.0,94.0,137.0,42.3,44.3,27.0,25.7,31.7,5,30.0,28.0,31.0,27.0,25.0,13.0,13.0,15.0,12.0,12.0,5,1,380.0,VIR0855
918,2017-05-02,7,40,65,25,31,71,87,16,1,3,3,7,3,5,9,5,7,7,2,2,55.0,56.0,53.0,55.0,60.0,21.0,21.0,22.0,22.0,2.0,126.4,98.3,93.1,95.7,138.3,25.9,26.1,22.7,29.7,54.4,162.0,135.0,150.0,99.0,120.0,270.0,168.0,209.0,142.0,188.0,62.1,47.3,54.0,43.9,55.9,5,19.0,21.0,22.0,21.0,21.0,13.0,11.0,12.0,11.0,11.0,5,1,250.0,VIR0918
920,2017-05-02,7,32,64,32,38,70,81,11,1,3,5,5,3,5,9,5,7,7,2,2,50.0,51.0,46.0,52.0,50.0,16.0,14.0,21.0,21.0,17.0,102.5,126.4,34.1,52.3,95.2,38.2,20.9,8.8,13.5,19.1,243.0,281.0,74.0,117.0,216.0,330.0,239.0,72.0,178.0,199.0,48.0,39.9,12.7,23.9,32.3,7,22.0,24.0,21.0,25.0,25.0,10.0,10.0,9.0,11.0,11.0,5,1,235.0,VIR0920
929,2017-05-02,7,32,63,31,38,70,81,11,3,7,5,3,7,5,9,5,7,7,1,1,43.0,42.0,35.0,43.0,43.0,19.0,15.0,15.0,20.0,16.0,47.9,35.1,27.2,29.6,64.4,10.1,5.7,6.3,4.7,10.0,123.0,114.0,81.0,81.0,192.0,216.0,175.0,144.0,150.0,351.0,27.1,19.3,15.3,16.0,32.4,7,20.0,19.0,20.0,20.0,19.0,10.0,9.0,9.0,10.0,10.0,3,10,150.0,VIR0929
932,2017-05-02,7,34,64,30,37,71,83,12,3,7,5,3,7,5,5,5,1,5,2,1,45.0,46.0,42.0,45.0,45.0,22.0,23.0,15.0,17.0,16.0,32.3,24.3,35.0,61.1,42.5,8.2,5.9,7.8,10.2,9.4,111.0,75.0,113.0,178.0,136.0,153.0,114.0,162.0,273.0,167.0,13.9,11.4,15.0,30.6,13.7,7,19.0,19.0,20.0,19.0,20.0,9.0,9.0,10.0,10.0,10.0,3,10,135.0,VIR0932
944,2017-05-02,7,31,52,21,38,69,76,7,3,7,3,3,7,5,9,5,1,5,2,1,43.0,41.0,42.0,33.0,40.0,19.0,17.0,21.0,16.0,13.0,12.7,26.5,28.3,14.0,14.5,4.6,6.1,7.5,4.4,6.1,34.0,83.0,79.0,43.0,43.0,44.0,122.0,124.0,55.0,43.0,4.1,10.7,11.4,4.6,3.5,7,21.0,21.0,22.0,21.0,19.0,9.0,10.0,11.0,10.0,8.0,3,10,115.0,VIR0944
945,2017-05-02,7,44,55,11,26,70,92,22,3,7,5,3,7,1,7,5,1,5,2,1,55.0,50.0,56.0,60.0,60.0,35.0,32.0,31.0,35.0,35.0,51.9,39.0,68.2,88.0,90.0,18.3,28.1,31.6,49.2,46.8,50.0,59.0,74.0,84.0,93.0,71.0,83.0,109.0,110.0,158.0,13.8,17.2,24.5,25.3,33.1,7,25.0,22.0,24.0,23.0,25.0,12.0,13.0,12.0,13.0,14.0,3,10,220.0,VIR0945
947,2017-05-02,7,40,64,24,33,73,87,14,3,7,5,3,7,7,7,5,1,5,1,1,54.0,50.0,46.0,45.0,40.0,21.0,22.0,21.0,22.0,21.0,60.9,25.7,42.4,43.8,31.7,18.7,8.3,8.8,9.5,9.1,152.0,63.0,111.0,124.0,83.0,209.0,74.0,140.0,181.0,80.0,28.2,9.8,18.1,22.2,7.2,7,20.0,20.0,20.0,20.0,20.0,10.0,10.0,10.0,10.0,10.0,3,10,160.0,VIR0947
960,2017-05-02,7,31,62,31,38,69,78,9,3,7,3,3,7,5,9,5,7,5,2,1,46.0,43.0,51.0,53.0,66.0,16.0,16.0,21.0,16.0,16.0,54.3,33.6,63.9,85.9,90.3,11.7,8.7,15.7,17.4,19.6,140.0,116.0,178.0,224.0,249.0,169.0,148.0,259.0,289.0,301.0,22.5,12.9,31.1,40.8,49.4,7,20.0,20.0,20.0,19.0,21.0,10.0,10.0,11.0,10.0,10.0,3,10,165.0,VIR0960
1039,2017-05-02,7,32,61,29,33,65,78,13,3,7,5,3,7,7,7,5,1,5,2,1,50.0,47.0,51.0,46.0,47.0,17.0,17.0,21.0,21.0,22.0,79.3,35.5,36.5,39.9,25.2,13.8,8.3,8.6,9.1,6.9,239.0,128.0,100.0,143.0,90.0,325.0,161.0,145.0,219.0,136.0,34.9,16.2,16.7,19.6,12.9,7,20.0,20.0,20.0,21.0,20.0,10.0,11.0,10.0,11.0,10.0,3,10,135.0,VIR1039
1068,2017-05-02,7,40,65,25,30,70,79,9,1,3,7,7,3,1,7,5,1,5,2,2,68.0,70.0,55.0,70.0,70.0,32.0,34.0,31.0,51.0,40.0,47.6,71.1,40.9,46.5,46.0,22.4,34.0,15.4,28.6,18.4,63.0,79.0,49.0,41.0,63.0,66.0,119.0,77.0,52.0,84.0,15.1,25.4,17.4,11.6,18.3,5,25.0,25.0,28.0,25.0,28.0,12.0,13.0,13.0,12.0,14.0,5,1,305.0,VIR1068
1179,2017-05-02,7,32,64,32,34,66,80,14,1,3,3,7,3,5,9,3,7,7,2,2,56.0,56.0,63.0,60.0,61.0,24.0,27.0,41.0,27.0,21.0,57.8,43.8,76.4,66.3,80.9,13.4,12.2,40.1,15.7,23.9,97.0,85.0,64.0,106.0,110.0,86.0,97.0,95.0,109.0,174.0,24.8,26.4,23.0,31.2,36.6,7,25.0,25.0,25.0,27.0,26.0,13.0,13.0,11.0,14.0,13.0,5,1,345.0,VIR1179
1214,2017-05-02,7,32,68,36,33,65,78,13,2,3,7,5,3,1,7,5,1,5,1,2,50.0,60.0,60.0,60.0,60.0,26.0,27.0,30.0,22.0,31.0,21.4,72.3,33.5,67.1,13.6,4.7,18.5,7.8,15.5,1.3,47.0,177.0,71.0,131.0,40.0,58.0,249.0,106.0,177.0,39.0,11.3,41.9,19.1,34.6,6.7,7,23.0,22.0,23.0,23.0,22.0,12.0,11.0,12.0,12.0,12.0,3,11,220.0,VIR1214
1230,2017-05-02,7,35,67,32,34,69,92,23,1,3,3,5,3,1,7,5,1,5,1,1,62.0,60.0,60.0,60.0,55.0,31.0,35.0,30.0,32.0,27.0,57.8,47.8,57.2,50.8,41.9,15.8,12.3,16.1,16.2,12.3,104.0,78.0,94.0,73.0,67.0,107.0,95.0,116.0,76.0,75.0,28.5,25.7,30.7,22.3,18.9,7,23.0,25.0,25.0,24.0,26.0,10.0,11.0,11.0,11.0,13.0,5,1,300.0,VIR1230
1243,2017-05-02,7,47,68,21,28,75,97,22,3,7,7,5,7,1,5,5,1,5,2,2,65.0,60.0,66.0,60.0,60.0,30.0,32.0,36.0,37.0,33.0,64.7,53.1,96.2,35.8,63.5,24.8,27.1,56.3,17.0,30.3,183.0,53.0,74.0,34.0,64.0,147.0,74.0,104.0,51.0,89.0,22.7,18.7,27.2,13.9,22.7,7,21.0,25.0,23.0,25.0,25.0,10.0,11.0,11.0,12.0,12.0,3,10,195.0,VIR1243
1252,2017-05-02,7,39,66,27,29,68,85,17,1,3,5,5,3,1,7,5,1,5,1,2,57.0,60.0,46.0,61.0,61.0,23.0,30.0,30.0,27.0,25.0,49.1,53.3,24.6,85.4,39.6,11.5,13.5,5.5,18.4,9.2,125.0,103.0,57.0,183.0,80.0,119.0,130.0,65.0,256.0,113.0,19.5,23.6,11.9,42.1,20.3,7,22.0,23.0,22.0,20.0,23.0,10.0,11.0,11.0,10.0,11.0,5,1,205.0,VIR1252
1286,2017-05-02,7,47,69,22,25,72,91,19,1,3,5,5,3,1,5,5,1,5,1,2,63.0,63.0,65.0,56.0,60.0,40.0,41.0,41.0,35.0,37.0,30.0,39.4,54.0,57.1,46.2,12.0,12.1,28.6,27.2,21.2,44.0,75.0,67.0,62.0,54.0,44.0,87.0,82.0,78.0,67.0,11.4,20.4,20.2,19.2,17.1,7,23.0,24.0,22.0,23.0,24.0,12.0,12.0,11.0,12.0,13.0,3,1,270.0,VIR1286
1481,2017-05-02,7,47,70,23,29,76,97,21,1,3,7,7,3,1,9,5,7,7,2,1,75.0,70.0,90.0,80.0,80.0,45.0,43.0,55.0,45.0,50.0,94.3,129.7,71.0,91.3,153.7,59.4,75.6,47.4,61.2,98.1,71.0,103.0,45.0,70.0,106.0,71.0,111.0,48.0,79.0,109.0,20.1,31.4,13.8,23.1,34.0,5,25.0,25.0,21.0,26.0,25.0,12.0,13.0,14.0,13.0,13.0,5,1,370.0,VIR1481
2296,2017-05-02,7,47,70,23,27,74,96,22,1,3,5,5,3,1,9,5,1,5,1,2,70.0,70.0,80.0,73.0,70.0,50.0,47.0,46.0,51.0,46.0,81.7,74.7,66.7,79.4,98.3,42.7,38.2,22.1,36.4,30.6,85.0,82.0,112.0,99.0,143.0,90.0,90.0,132.0,106.0,163.0,23.7,25.7,36.5,29.3,47.3,5,24.0,22.0,25.0,23.0,25.0,13.0,12.0,12.0,14.0,12.0,5,1,305.0,VIR2296
