Accession ID,Accession name,Tiller number,Tiller angle (°),Plant height (cm),Flag leaf length (cm),Flag leaf width (cm),Flag leaf length / width,Flag leaf angle,Panicle number,Panicle type,Panicle length (cm),Pericarp color,Hull color
CH001,Guanglixian,13.5,21.3333333333333,104.333333333333,30.1,1.26,23.9038461538462,1.0,12.5,3.0,21.5,0.0,0.0
CH002,Huakeqiu,10.5,21.6666666666667,113.5,23.3,1.34,17.5027472527473,1.0,9.0,3.0,20.925,1.0,1.0
CH003,Changlixian,10.8333333333333,10.0,104.25,26.3,1.34,19.6263736263736,1.0,9.0,3.0,23.025,0.0,0.0
CH004,Yanjing,16.5,21.8333333333333,92.25,23.1,1.18,19.6136363636364,1.0,12.3333333333333,2.0,19.975,0.0,0.0
CH005,Yingtoujing,13.6666666666667,28.6666666666667,92.5,27.4,1.08,25.3909090909091,1.0,11.8333333333333,3.0,20.625,0.0,0.0
CH006,Shengmengwan,11.6666666666667,20.5,100.75,25.3,1.32,19.1978021978022,1.0,9.16666666666667,2.0,22.4,1.0,0.0
CH007,Niantianshi,15.0,22.3333333333333,127.0,29.7,1.06,28.0181818181818,3.0,10.5,4.0,22.3,1.0,0.0
CH008,Langxiang,18.0,27.5,113.0,32.3,1.3,24.7948717948718,1.0,14.3333333333333,2.0,21.25,1.0,0.0
CH009,Wanjin,11.5,21.0,103.0,24.6,1.18,20.8863636363636,3.0,11.8333333333333,1.0,21.3,1.0,0.0
CH010,Hongxian,26.5,17.6666666666667,102.25,35.7,1.0,35.7464646464646,3.0,22.3333333333333,2.0,21.9,1.0,0.0
CH011,Bolizhan,18.1666666666667,26.8333333333333,93.5,25.7,0.92,28.0,1.0,17.1666666666667,2.0,19.625,1.0,0.0
CH012,Shimaren,24.1666666666667,26.0,94.0,27.2,1.08,25.2090909090909,1.0,14.8333333333333,1.0,21.325,0.0,0.0
CH013,Qingshuichi,18.3333333333333,20.8333333333333,98.25,27.9,1.08,25.8939393939394,3.0,15.1666666666667,2.0,21.175,0.0,0.0
CH014,Aiguxianzhong,14.6666666666667,19.8333333333333,107.0,30.7,1.12,27.6606060606061,3.0,12.3333333333333,2.0,22.975,1.0,0.0
CH015,Baikeai,12.0,17.5,111.2,27.0,1.44,18.7142857142857,1.0,8.83333333333333,2.0,22.3375,0.0,0.0
CH016,Fanganzao,14.5,22.1666666666667,104.25,32.0,1.54,20.7833333333333,3.0,11.0,2.0,18.475,0.0,0.0
CH017,Yuhu,12.0,17.5,111.2,27.0,1.44,18.7142857142857,1.0,8.83333333333333,2.0,22.3375,0.0,0.0
CH018,Wudijing,19.0,32.5,119.333333333333,28.3,1.1,25.7272727272727,1.0,14.1666666666667,3.0,20.25,1.0,0.0
CH019,Rinaldo Bersari,16.0,30.8333333333333,82.0,27.1,1.7,15.9411764705882,1.0,12.0,1.0,21.25,0.0,0.0
CH020,Xianluosichi,13.5,22.3333333333333,109.25,33.5,1.22,27.5320512820513,3.0,12.0,3.0,21.65,0.0,0.0
CH026,IR 27325-27-3-3,23.1666666666667,15.1666666666667,112.0,29.7,1.68,17.7058823529412,3.0,12.3333333333333,2.0,22.3375,0.0,0.0
CH027,Bknbr 76025-10-8-1-2klg-1-1-1-1,24.3333333333333,13.1666666666667,94.75,24.1,1.6,15.1450980392157,1.0,14.1666666666667,2.0,20.4,0.0,0.0
CH028,HPA 74,17.6666666666667,15.3333333333333,80.0,22.6,1.1,20.5454545454545,1.0,14.5,2.0,19.05,0.0,0.0
CH029,K 428-25,16.5,14.6666666666667,86.75,24.0,1.4,17.1428571428571,1.0,11.1666666666667,1.0,20.7,0.0,0.0
CH030,Milyamg 70,17.8333333333333,20.3333333333333,80.5,24.7,1.22,20.2628205128205,1.0,11.5,2.0,23.375,0.0,0.0
CH031,NDR 89,12.5,18.3333333333333,66.75,25.0,1.38,18.1098901098901,1.0,10.8333333333333,1.0,21.175,0.0,0.0
CH032,Taizhonghongxuguzi,11.8333333333333,23.3333333333333,103.333333333333,29.5,1.32,22.3351648351648,1.0,8.33333333333333,1.0,18.7,0.0,0.0
CH033,Xiaobaizhan,11.6666666666667,28.0,116.25,40.6,1.36,29.8901098901099,3.0,8.16666666666667,1.0,21.6,0.0,0.0
CH034,Shuiyuan299,12.3333333333333,26.0,80.0,24.1,1.24,19.4423076923077,1.0,9.33333333333333,1.0,20.7,0.0,0.0
CH035,KALING A2,15.6666666666667,19.5,74.25,24.66,1.12,21.9787878787879,1.0,12.0,3.0,20.2,0.0,0.0
CH036,RP 1017-76-1-3-2,17.5,17.5,105.0,25.5,1.48,17.2285714285714,1.0,10.0,2.0,22.1,0.0,1.0
CH038,RANGPUR (KANGPUR),10.8333333333333,16.5,102.25,25.3,1.54,16.4375,1.0,9.16666666666667,2.0,22.175,1.0,0.0
CH039,Shouguzao,13.3333333333333,16.6666666666667,106.0,32.3,1.42,22.7333333333333,3.0,10.5,3.0,22.5,0.0,0.0
CH040,Luqingzao1hao,10.3333333333333,24.6666666666667,68.75,23.6,1.34,17.5888278388278,1.0,8.0,1.0,18.75,0.0,0.0
CH041,TONO BREA 439,15.5,24.5,154.5,33.8,1.4,24.1315018315018,5.0,8.16666666666667,2.0,22.3375,0.0,0.0
CH042,368,9.0,11.6666666666667,95.75,29.0,1.32,21.967032967033,1.0,7.66666666666667,2.0,18.875,0.0,0.0
CH043,BAU HUONG DOONG,18.0,15.0,145.25,31.6,1.16,27.2424242424242,1.0,10.0,3.0,22.3375,0.0,0.0
CH044,CHAH NONG NGHE AN,25.0,17.3333333333333,134.0,26.8,1.16,23.0984848484848,1.0,14.0,3.0,22.3375,0.0,0.0
CH045,CHIEM BAC,15.8333333333333,15.0,147.5,29.5,1.26,23.474358974359,3.0,13.1666666666667,3.0,22.3375,0.0,0.0
CH046,RE BAU,17.0,13.6666666666667,137.333333333333,25.2,1.22,20.6666666666667,1.0,12.3333333333333,2.0,22.3375,0.0,0.0
CH047,RE CHANH,20.6666666666667,19.6666666666667,150.5,25.7,1.16,22.3257575757576,3.0,12.5,3.0,22.3375,0.0,0.0
CH048,MA HNAN THU KA,17.6666666666667,16.1666666666667,104.75,22.1,1.54,14.3166666666667,3.0,9.83333333333333,2.0,21.075,0.0,0.0
CH049,C.CORTO 1,17.8333333333333,25.8333333333333,81.75,24.1,1.38,17.4725274725275,1.0,10.5,2.0,22.35,0.0,0.0
CH050,97A-M54,13.5,18.8333333333333,71.3333333333333,24.8,1.28,19.3717948717949,1.0,9.0,2.0,22.6,0.0,0.0
CH051,AMISTAD 82-8,14.0,17.5,87.6666666666667,24.8,1.36,18.2637362637363,1.0,8.33333333333333,2.0,22.3375,0.0,0.0
CH052,CIMANUK,17.5,14.1666666666667,85.75,30.4,1.08,28.2,1.0,14.5,3.0,21.775,0.0,0.0
CH054,OR 79-21,9.16666666666667,23.1666666666667,74.0,27.9,1.52,18.3583333333333,1.0,8.16666666666667,2.0,23.45,0.0,0.0
CH055,SINABA,10.1666666666667,21.5,114.75,23.6,1.38,17.1263736263736,1.0,8.0,2.0,21.15,0.0,0.0
CH056,QUCM,15.6666666666667,15.1666666666667,111.5,34.3,1.22,28.198717948718,5.0,12.1666666666667,3.0,22.3375,0.0,0.0
CH057,CSR 12,16.1666666666667,13.5,97.3333333333333,23.7,1.32,17.967032967033,1.0,13.3333333333333,2.0,21.575,0.0,0.0
CH058,CSR 13,15.1666666666667,12.5,97.0,21.6,1.3,16.6153846153846,1.0,11.5,2.0,23.75,0.0,0.0
CH059,CSR 5,17.6666666666667,10.0,87.5,29.3,1.2,24.5081585081585,1.0,11.1666666666667,2.0,23.875,0.0,0.0
CH060,CSR 9,20.1666666666667,19.3333333333333,102.4,25.1,1.5,16.7125,1.0,12.6666666666667,2.0,22.3375,0.0,0.0
CH061,TM 10265,17.0,14.6666666666667,98.0,25.4,1.58,16.0541666666667,1.0,13.6666666666667,2.0,21.45,1.0,0.0
CH062,SHINKWANG,14.1666666666667,25.3333333333333,77.6,37.3,1.76,21.1928104575163,1.0,11.1666666666667,2.0,22.475,0.0,0.0
CH063,AUS 43,20.3333333333333,12.6666666666667,64.3333333333333,23.9,1.12,21.3939393939394,1.0,18.1666666666667,1.0,19.9,0.0,0.0
CH064,BASMATI 685,17.0,25.8333333333333,89.5,21.5,1.48,14.5565476190476,1.0,13.6666666666667,2.0,22.3375,0.0,0.0
CH065,PR32-PD47-PD4,18.1666666666667,16.1666666666667,87.1666666666667,25.2,1.34,18.9661172161172,1.0,13.3333333333333,2.0,22.3375,0.0,0.0
CH066,NEANG CHHOUK,15.0,19.0,117.8,38.6,1.42,27.2728937728938,1.0,11.1666666666667,2.0,22.925,0.0,0.0
CH072,ITA 304,12.0,22.1666666666667,83.3333333333333,23.1,1.46,15.8095238095238,1.0,12.0,2.0,23.65,0.0,0.0
CH073,JC 195,16.0,19.5,105.833333333333,31.6,1.44,21.9428571428571,1.0,12.5,3.0,23.5,1.0,1.0
CH074,BG 915,14.0,15.3333333333333,90.6666666666667,23.8,1.2,19.8333333333333,1.0,12.3333333333333,2.0,21.725,0.0,0.0
CH075,BR 601-3-3-2-4,14.6666666666667,12.5,85.8333333333333,26.8,1.44,18.6714285714286,3.0,11.8333333333333,2.0,22.325,0.0,0.0
CH076,BATANG PANE,18.5,11.3333333333333,78.5,23.1,1.12,20.6515151515152,1.0,13.3333333333333,2.0,19.875,0.0,0.0
CH077,BG 1165-1,17.3333333333333,14.0,78.6666666666667,24.8,1.22,20.3589743589744,3.0,13.0,3.0,20.675,0.0,0.0
CH078,SLK 2-21-4,12.3333333333333,18.8333333333333,86.0,27.0,1.76,15.3954248366013,1.0,9.16666666666667,2.0,22.3375,0.0,0.0
CH079,BAHBUTONG,11.8333333333333,20.8333333333333,90.1666666666667,25.4,1.26,20.224358974359,1.0,7.83333333333333,2.0,24.05,1.0,0.0
CH080,CIPUNEGARA,17.3333333333333,11.1666666666667,102.333333333333,22.5,1.52,14.8,3.0,11.1666666666667,2.0,26.275,0.0,0.0
CH081,PANAMA 1537,15.3333333333333,14.3333333333333,88.8333333333333,25.1,1.94,12.9473684210526,3.0,10.1666666666667,2.0,22.3375,0.0,0.0
CH082,PR 23631-98,19.1666666666667,10.6666666666667,71.8333333333333,24.9,1.08,23.1636363636364,1.0,14.8333333333333,2.0,19.675,0.0,0.0
CH083,SELECCION VG-5,14.0,18.3333333333333,84.6666666666667,24.6,1.54,15.9916666666667,1.0,9.33333333333333,2.0,23.35,0.0,0.0
CH084,X72-7-1,14.0,10.8333333333333,97.8333333333333,15.8,1.6,9.875,3.0,10.5,2.0,22.525,0.0,0.0
CH085,NDR 4012,15.8333333333333,11.3333333333333,111.166666666667,27.8,1.42,19.5952380952381,3.0,13.1666666666667,2.0,22.3375,0.0,0.0
CH086,LAI TRANG,14.6666666666667,10.8333333333333,115.0,25.1,1.64,15.3235294117647,3.0,8.5,2.0,21.65,0.0,0.0
CH089,VL DHAN 16,13.6666666666667,16.1666666666667,115.333333333333,35.4,1.4,25.2879120879121,1.0,9.83333333333333,2.0,24.625,1.0,0.0
CH090,CSR 11,19.8333333333333,27.8333333333333,54.5,23.8,1.32,18.0860805860806,1.0,17.3333333333333,2.0,17.2,0.0,0.0
CH092,5173,15.0,15.0,101.166666666667,26.8,1.88,14.2622807017544,1.0,8.33333333333333,2.0,22.3375,0.0,0.0
CH093,GIZA 181,17.1666666666667,15.6666666666667,77.8333333333333,28.7,1.44,19.9476190476191,1.0,13.5,2.0,23.8,0.0,0.0
CH095,MALKORA(Acc.11716),12.0,17.5,111.2,27.0,1.44,18.7142857142857,1.0,8.83333333333333,2.0,22.3375,0.0,0.0
CH096,CCI 22-2-4-113,17.6666666666667,10.8333333333333,113.166666666667,26.4,1.68,15.8039215686275,1.0,12.1666666666667,2.0,22.3375,0.0,0.0
CH097,A1452,16.3333333333333,12.3333333333333,75.0,27.2,1.32,20.6098901098901,3.0,13.6666666666667,2.0,20.925,0.0,0.0
CH098,75-1-120,18.8333333333333,21.3333333333333,94.3333333333333,26.1,1.82,14.3661850705194,1.0,13.3333333333333,2.0,22.3375,0.0,0.0
CH099,Himdhan,14.3333333333333,18.6666666666667,103.833333333333,28.9,1.54,18.7333333333333,1.0,9.5,2.0,23.425,0.0,0.0
CH101,Kajaru,12.8333333333333,19.5,103.0,34.6,1.64,21.1323529411765,1.0,12.5,2.0,21.525,1.0,1.0
CH105,Chuanjiang25,13.1666666666667,8.83333333333333,73.5,26.8,1.8,14.9041967664259,1.0,10.0,2.0,23.925,0.0,0.0
CH106,PULUT KARU,13.8333333333333,25.6666666666667,171.666666666667,30.0,1.6,18.7830882352941,5.0,8.16666666666667,2.0,26.8,0.0,1.0
CH108,Sanjiang,12.3333333333333,13.8333333333333,84.6666666666667,21.5,1.38,15.657326007326,1.0,10.0,2.0,19.85,0.0,0.0
CH109,PADI SEGUTUK,12.0,15.3333333333333,111.2,28.7,2.02,14.2624060150376,3.0,8.83333333333333,2.0,22.3375,0.0,0.0
CH111,JW 42,11.8333333333333,24.8333333333333,98.6666666666667,19.0,1.36,13.9835164835165,3.0,7.5,1.0,20.15,0.0,0.0
CH113,Gu2725,16.8333333333333,10.3333333333333,96.1666666666667,23.2,1.8,12.9282765737874,1.0,12.0,2.0,22.3375,0.0,0.0
CH114,Si82,18.1666666666667,14.8333333333333,80.5,20.0,1.28,15.5897435897436,3.0,12.0,3.0,24.975,0.0,0.0
CH116,T 100,7.66666666666667,13.8333333333333,114.5,32.9,1.7,19.3545751633987,1.0,7.0,2.0,20.75,0.0,0.0
CH117,Fuhong521,13.0,11.6666666666667,80.1666666666667,33.6,1.7,19.7647058823529,1.0,8.5,2.0,22.775,0.0,0.0
CH119,Qijiazhan14,11.0,11.3333333333333,77.3333333333333,22.4,1.18,19.0151515151515,1.0,9.33333333333333,1.0,18.875,0.0,0.0
CH121,Shayouxuan2hao,9.33333333333333,11.0,64.3333333333333,22.5,1.38,16.3380952380952,1.0,6.5,2.0,18.425,0.0,0.0
CH122,Shenghong16,11.6666666666667,17.0,91.1666666666667,26.8,1.28,20.9551282051282,1.0,7.16666666666667,2.0,22.3375,0.0,0.0
CH123,Shunliangzao2hao,10.5,21.6666666666667,76.1666666666667,26.9,1.72,15.640522875817,3.0,7.5,2.0,21.975,0.0,0.0
CH124,HA 881043,12.0,14.6666666666667,64.0,29.6,1.38,21.5692307692308,1.0,10.1666666666667,2.0,19.0,0.0,0.0
CH125,Nancong3,12.3333333333333,23.0,95.5,18.9,1.34,14.0934065934066,1.0,11.0,2.0,21.625,0.0,0.0
CH126,Sanluzhan7hao,16.3333333333333,14.5,94.8333333333333,23.7,1.44,16.4380952380952,1.0,12.0,2.0,21.125,0.0,0.0
CH127,Sanwunuo1hao,12.0,23.6666666666667,84.1666666666667,21.2,1.4,15.1263736263736,3.0,8.0,2.0,21.15,0.0,0.0
CH128,Shanlanzhan,12.5,15.5,80.8333333333333,20.8,1.16,18.0075757575758,1.0,8.83333333333333,2.0,20.75,0.0,0.0
CH129,Huangsiguizhan,12.6666666666667,18.6666666666667,84.5,20.8,1.12,18.5681818181818,1.0,9.5,2.0,19.5,0.0,1.0
CH130,Guiyezhan10hao,15.5,14.1666666666667,84.5,20.9,1.14,18.3106060606061,1.0,12.3333333333333,2.0,22.75,0.0,0.0
CH131,Qisizhan,13.1666666666667,19.1666666666667,71.1666666666667,21.5,0.9,23.9361111111111,3.0,10.3333333333333,2.0,19.15,0.0,0.0
CH132,Yushanzhan,14.0,16.3333333333333,85.5,22.0,1.44,15.2666666666667,1.0,9.66666666666667,2.0,21.35,0.0,0.0
CH133,Zaoxinzhan1hao,12.0,13.3333333333333,76.0,20.4,1.34,15.2472527472527,1.0,11.0,2.0,17.95,0.0,0.0
CH134,Changza3hao,11.5,20.1666666666667,78.1666666666667,21.7,1.56,13.9333333333333,1.0,10.1666666666667,2.0,21.3,0.0,0.0
CH135,Qiqingzhan,10.8333333333333,18.1666666666667,89.0,19.3,1.14,16.9469696969697,1.0,9.16666666666667,2.0,22.35,0.0,0.0
CH136,Kemainuo,12.3333333333333,20.0,91.5,24.0,1.5,16.0732142857143,1.0,8.83333333333333,2.0,23.825,0.0,0.0
CH137,47-104,13.0,20.6666666666667,77.6666666666667,19.7,1.3,15.1538461538462,1.0,8.83333333333333,2.0,19.625,0.0,0.0
CH138,Jinyou1hao,15.5,12.6666666666667,101.0,25.8,1.6,16.125,1.0,9.83333333333333,2.0,25.325,0.0,0.0
CH139,Huinongzao1hao,14.8333333333333,21.5,59.8333333333333,24.1,1.36,17.6978021978022,3.0,12.6666666666667,2.0,19.0,0.0,0.0
CH140,Tiefu1hao,13.8333333333333,13.5,73.5,27.1,1.86,14.5906432748538,1.0,9.66666666666667,2.0,20.4,0.0,0.0
CH141,Longfei10hao,12.0,16.8333333333333,66.5,24.2,1.52,15.9785714285714,1.0,11.8333333333333,2.0,20.675,0.0,0.0
CH142,Jiangke3hao,12.0,13.8333333333333,65.5,25.4,1.6,15.9669117647059,1.0,9.66666666666667,2.0,18.75,0.0,0.0
CH143,Xiangji161-1,9.83333333333333,18.1666666666667,70.0,21.0,1.4,15.0813186813187,1.0,9.16666666666667,2.0,19.6,0.0,0.0
CH144,Hengxiao172,12.0,16.0,64.3333333333333,21.5,1.34,16.0824175824176,1.0,13.8333333333333,2.0,18.7,0.0,0.0
CH145,Lingwan1hao,12.0,30.5,108.0,25.2,1.8,14.0227038183695,1.0,9.83333333333333,2.0,24.2,0.0,0.0
CH146,Lixiangzao9hao,13.3333333333333,22.0,68.1666666666667,22.5,1.36,16.532967032967,1.0,9.5,2.0,18.65,0.0,0.0
CH147,85-10,11.0,22.3333333333333,69.8333333333333,26.5,1.74,15.2581699346405,1.0,11.1666666666667,2.0,20.775,0.0,0.0
CH148,Qingyangai,13.3333333333333,18.3333333333333,71.1666666666667,26.2,1.72,15.218954248366,1.0,12.3333333333333,2.0,22.175,0.0,0.0
CH149,Hanzhongheifengnuo,12.6666666666667,12.3333333333333,102.666666666667,24.9,1.7,14.6470588235294,1.0,10.5,2.0,23.875,1.0,1.0
CH150,Xiangzhennuo,11.6666666666667,20.0,92.8333333333333,25.2,1.8,14.0132438940488,3.0,7.33333333333333,2.0,23.675,0.0,0.0
CH152,Pufeng14hao,12.3333333333333,29.0,84.3333333333333,33.5,1.78,18.8398692810458,1.0,8.66666666666667,4.0,21.8,0.0,0.0
CH153,Qingliuai1hao,12.3333333333333,25.6666666666667,104.0,24.9,1.38,18.0725274725275,1.0,8.0,2.0,25.8,0.0,0.0
CH154,Yannongzao4hao,10.5,9.33333333333333,77.1666666666667,24.1,1.42,16.9857142857143,1.0,9.16666666666667,2.0,20.95,0.0,0.0
CH155,Yushuinuo,12.1666666666667,9.33333333333333,82.1666666666667,23.1,1.44,16.0666666666667,1.0,9.66666666666667,2.0,20.35,0.0,0.0
CH156,Q 5,13.5,10.6666666666667,87.8333333333333,17.4,1.24,14.0641025641026,3.0,10.5,2.0,22.15,0.0,0.0
CH157,M 099,9.16666666666667,12.6666666666667,98.1666666666667,24.9,1.68,14.8602941176471,3.0,6.5,2.0,23.675,0.0,0.0
CH158,Guangjiuxuan20,8.83333333333333,11.1666666666667,82.6666666666667,26.5,1.48,17.9238095238095,1.0,7.66666666666667,2.0,22.175,0.0,0.0
CH159,S 9042,12.0,9.66666666666667,56.3333333333333,24.7,1.52,16.2541666666667,1.0,8.83333333333333,2.0,19.525,0.0,0.0
CH160,SIPULUT DUKUNG,10.3333333333333,11.3333333333333,154.166666666667,40.4,1.68,24.0882352941176,3.0,7.8,2.0,22.3375,0.0,0.0
CH162,Doc phung lun AR-16,14.8333333333333,10.0,91.0,24.4,1.44,16.9476190476191,1.0,8.83333333333333,2.0,23.25,0.0,0.0
CH163,Bagoo,8.66666666666667,14.6666666666667,96.6666666666667,24.1,2.14,11.2489177489178,3.0,6.16666666666667,2.0,23.325,0.0,0.0
CH164,Pratao Precoce,12.1666666666667,20.5,84.0,23.8,1.2,19.8782051282051,1.0,8.66666666666667,2.0,24.0,0.0,0.0
CH165,1641xuan,12.3333333333333,13.8333333333333,79.8333333333333,22.4,1.32,16.9615384615385,1.0,9.0,2.0,20.9,0.0,0.0
CH166,Boqizhanxuan,18.5,11.6666666666667,85.3333333333333,20.3,1.3,15.6153846153846,3.0,11.8333333333333,2.0,20.1,0.0,0.0
CH167,Zhaodaowen,12.6666666666667,25.1666666666667,89.8333333333333,23.0,1.82,12.656174750602,1.0,6.83333333333333,2.0,24.0,0.0,0.0
CH168,Xiaobaigu,14.3333333333333,10.6666666666667,140.666666666667,29.2,1.36,21.521978021978,1.0,7.83333333333333,2.0,22.775,0.0,0.0
CH169,Shuibaichuan,13.1666666666667,11.6666666666667,138.666666666667,33.7,1.62,20.8272058823529,3.0,9.5,2.0,24.375,1.0,1.0
CH170,B 6397F-MR-7-5M-1-1,15.1666666666667,14.8333333333333,92.6666666666667,25.2,1.32,19.0659340659341,3.0,9.16666666666667,3.0,23.25,0.0,0.0
CH171,Zhong11,13.3333333333333,11.3333333333333,104.833333333333,25.5,1.76,14.5,1.0,9.0,2.0,22.3375,0.0,0.0
CH172,Yuanzhen397,12.1666666666667,14.5,106.833333333333,21.7,1.46,14.8666666666667,1.0,8.0,2.0,24.125,0.0,0.0
CH173,Qionghai1hao,16.5,15.0,103.666666666667,21.8,1.48,14.7428571428571,1.0,9.0,2.0,25.05,0.0,0.0
CH174,Guiyu100,10.8333333333333,11.6666666666667,98.1666666666667,25.6,1.42,18.1785714285714,1.0,7.83333333333333,2.0,25.4,0.0,0.0
CH175,Huasizhan,16.8333333333333,14.0,89.8333333333333,21.4,1.04,20.6,1.0,11.5,2.0,21.6,0.0,0.0
CH176,Aomeizhan1hao,10.1666666666667,22.1666666666667,85.0,21.5,1.52,14.1845238095238,1.0,7.66666666666667,2.0,22.875,0.0,0.0
CH177,Tieganlu,10.3333333333333,26.5,125.5,30.8,1.8,17.1425438596491,5.0,8.16666666666667,2.0,22.325,0.0,0.0
CH179,Puningmalongya,11.5,10.3333333333333,108.833333333333,29.1,1.44,20.2142857142857,1.0,11.0,1.0,20.2,0.0,0.0
CH180,Zaoxiang17,12.5,12.1666666666667,79.6666666666667,28.4,1.5,18.9541666666667,1.0,8.5,2.0,23.825,0.0,0.0
CH181,Guangjingxian165,15.6666666666667,11.8333333333333,73.6666666666667,22.4,1.54,14.5458333333333,1.0,11.6666666666667,1.0,20.875,0.0,0.0
CH182,Shuangai1,15.5,20.8333333333333,83.3333333333333,23.3,1.66,14.0551470588235,1.0,10.0,2.0,21.9,0.0,0.0
CH183,Wai128xuan,12.1666666666667,11.0,93.1666666666667,27.0,1.68,16.0845588235294,1.0,9.5,2.0,22.425,0.0,0.0
CH184,Yinhuazhan,11.3333333333333,23.5,91.1666666666667,24.2,1.56,15.5333333333333,3.0,8.16666666666667,1.0,20.875,0.0,0.0
CH185,Aiqingzhan,11.8333333333333,24.0,85.0,20.1,1.34,15.0717948717949,1.0,8.66666666666667,2.0,21.75,0.0,0.0
CH186,Yuanzhenzhan,15.5,24.0,94.5,19.5,1.28,15.2435897435897,1.0,11.0,2.0,24.025,0.0,0.0
CH187,Xianhuangzhan,12.5,13.8333333333333,93.8333333333333,23.1,1.84,12.5614035087719,1.0,7.16666666666667,2.0,20.275,0.0,0.0
CH188,Yueyezhan6,18.3333333333333,11.3333333333333,78.0,19.5,1.1,17.7893939393939,1.0,11.8333333333333,2.0,21.925,0.0,0.0
CH189,Pin378,14.0,20.0,100.166666666667,20.7,1.18,17.6060606060606,1.0,10.5,2.0,22.625,0.0,0.0
CH190,Chaoliuzhan1,13.6666666666667,24.5,88.8333333333333,22.3,1.32,16.9120879120879,1.0,8.83333333333333,2.0,21.775,0.0,0.0
CH191,Pin96118,9.83333333333333,32.6666666666667,86.3333333333333,22.0,1.38,15.9340659340659,1.0,7.83333333333333,2.0,22.45,0.0,0.0
CH192,Xinke2,13.3333333333333,20.3333333333333,80.1666666666667,22.4,1.2,18.6666666666667,1.0,10.3333333333333,1.0,21.95,0.0,0.0
CH193,Lvyuanzhan,10.8333333333333,19.3333333333333,88.6666666666667,24.0,1.68,14.3125,3.0,6.33333333333333,2.0,22.0,0.0,0.0
CH194,Guangqingzhan,12.5,21.6666666666667,101.5,22.5,1.42,15.8666666666667,1.0,7.33333333333333,2.0,25.25,0.0,0.0
CH195,Guisanzhan,11.5,33.1666666666667,118.5,27.4,1.6,17.1404411764706,1.0,8.16666666666667,2.0,26.5,0.0,0.0
CH196,Shanuo,19.5,13.0,100.333333333333,24.7,0.9,27.6972222222222,1.0,15.0,3.0,20.425,1.0,1.0
CH197,Shangu,12.6666666666667,23.5,112.333333333333,25.8,1.08,23.9272727272727,3.0,9.66666666666667,2.0,19.975,0.0,1.0
CH198,Xilaopi,8.0,11.6666666666667,151.166666666667,30.8,1.5,20.5928571428571,3.0,6.16666666666667,2.0,24.775,1.0,0.0
CH199,Haoanlongmiemen,7.5,13.3333333333333,137.0,28.7,1.58,18.3917717086835,5.0,6.5,2.0,26.4,0.0,0.0
CH200,Baikesanbailixian,13.6666666666667,24.0,87.1666666666667,23.4,1.06,22.0727272727273,1.0,11.5,2.0,19.175,0.0,0.0
CH201,Qingjing21,11.8333333333333,28.6666666666667,90.1666666666667,22.8,1.48,15.3904761904762,1.0,6.0,2.0,20.8,0.0,0.0
CH202,105tianmagu,24.5,17.3333333333333,87.5,27.1,0.96,28.2555555555556,3.0,21.8333333333333,1.0,17.35,0.0,1.0
CH203,Maoliudimin,13.3333333333333,29.0,113.5,32.0,1.48,21.6761904761905,1.0,11.1666666666667,3.0,22.5,0.0,0.0
CH204,Liushizi,11.8333333333333,15.5,115.25,33.2,1.6,20.7176470588235,1.0,7.83333333333333,3.0,25.825,0.0,0.0
CH205,Qiuqianbai,13.3333333333333,27.0,107.0,28.2,1.36,20.7692307692308,1.0,9.16666666666667,2.0,22.5,1.0,0.0
CH206,Yiluxiang,12.1666666666667,24.6666666666667,112.0,38.4,1.4,27.4285714285714,3.0,9.33333333333333,2.0,23.9,0.0,0.0
CH207,Yingguzhan,15.8333333333333,28.6666666666667,98.0,23.6,1.16,20.4090909090909,3.0,13.5,2.0,19.1,0.0,0.0
CH208,Changmangjing,15.5,14.5,105.0,29.6,1.2,24.6655011655012,3.0,11.6666666666667,3.0,23.25,1.0,0.0
CH209,Lucaihao,10.1666666666667,28.3333333333333,111.2,28.4,1.72,16.5486111111111,3.0,8.5,2.0,19.125,0.0,0.0
CH210,Duligan,15.1666666666667,21.0,122.0,28.2,1.22,23.0961538461538,1.0,10.1666666666667,2.0,20.425,0.0,0.0
CH211,Chongyangnuo,16.8333333333333,14.6666666666667,130.25,30.3,1.18,25.7424242424242,3.0,13.0,4.0,23.25,0.0,0.0
CH212,Nantezhan,14.6666666666667,22.0,96.25,21.0,1.76,11.9640522875817,3.0,10.0,2.0,21.625,0.0,0.0
CH213,Changmaxian,16.0,24.8333333333333,74.5,28.8,1.48,19.4732142857143,1.0,11.0,2.0,22.225,0.0,0.0
CH214,Kuxindao,12.6666666666667,21.8333333333333,123.0,32.2,1.4,23.0333333333333,1.0,11.5,3.0,23.0,0.0,1.0
CH215,Guanyindao,12.0,28.1666666666667,87.0,25.7,1.56,16.4833333333333,1.0,10.0,1.0,20.525,0.0,0.0
CH217,Xuanenchangtanqingzhan,11.8333333333333,21.0,127.25,34.0,1.64,20.7953431372549,1.0,10.6666666666667,3.0,23.4,0.0,0.0
CH218,Xiaoguandabaigu,13.6666666666667,24.6666666666667,114.0,30.4,1.32,23.0054945054945,3.0,11.1666666666667,3.0,23.325,0.0,0.0
CH220,Liuyuehuang,13.8333333333333,20.1666666666667,112.75,34.7,1.64,21.1139705882353,5.0,10.5,3.0,20.875,0.0,0.0
CH221,Yeyepiao,13.1666666666667,23.5,104.0,31.0,1.48,20.9690476190476,3.0,9.0,2.0,19.6,1.0,0.0
CH222,Jiangbianzao,11.0,10.6666666666667,122.5,26.5,1.52,17.4791666666667,1.0,8.83333333333333,2.0,21.0,0.0,0.0
CH223,Siguqi,13.1666666666667,35.0,106.25,25.3,1.52,16.6625,3.0,9.83333333333333,2.0,22.525,0.0,0.0
CH224,Heijiezao,11.0,22.8333333333333,140.25,30.5,1.64,18.6487745098039,3.0,7.5,2.0,22.45,0.0,0.0
CH225,Haofangzuo,17.5,16.0,84.75,23.0,1.46,15.752380952381,1.0,11.6666666666667,2.0,22.3375,0.0,0.0
CH226,Xigu,9.66666666666667,10.6666666666667,141.2,31.1,1.5,20.7333333333333,1.0,7.0,2.0,26.525,0.0,0.0
CH227,Aiziqi,11.6666666666667,14.8333333333333,140.5,30.6,1.28,23.956043956044,3.0,10.1666666666667,3.0,21.075,1.0,0.0
CH228,Mitiaonuo,10.5,11.0,158.5,23.7,1.86,12.733918128655,1.0,7.16666666666667,2.0,26.225,0.0,0.0
CH229,Erbaixuan,9.83333333333333,15.1666666666667,135.0,27.7,1.48,18.7488095238095,3.0,8.5,2.0,24.075,0.0,0.0
CH230,Kawagu,10.1666666666667,10.0,77.0,27.3,1.62,16.8823529411765,1.0,7.66666666666667,2.0,21.775,0.0,0.0
CH231,Siguqi,8.83333333333333,29.3333333333333,126.0,27.3,2.1,13.0108225108225,3.0,6.16666666666667,1.0,20.375,0.0,0.0
CH232,Wumingaixian,9.0,22.3333333333333,120.75,25.9,2.1,12.3732057416268,3.0,5.66666666666667,1.0,18.9,0.0,0.0
CH234,Mazhan(1),12.1666666666667,16.0,104.8,29.7,1.7,17.4705882352941,1.0,8.33333333333333,3.0,23.375,0.0,1.0
CH235,Mayouzhan,8.16666666666667,13.6666666666667,128.75,31.1,1.68,18.5102124183007,3.0,6.83333333333333,2.0,25.825,0.0,0.0
CH239,Wulicun,10.1666666666667,16.3333333333333,84.5,25.4,1.88,13.5111111111111,1.0,7.0,2.0,22.275,0.0,0.0
CH240,Wanminuo,9.0,22.0,123.0,34.2,1.5,22.875350140056,3.0,7.5,5.0,22.95,0.0,0.0
CH241,Heimi,11.1666666666667,16.3333333333333,104.833333333333,21.8,1.68,12.9852941176471,1.0,8.5,2.0,23.3,0.0,1.0
CH242,Dishuigu,10.3333333333333,17.5,101.75,25.5,1.96,12.9947368421053,3.0,6.5,2.0,22.65,0.0,0.0
CH243,Yelicang,14.5,18.0,129.75,30.0,1.58,18.9910714285714,1.0,10.5,3.0,26.025,0.0,0.0
CH244,Baiganlufeng,12.1666666666667,12.0,139.75,31.4,1.4,22.4285714285714,1.0,8.33333333333333,2.0,24.45,0.0,1.0
CH245,Sankecun,15.0,18.8333333333333,98.5,24.2,1.56,15.5142857142857,1.0,8.66666666666667,2.0,21.9,0.0,0.0
CH246,Qianhui13,9.5,20.6666666666667,114.0,20.0,1.56,12.8208333333333,3.0,6.16666666666667,2.0,20.125,0.0,0.0
CH247,R 481 yan ,11.8333333333333,11.6666666666667,83.75,20.6,1.42,14.4952380952381,1.0,8.66666666666667,2.0,20.025,0.0,0.0
CH248,Tianhongtian,11.0,11.6666666666667,90.5,26.6,1.42,18.7142857142857,1.0,7.83333333333333,2.0,18.825,1.0,0.0
CH249,Wan48,10.1666666666667,9.33333333333333,87.75,25.6,1.84,13.9035087719298,1.0,9.16666666666667,2.0,21.825,0.0,0.0
CH250,Guifuxian3hao,8.33333333333333,10.3333333333333,105.2,22.9,1.46,15.7142857142857,1.0,7.33333333333333,2.0,23.95,0.0,0.0
CH251,Kainuo91,7.33333333333333,12.1666666666667,113.5,23.6,1.92,12.2643274853801,3.0,4.83333333333333,2.0,24.6,0.0,0.0
CH252,Zao89-5513,12.0,22.5,77.75,21.1,1.34,15.7142857142857,1.0,9.0,2.0,21.55,0.0,0.0
CH253,Louzaoxianjian17,12.0,18.6666666666667,60.5,21.1,1.38,15.2967032967033,1.0,8.83333333333333,2.0,18.65,0.0,0.0
CH254,Nanjing3678,15.8333333333333,21.0,87.75,23.7,1.5,15.8047619047619,1.0,10.6666666666667,2.0,22.3375,0.0,0.0
CH255,Guangwen125,11.6666666666667,20.6666666666667,83.75,23.5,1.8,13.0555555555556,1.0,7.16666666666667,1.0,17.95,0.0,0.0
CH256,Zhongjuanxian,10.0,10.6666666666667,120.0,28.2,1.92,14.6906432748538,3.0,6.5,2.0,22.25,0.0,0.0
CH257,Kexiang,9.33333333333333,13.1666666666667,87.0,25.5,1.9,13.4201754385965,1.0,7.83333333333333,2.0,21.6,0.0,0.0
CH258,Haohao,12.0,11.3333333333333,97.0,22.8,1.5,15.2636904761905,3.0,9.5,2.0,22.4,1.0,1.0
CH259,Guangnangu,13.0,14.5,158.0,31.9,1.44,22.1952380952381,5.0,8.5,2.0,24.65,0.0,0.0
CH260,Haogailan,9.16666666666667,16.0,125.5,25.3,1.98,12.7894736842105,3.0,5.16666666666667,2.0,19.975,0.0,0.0
CH261,Maxiangu,10.0,18.8333333333333,199.5,28.1,1.76,16.0326797385621,5.0,7.66666666666667,2.0,30.1,0.0,0.0
CH262,Huangbansuo,12.3333333333333,17.5,142.25,35.2,1.64,21.4558823529412,5.0,8.33333333333333,2.0,27.3,0.0,0.0
CH265,Yazhan,15.5,23.6666666666667,120.25,28.1,1.28,21.974358974359,3.0,13.3333333333333,2.0,24.625,1.0,1.0
CH266,Erhuangmi,14.1666666666667,13.1666666666667,123.25,28.7,1.48,19.3517857142857,1.0,10.1666666666667,3.0,22.0,1.0,1.0
CH267,Menjiaheisi,14.5,10.3333333333333,95.5,21.8,1.8,12.1111111111111,1.0,11.1666666666667,2.0,18.9,1.0,1.0
CH268,Wunong6hao,18.0,19.3333333333333,99.5,25.7,1.02,25.2040404040404,3.0,15.5,3.0,20.475,0.0,0.0
CH269,Zaoguiba,14.6666666666667,21.0,84.0,23.7,1.6,14.7995098039216,1.0,10.1666666666667,2.0,19.725,0.0,0.0
CH270,Benmonuo,9.16666666666667,10.6666666666667,82.75,29.5,1.88,15.7055555555556,1.0,7.0,2.0,24.625,1.0,1.0
CH271,Xinheinuo2hao,16.0,22.6666666666667,96.1666666666667,22.1,1.92,11.5315789473684,1.0,10.8333333333333,2.0,22.3375,0.0,0.0
CH272,89-6,15.5,21.6666666666667,94.5,20.9,1.6,13.1571078431373,1.0,10.5,2.0,19.55,0.0,0.0
CH273,Shuangkanghong,17.0,17.1666666666667,94.0,27.3,1.48,18.4619047619048,1.0,10.1666666666667,2.0,22.3375,0.0,0.0
CH274,Zaonuo,14.5,16.0,117.5,29.7,1.3,22.9102564102564,1.0,11.6666666666667,3.0,23.1,0.0,0.0
CH275,Shenshuihong,13.0,15.3333333333333,135.25,34.2,1.6,21.3769607843137,3.0,10.1666666666667,3.0,22.275,0.0,0.0
CH276,Mengguandamagu,9.0,13.0,135.0,29.9,1.46,20.4761904761905,1.0,8.83333333333333,3.0,20.275,0.0,1.0
CH277,Yeyaxuxuzhan,9.83333333333333,28.6666666666667,128.25,38.5,1.48,25.997619047619,3.0,7.83333333333333,4.0,24.875,0.0,0.0
CH278,Baimimagu,10.3333333333333,29.0,151.25,33.4,1.34,25.0549450549451,5.0,10.0,3.0,27.25,0.0,1.0
CH279,Gaicaozhan,12.0,29.3333333333333,124.5,30.3,1.48,20.4857142857143,1.0,8.16666666666667,3.0,24.7,0.0,1.0
CH280,Babaomi,10.6666666666667,22.6666666666667,153.0,32.5,1.86,17.4736842105263,7.0,7.0,3.0,25.275,0.0,0.0
CH281,Jianshiguiyangzhan,16.3333333333333,17.1666666666667,82.5,17.2,1.44,11.947619047619,1.0,8.83333333333333,2.0,22.85,0.0,0.0
CH282,KATAHATA HAMBA ,12.0,17.5,111.2,27.0,1.44,18.7142857142857,1.0,8.83333333333333,2.0,22.3375,0.0,0.0
CH283,SINNA SIVAPPU ,10.8333333333333,17.0,88.1666666666667,19.7,1.44,13.6952380952381,1.0,6.83333333333333,2.0,22.525,0.0,0.0
CH285,Chikaopi,12.0,17.5,111.2,27.0,1.44,18.7142857142857,1.0,8.83333333333333,2.0,22.3375,0.0,0.0
CH286,Xinyangheimi,16.5,20.6666666666667,98.0,27.9,1.68,16.6638071895425,1.0,9.33333333333333,2.0,22.3375,0.0,0.0
CH287,Xindao407,11.6666666666667,20.3333333333333,86.75,26.7,1.36,19.607326007326,1.0,7.0,2.0,20.4,0.0,0.0
CH288,Yunanxiang98,14.5,28.6666666666667,97.25,26.0,1.2,21.6666666666667,1.0,5.66666666666667,2.0,22.725,0.0,0.0
CH289,Heiyu1hao,11.8333333333333,13.3333333333333,89.5,23.9,1.74,13.7549019607843,1.0,7.66666666666667,2.0,22.6,1.0,1.0
CH290,Zaobai,7.66666666666667,10.6666666666667,113.0,32.5,1.76,18.4771241830065,1.0,6.16666666666667,3.0,23.025,0.0,0.0
CH291,Guanyinxian,10.3333333333333,13.0,103.0,31.8,1.58,20.1583333333333,1.0,10.3333333333333,2.0,23.7,0.0,0.0
CH292,Anzhaixian,12.6666666666667,15.0,113.25,29.7,1.3,22.9001831501831,1.0,8.33333333333333,3.0,23.9333333333333,0.0,0.0
CH293,Wujiezaodao,12.1666666666667,18.0,124.5,28.1,1.48,19.0029761904762,3.0,8.16666666666667,3.0,22.575,1.0,0.0
CH294,Guangyexian,12.3333333333333,16.3333333333333,105.0,25.0,1.38,18.1252747252747,1.0,10.0,2.0,19.075,0.0,0.0
CH295,Aiganhuang,13.1666666666667,23.0,94.75,25.6,1.3,19.717032967033,1.0,10.0,2.0,21.975,0.0,0.0
CH296,Zinuo,8.33333333333333,12.6666666666667,137.25,25.8,1.62,15.9264705882353,3.0,8.5,2.0,23.5,1.0,1.0
CH297,Menghainuo,7.33333333333333,10.3333333333333,154.75,32.5,1.74,18.6764705882353,3.0,7.33333333333333,2.0,26.375,0.0,1.0
CH298,Haoxiang,12.0,17.5,111.2,27.0,1.44,18.7142857142857,1.0,8.83333333333333,2.0,22.3375,0.0,0.0
CH299,Daozhouzao,10.5,30.3333333333333,122.25,33.1,1.74,19.0359477124183,1.0,8.33333333333333,3.0,24.975,0.0,0.0
CH300,Baijiaoheijie,12.0,17.5,111.2,27.0,1.44,18.7142857142857,1.0,8.83333333333333,2.0,22.3375,0.0,0.0
CH301,Dahuanggu,12.0,17.5,111.2,27.0,1.44,18.7142857142857,1.0,8.83333333333333,2.0,22.3375,0.0,0.0
CH302,Heigu,10.8333333333333,26.0,111.0,27.1,1.46,18.6,3.0,7.16666666666667,1.0,17.475,0.0,0.0
CH303,Xianshuizhan,12.0,31.8333333333333,128.5,27.1,1.44,18.8380952380952,3.0,9.66666666666667,1.0,19.9,0.0,0.0
CH304,Huangkechi,12.0,17.5,111.2,27.0,1.44,18.7142857142857,1.0,8.83333333333333,2.0,22.3375,0.0,0.0
CH305,Yinzhan,15.1666666666667,11.8333333333333,134.0,37.7,1.22,30.8846153846154,1.0,9.16666666666667,3.0,24.275,0.0,0.0
CH306,Heinuo,12.0,26.5,140.0,26.4,1.2,22.0,3.0,9.16666666666667,2.0,23.625,0.0,0.0
CH307,Baishiyan,10.6666666666667,11.0,111.5,28.5,1.6,17.8125,1.0,9.83333333333333,2.0,19.825,0.0,0.0
CH308,Manzhongkuai,12.0,17.5,111.2,27.0,1.44,18.7142857142857,1.0,8.83333333333333,2.0,22.3375,0.0,0.0
CH309,Potouzhong,12.0,17.5,111.2,27.0,1.44,18.7142857142857,1.0,8.83333333333333,2.0,22.3375,0.0,0.0
CH310,Qimei,12.0,17.5,111.2,27.0,1.44,18.7142857142857,1.0,8.83333333333333,2.0,22.3375,0.0,0.0
CH311,NEANG SAN,12.0,17.5,111.2,27.0,1.44,18.7142857142857,1.0,8.83333333333333,2.0,22.3375,0.0,0.0
CH312,Xianshuiyang,12.0,17.5,111.2,27.0,1.44,18.7142857142857,1.0,8.83333333333333,2.0,22.3375,0.0,0.0
CH313,Zaomiaosi,12.5,23.1666666666667,128.5,31.6,1.6,19.756862745098,1.0,11.1666666666667,2.0,23.775,0.0,0.0
CH314,Dayexiaoxianggu,10.3333333333333,23.1666666666667,130.0,26.9,1.54,17.478431372549,1.0,9.0,2.0,23.75,0.0,0.0
CH315,Qihuangzhan,11.1666666666667,31.1666666666667,128.5,31.1,1.68,18.5245098039216,3.0,8.33333333333333,2.0,25.475,0.0,0.0
CH316,Chizaoxian,8.16666666666667,27.5,115.5,28.6,1.46,19.6083333333333,5.0,7.33333333333333,3.0,23.625,0.0,0.0
CH317,Yelicang,9.16666666666667,24.5,136.25,29.8,1.46,20.3952380952381,5.0,7.83333333333333,4.0,26.25,0.0,0.0
CH318,Baiguzi,12.0,23.6666666666667,134.75,30.8,1.68,18.3529411764706,1.0,7.33333333333333,2.0,25.15,0.0,0.0
CH319,Wuganzao,9.0,16.3333333333333,130.5,31.9,1.32,24.1391941391941,3.0,8.66666666666667,3.0,22.2,1.0,0.0
CH320,Yintiaozhan,9.33333333333333,20.1666666666667,138.5,24.4,1.44,16.9190476190476,3.0,7.16666666666667,1.0,21.625,0.0,0.0
CH322,BG 170,10.6666666666667,10.6666666666667,117.75,18.1,1.28,14.1666666666667,3.0,7.66666666666667,2.0,23.1,0.0,0.0
CH324,Dahonggu2,6.16666666666667,22.8333333333333,130.0,28.2,1.64,17.1957516339869,3.0,6.33333333333333,3.0,24.325,0.0,0.0
CH325,Youzhan,8.83333333333333,25.5,71.0,23.3,1.42,16.4051282051282,1.0,7.83333333333333,2.0,20.85,0.0,0.0
CH326,Shuibawang,9.5,34.5,84.0,25.7,2.06,12.4575757575758,1.0,7.33333333333333,1.0,22.475,0.0,0.0
CH327,Lichuanbaimaweizhan,11.6666666666667,11.5,134.0,31.4,1.28,24.5384615384615,3.0,7.66666666666667,2.0,23.1,0.0,0.0
CH328,Tedali,10.8333333333333,25.0,76.0,19.3,1.6,12.0727941176471,3.0,9.33333333333333,2.0,23.25,0.0,0.0
CH329,Ziyedao,12.0,21.3333333333333,114.75,33.7,1.22,28.0313852813853,1.0,9.83333333333333,3.0,22.725,0.0,0.0
CH330,Guangling124,8.0,15.1666666666667,138.5,28.2,1.46,19.3095238095238,3.0,7.16666666666667,3.0,21.2,0.0,0.0
CH331,Hongmixiangmazhan,16.1666666666667,11.6666666666667,122.5,32.3,1.16,27.8484848484848,1.0,9.66666666666667,2.0,21.325,1.0,0.0
CH332,Xiaomagu,10.6666666666667,16.5,144.5,30.7,1.68,18.2720588235294,3.0,5.66666666666667,3.0,25.15,1.0,1.0
CH333,Lengshuizhan,9.66666666666667,9.66666666666667,136.75,29.8,1.64,18.2083333333333,1.0,7.16666666666667,2.0,24.775,0.0,1.0
CH334,Tiegangu,9.5,28.8333333333333,111.75,35.7,1.62,22.1058823529412,3.0,7.66666666666667,2.0,22.175,0.0,0.0
CH337,Guangdongzaoxiang,11.8333333333333,19.1666666666667,117.25,27.2,1.38,19.7032967032967,1.0,8.5,3.0,22.375,0.0,0.0
CH338,Xiajiaoheidao,10.0,25.8333333333333,144.75,25.6,1.1,23.480303030303,3.0,7.16666666666667,3.0,21.925,0.0,0.0
CH339,Hejian,12.0,30.3333333333333,120.5,34.5,1.18,29.25,3.0,9.33333333333333,3.0,22.4,0.0,0.0
CH340,Hantaizhan,12.0,17.5,111.2,27.0,1.44,18.7142857142857,1.0,8.83333333333333,2.0,22.3375,0.0,0.0
CH341,Xinzhenggu,9.66666666666667,21.8333333333333,130.25,39.9,1.52,26.2410714285714,3.0,7.66666666666667,3.0,24.45,0.0,0.0
CH342,Jiangbanuo,11.8333333333333,29.3333333333333,132.25,27.9,1.58,17.6625,1.0,8.0,3.0,23.625,0.0,0.0
CH343,Haodongleng,7.66666666666667,12.0,150.0,25.5,1.68,15.2226307189542,3.0,5.66666666666667,2.0,27.525,0.0,1.0
CH344,Haobawan,11.1666666666667,26.6666666666667,149.0,29.3,1.36,21.543956043956,1.0,8.33333333333333,2.0,26.15,0.0,0.0
CH345,Haobixiang,10.1666666666667,10.3333333333333,137.25,28.0,1.5,18.6666666666667,1.0,6.66666666666667,2.0,23.8,1.0,1.0
CH346,Yinxuan1hao,6.5,20.6666666666667,128.0,27.0,1.44,18.7142857142857,1.0,6.0,2.0,24.4,0.0,0.0
CH347,Lengshuibai,12.0,15.1666666666667,111.2,27.0,1.44,18.7142857142857,1.0,8.83333333333333,2.0,22.3375,0.0,0.0
CH348,Xiaobaigu,12.0,17.5,111.2,27.0,1.44,18.7142857142857,1.0,8.83333333333333,2.0,22.3375,0.0,0.0
CH349,Bairizao,11.3333333333333,11.6666666666667,129.25,30.7,1.4,21.9234432234432,1.0,7.83333333333333,2.0,23.1,1.0,0.0
CH350,Dingyaungu,12.6666666666667,9.66666666666667,131.2,24.7,1.26,19.6089743589744,3.0,8.5,2.0,29.425,1.0,0.0
CH351,Honggu,14.8333333333333,12.6666666666667,144.0,27.8,1.28,21.7435897435897,1.0,10.0,2.0,24.075,1.0,0.0
CH352,Zigangu,8.66666666666667,10.6666666666667,184.0,37.1,1.74,21.5410646714826,3.0,6.0,2.0,22.3375,0.0,0.0
CH353,Xiaobaigu,13.5,10.3333333333333,134.25,29.9,1.38,21.6758241758242,3.0,9.0,2.0,28.8,1.0,0.0
CH354,Laozhuangbai,8.66666666666667,11.3333333333333,154.333333333333,27.9,1.5,18.6,3.0,7.16666666666667,2.0,24.975,0.0,0.0
CH355,Dongdabai,9.5,9.66666666666667,171.6,31.4,1.88,16.7163742690058,5.0,5.0,2.0,29.575,1.0,1.0
CH356,Niumaoxiangzao,10.3333333333333,28.8333333333333,129.25,30.8,1.44,21.3428571428571,3.0,9.83333333333333,3.0,22.125,1.0,0.0
CH357,Damagu,11.1666666666667,24.3333333333333,132.25,39.22,1.62,24.2367647058824,3.0,10.1666666666667,4.0,23.75,0.0,0.0
CH358,Hongmidao,15.6666666666667,18.8333333333333,99.0,22.7,1.06,21.4454545454545,3.0,11.0,2.0,18.775,1.0,1.0
CH359,Xiaohonggu,9.66666666666667,15.5,120.0,23.1,1.48,15.6196428571429,1.0,7.83333333333333,3.0,21.625,1.0,1.0
CH360,Hongjiaoleizhan,11.0,19.3333333333333,129.0,29.6,1.5,19.7333333333333,1.0,8.33333333333333,4.0,22.35,0.0,0.0
CH361,Chongyangnuo,15.6666666666667,15.0,141.0,33.2,1.18,28.1212121212121,3.0,11.0,4.0,25.925,0.0,0.0
CH362,Yangxindalixian,13.3333333333333,14.0,119.5,33.1,1.5,22.0279761904762,5.0,10.8333333333333,4.0,21.675,0.0,0.0
CH363,Wubaili,19.5,14.0,81.0,25.0,1.6,15.7218137254902,1.0,12.5,2.0,22.3375,0.0,0.0
CH364,Liaowapushidian,10.6666666666667,21.8333333333333,131.0,33.0,1.62,20.3938725490196,1.0,7.33333333333333,2.0,22.15,1.0,1.0
CH365,Dabaigu,12.0,25.6666666666667,106.5,27.1,1.6,16.9884803921569,3.0,8.83333333333333,2.0,24.05,0.0,0.0
CH366,Hongjiaoqi,11.5,16.5,128.25,27.6,1.4,19.7223443223443,3.0,8.33333333333333,2.0,22.375,0.0,0.0
CH367,Xintangerpozao,7.0,29.0,142.25,28.8,1.56,18.4791666666667,3.0,4.83333333333333,1.0,20.75,0.0,0.0
CH368,Shadaoqingzhan,10.6666666666667,25.0,125.75,30.6,1.28,23.9358974358974,3.0,8.16666666666667,2.0,22.8,0.0,0.0
CH369,Wujiaozhan,7.83333333333333,24.8333333333333,141.5,29.5,1.58,18.6669117647059,3.0,6.5,3.0,22.475,0.0,0.0
CH370,Hongmidongzhan,18.8333333333333,15.5,94.5,21.1,1.06,19.9090909090909,1.0,12.5,3.0,19.525,0.0,0.0
CH371,Gaoganhe,12.0,15.6666666666667,103.6,22.1,1.54,14.3416666666667,3.0,8.83333333333333,1.0,20.0,0.0,0.0
CH372,Bawangbian,19.3333333333333,10.6666666666667,131.75,36.0,1.18,30.7977855477855,3.0,10.1666666666667,3.0,25.3,0.0,0.0
CH373,Xiangyanglaohonggu,12.3333333333333,11.8333333333333,125.5,29.3,1.46,20.0904761904762,3.0,7.83333333333333,2.0,24.425,1.0,0.0
CH374,Dalangan,9.33333333333333,18.0,119.5,33.6,1.44,23.3333333333333,1.0,7.0,1.0,22.65,0.0,0.0
CH375,Wushaogu,14.1666666666667,17.0,139.4,39.4,1.54,25.4940476190476,1.0,9.66666666666667,3.0,22.9,0.0,0.0
CH376,Maoxiangzhan,11.1666666666667,29.0,130.5,32.9,1.48,22.2380952380952,1.0,7.5,2.0,20.55,1.0,1.0
CH377,Lepingbai,13.0,27.1666666666667,108.25,32.2,1.3,24.7692307692308,1.0,11.5,3.0,23.825,0.0,0.0
CH378,Yelicang,12.3333333333333,12.6666666666667,106.5,36.1,1.56,23.2311274509804,1.0,9.66666666666667,3.0,24.375,0.0,0.0
CH379,Muqiuchui,9.66666666666667,23.8333333333333,138.25,30.3,1.88,16.093567251462,3.0,6.83333333333333,2.0,22.325,0.0,0.0
CH380,Sanlicun,11.0,24.0,122.5,34.1,1.32,25.8846153846154,1.0,8.66666666666667,3.0,22.575,0.0,0.0
CH381,Zuchaxian,8.83333333333333,23.0,130.0,31.7,1.62,19.5813725490196,1.0,6.33333333333333,4.0,25.025,0.0,0.0
CH382,Liushizi,9.16666666666667,20.6666666666667,98.5,26.8,1.44,18.5952380952381,1.0,8.66666666666667,2.0,24.325,1.0,0.0
CH383,Nibuzhan,11.3333333333333,9.5,132.75,27.8,1.34,20.8021978021978,1.0,11.5,2.0,21.0,1.0,1.0
CH384,Baijiaoe,16.3333333333333,20.5,131.75,34.9,1.46,23.9428571428571,3.0,13.8333333333333,3.0,21.925,0.0,0.0
CH385,Waibadan,12.0,15.5,111.2,25.8,1.44,17.9196428571429,3.0,8.83333333333333,2.0,22.05,0.0,0.0
CH386,Lengshuibai,10.0,16.8333333333333,136.75,33.1,1.3,25.5586080586081,3.0,8.5,2.0,25.3,0.0,0.0
CH387,Bayuebai,15.3333333333333,20.1666666666667,93.75,19.3,1.12,17.2348484848485,3.0,12.1666666666667,2.0,19.125,1.0,0.0
CH388,Mazhan(1),12.5,10.8333333333333,109.25,38.2,1.32,28.9395604395604,5.0,7.83333333333333,3.0,23.125,0.0,1.0
CH389,Hongmidongzhan,13.8333333333333,19.8333333333333,98.0,22.8,1.28,17.8205128205128,1.0,11.6666666666667,2.0,18.15,1.0,0.0
CH390,101,13.0,11.0,86.5,19.8,1.24,15.9551282051282,1.0,11.6666666666667,2.0,17.75,0.0,0.0
CH391,R 4015,15.3333333333333,13.8333333333333,78.75,19.9,1.26,15.7692307692308,1.0,10.8333333333333,1.0,20.05,0.0,0.0
CH392,Gannong429,12.0,25.5,113.5,33.2,1.72,19.3235294117647,3.0,10.0,2.0,24.2,0.0,0.0
CH393,Wuzhuzhan,11.5,18.3333333333333,130.5,27.2,1.6,17.0,1.0,10.6666666666667,3.0,21.15,0.0,0.0
CH394,Nanchengwuchuanzao,8.83333333333333,15.0,117.75,29.7,1.5,19.8089285714286,1.0,7.33333333333333,2.0,24.25,0.0,0.0
CH395,Xiyedongzhan,12.0,17.5,111.2,27.0,1.44,18.7142857142857,1.0,8.83333333333333,2.0,22.3375,0.0,0.0
CH396,Tiejiaozhan,11.8333333333333,12.6666666666667,117.75,25.3,1.32,19.2197802197802,3.0,8.83333333333333,2.0,21.225,1.0,0.0
CH397,Huikenuo,15.5,18.6666666666667,98.2,26.1,1.48,17.823489010989,1.0,8.16666666666667,2.0,22.3375,0.0,0.0
CH398,Hongquegu,10.5,19.1666666666667,139.0,27.2,1.2,22.6381118881119,1.0,10.8333333333333,4.0,24.025,0.0,1.0
CH399,Donggu,12.0,15.5,140.75,33.9,1.52,22.325,1.0,10.8333333333333,3.0,22.0,1.0,0.0
CH400,Shazhounuo,10.5,9.5,164.75,39.0,1.74,22.3725490196078,5.0,9.0,2.0,24.175,0.0,0.0
CH401,Chihe,15.6666666666667,10.0,102.25,25.7,1.08,23.8181818181818,1.0,12.8333333333333,2.0,21.975,1.0,0.0
CH402,Hongmiyoudao,12.0,14.5,102.75,22.1,1.06,20.8454545454545,3.0,15.5,3.0,21.825,1.0,0.0
CH403,Hongmiyaozhan,14.5,14.6666666666667,106.0,25.9,1.0,25.9,1.0,12.8333333333333,3.0,20.9,1.0,0.0
CH404,Ningnong1hao,12.8333333333333,14.0,123.25,31.7,1.2,26.5675990675991,3.0,9.33333333333333,3.0,23.125,0.0,1.0
CH405,Yiyangzhan,11.1666666666667,14.6666666666667,127.0,29.4,1.42,20.6904761904762,1.0,10.1666666666667,3.0,22.675,0.0,0.0
CH406,Shuangkang8hao,12.8333333333333,10.3333333333333,73.2,19.1,1.44,13.252380952381,1.0,8.5,2.0,19.75,0.0,0.0
CH407,Xianzidao,11.6666666666667,14.8333333333333,132.0,33.4,1.28,26.1025641025641,1.0,10.6666666666667,2.0,22.4,0.0,0.0
CH408,Baijiaoe,8.66666666666667,21.8333333333333,125.5,25.8,1.56,16.5166666666667,1.0,8.16666666666667,2.0,23.85,0.0,0.0
CH409,Qishizao,8.16666666666667,19.8333333333333,140.75,28.7,1.96,14.6473684210526,3.0,5.66666666666667,1.0,23.375,0.0,0.0
CH410,Shadiaozi,6.16666666666667,24.1666666666667,129.166666666667,28.8,1.54,18.8814425770308,3.0,5.33333333333333,2.0,24.875,0.0,0.0
CH411,Erzaozi,12.0,28.1666666666667,127.75,27.8,1.56,17.8492647058824,3.0,6.33333333333333,2.0,23.675,0.0,0.0
CH412,Xiaobaigu,14.8333333333333,17.3333333333333,82.75,18.6,1.16,16.0833333333333,1.0,8.5,2.0,19.225,0.0,0.0
CH413,Qingyouzhan,12.3333333333333,28.8333333333333,79.75,22.4,1.22,18.3461538461538,1.0,9.0,1.0,20.95,0.0,0.0
CH414,Huangzhan,10.5,21.8333333333333,81.75,14.0,1.14,12.3257575757576,1.0,8.16666666666667,2.0,19.425,0.0,0.0
CH415,Baiyanzhan,8.0,27.3333333333333,127.25,29.3,1.48,19.8,1.0,6.83333333333333,2.0,25.15,0.0,0.0
CH416,Haojingkang,9.66666666666667,11.6666666666667,126.75,15.6,1.66,9.42279411764706,1.0,5.5,1.0,19.875,0.0,0.0
CH417,Yemi,9.33333333333333,25.5,129.75,28.0,1.24,22.5641025641026,3.0,9.33333333333333,3.0,24.5,0.0,0.0
CH419,Yinghongke,12.0,20.6666666666667,111.2,27.0,1.44,18.7142857142857,1.0,8.83333333333333,2.0,20.425,0.0,0.0
CH420,Diancangditang,9.83333333333333,16.5,121.5,25.6,1.44,17.752380952381,3.0,7.33333333333333,2.0,21.8,0.0,0.0
CH421,Diancangdi,11.5,11.6666666666667,99.0,22.8,1.38,16.5274725274725,3.0,8.0,3.0,20.6,0.0,0.0
CH422,Tianbaoerlanzhan,10.1666666666667,19.0,120.75,26.4,1.32,19.967032967033,3.0,6.33333333333333,5.0,22.325,1.0,0.0
CH423,Xintanghongjiaoqizao,10.3333333333333,10.5,124.5,25.6,1.2,21.3822843822844,3.0,8.16666666666667,2.0,21.125,0.0,1.0
CH424,Shazhan,10.1666666666667,17.8333333333333,139.5,27.7,1.36,20.3791208791209,3.0,7.16666666666667,3.0,24.65,0.0,0.0
CH425,Mapingzaogu,6.66666666666667,19.8333333333333,134.6,29.5,1.48,19.9380952380952,3.0,6.16666666666667,2.0,23.65,0.0,0.0
CH426,Baichi,8.66666666666667,26.0,131.0,29.4,1.46,20.1285714285714,3.0,7.0,2.0,25.275,0.0,0.0
CH427,Machengjiangxizao,11.5,20.3333333333333,134.0,31.0,1.64,18.8897058823529,3.0,7.83333333333333,2.0,22.05,0.0,0.0
CH428,Huizhangu,8.16666666666667,26.6666666666667,161.25,28.0,1.78,15.7280701754386,5.0,6.83333333333333,2.0,21.775,0.0,0.0
CH429,Gonganmakezhan,15.1666666666667,19.0,105.0,28.6,1.1,25.9727272727273,3.0,13.8333333333333,3.0,18.95,1.0,0.0
CH431,Jinguazi,11.5,16.1666666666667,125.75,27.1,1.5,18.0339285714286,3.0,8.83333333333333,3.0,21.45,0.0,0.0
CH432,Fangxianwubaili,10.5,11.0,143.75,32.0,1.44,22.2476190476191,1.0,7.5,2.0,22.2,0.0,0.0
CH433,Sankecunnuogu,10.1666666666667,19.8333333333333,120.5,30.4,1.28,23.7692307692308,1.0,7.0,2.0,23.5,0.0,0.0
CH434,Xingshanlengshuigu,13.6666666666667,19.1666666666667,127.5,24.6,1.16,21.1742424242424,1.0,11.1666666666667,2.0,18.75,1.0,1.0
CH435,Ziguilengshuigu,11.8333333333333,18.5,127.25,27.9,1.14,24.530303030303,1.0,9.16666666666667,3.0,21.4,1.0,1.0
CH436,Wufengbaishidao,9.33333333333333,23.5,150.0,27.7,1.54,17.9833333333333,1.0,6.33333333333333,2.0,23.675,1.0,0.0
CH437,Enshisanbaike,12.0,22.1666666666667,148.75,30.6,1.58,19.4041666666667,3.0,8.83333333333333,2.0,25.55,1.0,0.0
CH438,Baiguoxiaohonggu,11.3333333333333,20.0,133.75,25.2,1.48,16.9904761904762,3.0,9.5,2.0,22.75,1.0,1.0
CH439,Enshiyexiacang,12.5,21.1666666666667,132.0,27.6,1.52,18.1119047619048,1.0,7.83333333333333,2.0,21.675,0.0,0.0
CH440,Enshidishuidao,10.3333333333333,11.8333333333333,138.25,27.7,1.76,15.7170622635019,3.0,6.0,1.0,20.0,0.0,0.0
CH441,Guiyangzhan,12.3333333333333,21.6666666666667,129.5,30.7,1.5,20.4380952380952,1.0,8.83333333333333,2.0,23.8,0.0,0.0
CH443,Maweizhan,9.5,30.6666666666667,134.25,28.4,1.54,18.475,3.0,8.16666666666667,2.0,24.075,0.0,0.0
CH444,Yanzhan,8.16666666666667,22.0,124.25,31.0,1.66,18.6875,3.0,8.33333333333333,3.0,22.025,0.0,0.0
CH445,Hefenghuangzhan,11.1666666666667,25.8333333333333,112.25,28.3,1.68,16.8235294117647,1.0,9.5,2.0,19.775,1.0,1.0
CH446,Qitouhuang,13.1666666666667,19.6666666666667,129.25,31.0,1.2,25.8438228438228,1.0,9.0,2.0,20.55,0.0,0.0
CH447,Bashizao,12.0,25.8333333333333,111.2,27.0,1.44,18.7142857142857,1.0,8.83333333333333,2.0,22.05,0.0,0.0
CH451,Xiaodaogu,10.6666666666667,16.3333333333333,114.5,25.9,1.48,17.5160714285714,3.0,9.66666666666667,3.0,21.375,0.0,0.0
CH452,Xiangxiangmi,12.8333333333333,13.6666666666667,139.75,32.5,1.22,26.6474358974359,1.0,8.5,2.0,24.75,0.0,0.0
CH453,Leiguzhan,13.0,20.3333333333333,138.0,24.3,1.32,18.4230769230769,1.0,9.0,2.0,25.175,0.0,0.0
CH454,Shuimadao,10.3333333333333,16.6666666666667,138.0,25.9,1.66,15.6286764705882,1.0,7.33333333333333,2.0,23.425,0.0,0.0
CH455,Changguzao,12.1666666666667,17.5,136.75,24.8,1.4,17.7142857142857,3.0,9.33333333333333,3.0,22.0,0.0,0.0
CH456,Langanzhan,18.5,17.0,116.75,28.1,1.22,23.1025641025641,1.0,12.5,3.0,20.975,1.0,1.0
CH457,Qingsedao,11.6666666666667,12.6666666666667,124.2,30.5,1.2,25.4166666666667,3.0,9.0,3.0,23.1,0.0,0.0
CH458,Lvqitou,11.1666666666667,12.1666666666667,145.0,26.2,1.3,20.1538461538462,3.0,7.66666666666667,2.0,22.525,0.0,0.0
CH459,Laoyingnuo,11.5,11.0,146.75,25.8,1.52,17.0050420168067,1.0,7.33333333333333,2.0,25.875,1.0,1.0
CH460,Haojingke,9.66666666666667,14.8333333333333,144.166666666667,30.1,1.08,27.9,5.0,6.66666666666667,2.0,27.65,1.0,0.0
CH461,Laojinggu,15.0,20.6666666666667,148.5,31.7,1.42,22.3095238095238,3.0,6.66666666666667,2.0,23.8,1.0,0.0
CH462,Dazaogu,9.83333333333333,27.6666666666667,145.0,28.3,1.44,19.6619047619048,1.0,6.5,2.0,23.775,1.0,0.0
CH463,Lengshuizao,10.0,9.33333333333333,141.0,25.7,1.18,21.75,1.0,6.33333333333333,2.0,24.5,1.0,0.0
CH464,Zaohonggu,10.3333333333333,8.0,137.5,31.8,1.4,22.7142857142857,1.0,7.0,2.0,25.3,1.0,0.0
CH465,Xiaobaigu,8.33333333333333,9.0,146.25,27.3,1.44,18.9809523809524,1.0,5.5,2.0,22.3,0.0,0.0
CH466,Lvbanggu,10.1666666666667,13.0,152.5,33.8,1.64,20.5742647058824,5.0,6.5,2.0,28.8,1.0,1.0
CH467,Longjianghong,7.66666666666667,12.5,147.0,32.1,1.5,21.3880952380952,5.0,5.5,3.0,26.15,0.0,0.0
CH468,Huangkegu,9.5,11.0,147.0,28.6,1.2,24.0110722610723,3.0,7.5,2.0,24.95,1.0,1.0
CH469,Hongmaxiangu,6.83333333333333,9.0,146.25,32.3,1.38,23.3791208791209,3.0,6.66666666666667,2.0,24.65,1.0,0.0
CH470,Yanzhan,6.83333333333333,14.8333333333333,122.0,30.4,1.42,21.3516483516484,3.0,7.16666666666667,3.0,24.025,0.0,0.0
CH471,Xiaobaizhan,8.33333333333333,14.5,123.75,29.0,1.62,17.9669117647059,3.0,7.0,2.0,23.3,0.0,0.0
CH472,Maguzi,7.33333333333333,11.6666666666667,119.333333333333,28.4,1.58,17.9791666666667,3.0,6.33333333333333,3.0,24.45,1.0,0.0
CH473,Yapozhan,12.0,18.0,104.0,23.2,1.58,14.7058823529412,1.0,8.83333333333333,2.0,18.125,0.0,0.0
CH474,Honghuami,8.83333333333333,10.6666666666667,125.5,29.5,1.52,19.4375,1.0,8.16666666666667,3.0,24.35,0.0,0.0
CH475,Qingganzhan2,10.1666666666667,10.6666666666667,141.0,26.2,1.38,18.978021978022,1.0,8.66666666666667,2.0,22.775,0.0,0.0
CH476,Nantezhan2,9.66666666666667,17.0,92.75,22.0,1.44,15.2857142857143,3.0,6.83333333333333,2.0,20.025,0.0,0.0
CH477,Jiugongji,13.1666666666667,20.6666666666667,135.0,27.3,1.34,20.4175824175824,5.0,9.83333333333333,2.0,21.85,0.0,0.0
CH478,Banbianzhan,12.5,19.3333333333333,141.25,30.7,1.56,19.675,5.0,5.5,3.0,18.375,1.0,0.0
CH479,Xiaomagu,7.33333333333333,13.5,150.5,31.5,1.22,25.7948717948718,1.0,7.0,2.0,24.075,1.0,1.0
CH480,Baimi,4.66666666666667,16.0,144.333333333333,38.0,1.9,19.9643274853801,3.0,5.0,3.0,24.225,0.0,0.0
CH481,Dabaigu,10.3333333333333,25.6666666666667,137.75,28.4,1.64,17.3602941176471,1.0,7.83333333333333,2.0,23.125,0.0,0.0
CH482,Baigangu,10.0,14.0,141.0,33.1,1.42,23.3194139194139,1.0,7.5,3.0,25.85,1.0,0.0
CH483,Maweizhan,9.16666666666667,27.3333333333333,119.75,31.2,1.58,19.7338235294118,3.0,9.16666666666667,3.0,23.525,0.0,0.0
CH484,Hongjiaozhan,10.8333333333333,21.8333333333333,174.2,34.7,1.5,23.1333333333333,3.0,8.66666666666667,3.0,22.3375,0.0,0.0
CH485,Honggu,12.0,16.8333333333333,93.75,22.7,1.06,21.4363636363636,1.0,11.6666666666667,2.0,20.3,1.0,0.0
CH486,Tuhongzhao,8.5,10.0,124.4,28.7,1.32,21.7472527472527,1.0,7.5,2.0,24.575,1.0,0.0
CH487,Yingtaonuo,7.66666666666667,9.66666666666667,116.25,23.3,1.26,18.4258241758242,3.0,7.0,2.0,21.6,1.0,0.0
CH488,Gangannuo,11.1666666666667,18.1666666666667,97.5,28.5,1.36,20.989010989011,1.0,7.33333333333333,3.0,24.525,0.0,0.0
CH489,Lengshuigu,9.0,17.6666666666667,133.25,25.9,1.44,17.9904761904762,1.0,6.66666666666667,3.0,22.1,0.0,0.0
CH490,Dabaimizhan,11.1666666666667,27.3333333333333,123.25,26.7,1.44,18.5428571428571,1.0,9.66666666666667,3.0,19.55,0.0,0.0
CH491,Shuidaobawang,7.66666666666667,33.5,84.75,27.3,2.12,12.8491341991342,1.0,6.16666666666667,1.0,23.7,0.0,0.0
CH492,Sanpianzhan,8.5,25.8333333333333,114.25,23.9,1.56,15.3151960784314,1.0,7.0,3.0,20.875,0.0,0.0
CH494,Xiaomaweizhan,7.83333333333333,24.3333333333333,118.75,33.0,1.38,23.9010989010989,3.0,6.16666666666667,3.0,21.5,0.0,0.0
CH495,Daziben,11.8333333333333,15.8333333333333,134.75,22.8,1.26,18.2087912087912,3.0,7.66666666666667,2.0,21.95,1.0,0.0
CH496,Lengshuigu,8.33333333333333,18.8333333333333,160.75,30.7,1.54,19.9541666666667,1.0,7.0,1.0,20.6333333333333,1.0,1.0
CH497,Xiaohongjiao1,8.66666666666667,10.6666666666667,148.0,25.4,1.38,18.4065934065934,1.0,6.83333333333333,1.0,24.8,1.0,0.0
CH498,Yangu,11.3333333333333,23.1666666666667,140.25,39.3,1.3,30.2307692307692,1.0,9.66666666666667,4.0,24.875,1.0,1.0
CH499,Youzhan,9.33333333333333,21.5,146.75,28.0,1.72,16.4109477124183,1.0,5.83333333333333,3.0,22.425,1.0,1.0
CH500,Nadaoqie2,10.0,24.5,118.0,37.1,1.38,26.9285714285714,5.0,8.5,3.0,23.025,0.0,0.0
CH501,Xiaomagu3,11.6666666666667,17.1666666666667,128.5,27.3,1.38,19.7472527472527,1.0,8.16666666666667,3.0,22.8,0.0,0.0
CH502,Liuyuegu,8.33333333333333,18.8333333333333,136.75,25.3,1.58,16.0125,1.0,8.0,2.0,21.375,1.0,0.0
CH503,Langanma1,10.3333333333333,12.3333333333333,130.25,27.5,1.32,20.8516483516484,1.0,7.83333333333333,2.0,23.4,1.0,1.0
CH504,Xianainuo,10.3333333333333,18.0,82.75,26.2,1.86,14.1198830409357,1.0,5.83333333333333,1.0,21.55,0.0,0.0
CH505,Yangzhan,10.0,16.5,129.75,27.9,1.24,22.4679487179487,3.0,8.5,3.0,23.025,0.0,0.0
CH506,Xiangdao,15.0,25.5,96.75,26.6,1.36,19.6208791208791,1.0,6.66666666666667,2.0,22.3375,0.0,0.0
CH507,Yanzhan(2),8.5,19.3333333333333,126.75,22.5,1.52,14.8964285714286,1.0,5.83333333333333,2.0,21.75,1.0,1.0
CH509,Lengshuihong,12.0,16.3333333333333,121.5,24.8,1.36,18.3065934065934,3.0,8.83333333333333,2.0,22.525,1.0,0.0
CH511,SINANDOMENG,10.5,13.0,95.25,22.2,1.44,15.4095238095238,1.0,8.0,2.0,23.225,0.0,0.0
CH512,AWN NAW(GS NO.17613),12.0,17.5,111.2,27.0,1.44,18.7142857142857,1.0,8.83333333333333,2.0,22.3375,0.0,0.0
CH513,NIAW SANPAH TAWNG,12.0,17.5,111.2,27.0,1.44,18.7142857142857,1.0,8.83333333333333,2.0,22.3375,0.0,0.0
CH514,GANJAY(ACC76349),19.0,16.8333333333333,102.75,23.5,1.22,19.270979020979,1.0,11.0,2.0,24.925,0.0,0.0
CH519,BATHKIRIEL,12.0,18.0,125.75,32.0,1.42,22.5945054945055,1.0,8.66666666666667,2.0,22.3375,0.0,0.0
CH520,MURUNGAWEE,10.8333333333333,26.3333333333333,107.75,27.1,1.14,23.8030303030303,1.0,9.5,2.0,22.175,1.0,1.0
CH522,Guangluai4hao,10.0,16.0,64.5,23.2,1.54,15.0583333333333,1.0,6.66666666666667,2.0,17.725,0.0,0.0
CH524,Tetebo,12.0,20.6666666666667,153.666666666667,26.6,1.24,21.4615384615385,1.0,8.83333333333333,3.0,21.5,0.0,0.0
CH525,Zhenlong13,11.3333333333333,11.0,81.25,20.1,1.38,14.6098901098901,1.0,8.66666666666667,1.0,18.35,0.0,0.0
CH526,Sifeng43,12.0,17.5,62.5,27.0,1.44,18.7142857142857,1.0,8.83333333333333,2.0,22.3375,0.0,0.0
