SNP_ID,Chromosome,SNP_POS
seq-rs1,1,9634
seq-rs3,1,88427
seq-rs4,1,152207
seq-rs5,1,172923
seq-rs7,1,201666
seq-rs8,1,293834
seq-rs9,1,328402
seq-rs10,1,332862
seq-rs11,1,368720
seq-rs14,1,398741
seq-rs15,1,407697
seq-rs16,1,417741
seq-rs17,1,420243
seq-rs19,1,441974
seq-rs20,1,504844
seq-rs21,1,924222
seq-rs22,1,925019
seq-rs23,1,952918
seq-rs24,1,1008580
seq-rs25,1,1055910
seq-rs27,1,1242681
seq-rs29,1,1368033
seq-rs30,1,1421180
seq-rs32,1,1438046
seq-rs33,1,1482711
seq-rs34,1,1515945
seq-rs35,1,1530060
seq-rs36,1,1534423
seq-rs37,1,1549887
seq-rs38,1,1559603
seq-rs40,1,1574742
seq-rs41,1,1576422
seq-rs42,1,1593795
seq-rs43,1,1616781
seq-rs44,1,1682923
seq-rs47,1,1772519
seq-rs50,1,1803504
seq-rs51,1,1929297
seq-rs53,1,1943340
seq-rs54,1,1944794
seq-rs55,1,1994984
seq-rs56,1,2069894
seq-rs57,1,2100327
seq-rs59,1,2112371
seq-rs60,1,2115893
seq-rs61,1,2117932
seq-rs62,1,2138922
seq-rs63,1,2168465
seq-rs64,1,2228627
seq-rs68,1,2289674
seq-rs69,1,2310793
seq-rs70,1,2328509
seq-rs71,1,2333407
seq-rs75,1,2391599
seq-rs76,1,2405767
seq-rs78,1,2477388
seq-rs80,1,2561330
seq-rs81,1,2580387
seq-rs83,1,2588456
seq-rs84,1,2615882
seq-rs85,1,2616669
seq-rs86,1,2636798
seq-rs88,1,2680040
seq-rs90,1,2835575
seq-rs93,1,2848047
seq-rs94,1,2864232
seq-rs95,1,2868138
seq-rs96,1,2871114
seq-rs99,1,2978790
seq-rs102,1,3328456
seq-rs106,1,3360236
seq-rs111,1,3446276
seq-rs114,1,3470521
seq-rs116,1,3502592
seq-rs117,1,3520528
seq-rs118,1,3525867
seq-rs119,1,3527049
seq-rs122,1,3567701
seq-rs124,1,3639865
seq-rs125,1,3712437
seq-rs126,1,3815553
seq-rs128,1,4125267
seq-rs130,1,4149316
seq-rs131,1,4306004
seq-rs132,1,4319886
seq-rs133,1,4332310
seq-rs135,1,4535508
seq-rs136,1,4570977
seq-rs137,1,4573975
seq-rs139,1,4668182
seq-rs141,1,4703732
seq-rs142,1,4713276
seq-rs143,1,4730000
seq-rs144,1,4742028
seq-rs148,1,4873233
seq-rs150,1,4882860
seq-rs151,1,4888074
seq-rs152,1,4914108
seq-rs153,1,4918182
seq-rs154,1,4942372
seq-rs155,1,4993920
seq-rs156,1,5006317
seq-rs159,1,5446084
seq-rs160,1,5520049
seq-rs162,1,5607872
seq-rs163,1,5651422
seq-rs165,1,5682661
seq-rs166,1,5693703
seq-rs167,1,5702332
seq-rs168,1,5703658
seq-rs169,1,5712340
seq-rs171,1,5748268
seq-rs172,1,5759280
seq-rs173,1,5774993
seq-rs174,1,5823894
seq-rs176,1,6038693
seq-rs179,1,6213931
seq-rs180,1,6410668
seq-rs181,1,6500796
seq-rs182,1,6532750
seq-rs183,1,6636277
seq-rs184,1,6667359
seq-rs186,1,6701678
seq-rs192,1,7086371
seq-rs193,1,7120529
seq-rs195,1,7135389
seq-rs196,1,7562903
seq-rs199,1,8759554
seq-rs201,1,9022120
seq-rs202,1,9062514
seq-rs203,1,9081739
seq-rs206,1,9221868
seq-rs207,1,9259055
seq-rs208,1,9267419
seq-rs211,1,9321783
seq-rs212,1,9330999
seq-rs213,1,9379767
seq-rs215,1,9524073
seq-rs217,1,9556762
seq-rs219,1,10148561
seq-rs221,1,10402929
seq-rs222,1,10449934
seq-rs224,1,10869923
seq-rs226,1,10888828
seq-rs227,1,11019393
seq-rs230,1,11157463
seq-rs231,1,11259332
seq-rs232,1,11500025
seq-rs233,1,11501124
seq-rs234,1,11504764
seq-rs235,1,11508523
seq-rs237,1,11662442
seq-rs239,1,11803914
seq-rs240,1,11841907
seq-rs242,1,12420294
seq-rs243,1,12500545
seq-rs244,1,12913235
seq-rs245,1,13040462
seq-rs246,1,13379710
seq-rs247,1,13392951
seq-rs248,1,13449895
seq-rs249,1,13461829
seq-rs250,1,13517262
seq-rs251,1,13651745
seq-rs252,1,13657922
seq-rs253,1,13680388
seq-rs254,1,13937764
seq-rs255,1,13951800
seq-rs256,1,13958209
seq-rs257,1,13958822
seq-rs258,1,14084365
seq-rs259,1,14131561
seq-rs260,1,14191255
seq-rs262,1,14259963
seq-rs263,1,14292578
seq-rs264,1,14375156
seq-rs265,1,14419772
seq-rs266,1,14443474
seq-rs267,1,14444894
seq-rs268,1,14453835
seq-rs269,1,14480264
seq-rs270,1,14482387
seq-rs271,1,14496922
seq-rs272,1,14518389
seq-rs273,1,14523312
seq-rs274,1,14533917
seq-rs275,1,14557140
seq-rs276,1,14655251
seq-rs278,1,14761637
seq-rs280,1,14770423
seq-rs281,1,14772336
seq-rs282,1,14890467
seq-rs283,1,14895305
seq-rs284,1,14900789
seq-rs285,1,14903088
seq-rs288,1,14971631
seq-rs289,1,15424634
seq-rs290,1,15425925
seq-rs291,1,15525703
seq-rs292,1,15742743
seq-rs294,1,16037811
seq-rs297,1,16589431
seq-rs298,1,16614890
seq-rs299,1,16625332
seq-rs300,1,16709745
seq-rs301,1,16736235
seq-rs302,1,16748628
seq-rs303,1,16819798
seq-rs304,1,16893616
seq-rs305,1,16894587
seq-rs306,1,16911290
seq-rs308,1,18925053
seq-rs310,1,18963538
seq-rs311,1,19053892
seq-rs312,1,19059302
seq-rs313,1,19109232
seq-rs314,1,19167991
seq-rs315,1,19274624
seq-rs316,1,19380865
seq-rs317,1,19384406
seq-rs318,1,19421526
seq-rs319,1,19545352
seq-rs320,1,19567632
seq-rs321,1,19601460
seq-rs322,1,19625692
seq-rs323,1,19710914
seq-rs324,1,19760888
seq-rs325,1,19837264
seq-rs326,1,19837995
seq-rs327,1,19839718
seq-rs329,1,19864786
seq-rs330,1,19981615
seq-rs331,1,19993234
seq-rs332,1,20053503
seq-rs334,1,20327235
seq-rs335,1,20330643
seq-rs338,1,20461114
seq-rs339,1,20525634
seq-rs340,1,20599985
seq-rs341,1,20627066
seq-rs342,1,20802458
seq-rs343,1,20862136
seq-rs344,1,20914036
seq-rs345,1,20937929
seq-rs346,1,20962838
seq-rs347,1,20971423
seq-rs348,1,20973001
seq-rs349,1,20975940
seq-rs350,1,20984308
seq-rs351,1,20991611
seq-rs352,1,21019882
seq-rs353,1,21024641
seq-rs354,1,21055360
seq-rs355,1,21058900
seq-rs357,1,21174481
seq-rs359,1,21646875
seq-rs360,1,21749038
seq-rs362,1,22293042
seq-rs363,1,22695105
seq-rs367,1,23290015
seq-rs368,1,23490196
seq-rs369,1,23566319
seq-rs370,1,23596943
seq-rs371,1,23678590
seq-rs372,1,23958889
seq-rs373,1,24035268
seq-rs374,1,24108947
seq-rs375,1,24111940
seq-rs376,1,24183962
seq-rs377,1,24210910
seq-rs378,1,24236080
seq-rs379,1,24245993
seq-rs380,1,24256676
seq-rs382,1,24426570
seq-rs383,1,24436343
seq-rs385,1,24467669
seq-rs387,1,24544002
seq-rs388,1,24558802
seq-rs389,1,24591296
seq-rs390,1,24593767
seq-rs391,1,24627893
seq-rs392,1,24735297
seq-rs393,1,24827788
seq-rs394,1,24831798
seq-rs395,1,24842493
seq-rs396,1,24852759
seq-rs397,1,24887699
seq-rs398,1,24905950
seq-rs399,1,24941227
seq-rs400,1,24974971
seq-rs403,1,25041571
seq-rs404,1,25049998
seq-rs406,1,25062956
seq-rs408,1,25073977
seq-rs411,1,25265281
seq-rs412,1,25281377
seq-rs417,1,25389008
seq-rs418,1,25389575
seq-rs421,1,25472583
seq-rs425,1,25577917
seq-rs426,1,25622287
seq-rs428,1,25680874
seq-rs429,1,25736892
seq-rs430,1,25744552
seq-rs431,1,25766680
seq-rs432,1,25773923
seq-rs434,1,25826365
seq-rs436,1,26038736
seq-rs437,1,26059632
seq-rs438,1,26061392
seq-rs443,1,26501193
seq-rs444,1,26518483
seq-rs447,1,26623256
seq-rs448,1,26657173
seq-rs449,1,26689660
seq-rs450,1,26703882
seq-rs452,1,26812709
seq-rs453,1,26814633
seq-rs454,1,26836532
seq-rs458,1,27108960
gwseq-rs13,1,27408254
seq-rs461,1,28179362
seq-rs463,1,28802142
seq-rs464,1,28811296
seq-rs465,1,29004483
seq-rs470,1,29448720
seq-rs471,1,29617447
seq-rs472,1,29663553
seq-rs473,1,29788274
seq-rs475,1,30007424
seq-rs476,1,30023774
seq-rs478,1,30217497
seq-rs479,1,30318105
seq-rs480,1,30323072
seq-rs481,1,30681551
seq-rs482,1,30716369
seq-rs484,1,31037480
seq-rs485,1,31769959
seq-rs488,1,32386525
seq-rs489,1,32542551
seq-rs490,1,32660193
seq-rs491,1,32675788
seq-rs492,1,32689671
seq-rs493,1,32690882
seq-rs494,1,32893083
seq-rs495,1,32957977
seq-rs497,1,33167835
seq-rs498,1,33366474
seq-rs500,1,33502422
seq-rs501,1,33543085
seq-rs502,1,33565345
seq-rs503,1,33613467
seq-rs505,1,33776569
seq-rs506,1,33797337
seq-rs507,1,33828175
seq-rs509,1,33844769
seq-rs510,1,33849317
seq-rs511,1,33894729
seq-rs512,1,33999270
seq-rs513,1,34005359
seq-rs516,1,34092773
seq-rs518,1,34152712
seq-rs522,1,34449463
seq-rs523,1,34507771
seq-rs526,1,34766398
seq-rs530,1,35345798
seq-rs531,1,35528186
seq-rs532,1,35540391
seq-rs534,1,35654606
seq-rs535,1,35686039
seq-rs536,1,35707821
seq-rs537,1,35822090
seq-rs539,1,35924132
seq-rs540,1,35927238
seq-rs541,1,35989497
seq-rs542,1,36010204
seq-rs543,1,36138624
seq-rs545,1,36170390
seq-rs546,1,36244421
seq-rs548,1,36280095
seq-rs553,1,36517769
seq-rs554,1,36564325
seq-rs568,1,37233986
seq-rs572,1,37297068
seq-rs574,1,37416042
seq-rs575,1,37589575
seq-rs576,1,37645391
seq-rs577,1,37721731
seq-rs578,1,38490612
seq-rs579,1,38625818
seq-rs580,1,38762678
seq-rs582,1,38869016
seq-rs583,1,39044291
seq-rs584,1,39357861
seq-rs586,1,39472544
seq-rs587,1,39500382
seq-rs588,1,39610680
seq-rs590,1,39689544
seq-rs591,1,39712357
seq-rs592,1,39763003
seq-rs594,1,39817302
seq-rs595,1,39946263
seq-rs596,1,40088292
seq-rs597,1,40388427
seq-rs598,1,40391557
seq-rs600,1,40736278
seq-rs603,1,40929043
seq-rs604,1,40932245
seq-rs605,1,41039904
seq-rs606,1,41048574
seq-rs607,1,41059892
seq-rs608,1,41072684
seq-rs609,1,41143657
seq-rs610,1,41149502
seq-rs612,1,41212924
seq-rs613,1,41227434
seq-rs614,1,41284547
seq-rs615,1,41290116
seq-rs617,1,41455464
seq-rs618,1,41531012
seq-rs619,1,41777550
seq-rs620,1,41873056
seq-rs622,1,41957298
seq-rs623,1,41972960
seq-rs626,1,42261911
seq-rs629,1,42407417
seq-rs631,1,42646085
seq-rs632,1,42809326
seq-rs633,1,42819914
seq-rs634,1,42933594
seq-rs638,1,43124127
seq-rs640,1,43180267
seq-rs642,1,43371217
seq-rs643,1,43372070
seq-rs644,1,43395267
seq-rs645,1,43407653
seq-rs646,1,43496813
seq-rs647,1,43504932
seq-rs648,1,43534135
seq-rs649,1,43539725
seq-rs650,1,43575410
seq-rs652,1,43615590
seq-rs654,1,43625778
seq-rs655,1,43637548
seq-rs656,1,43662837
seq-rs658,1,43680213
seq-rs659,1,43688314
seq-rs661,1,43696522
seq-rs663,1,43722521
seq-rs664,1,43724507
seq-rs665,1,43738845
seq-rs666,1,43799399
seq-rs667,1,43817886
seq-rs668,1,43835200
seq-rs669,1,43845494
seq-rs671,1,43900289
seq-rs673,1,43922995
seq-rs674,1,43947953
seq-rs675,1,43948868
seq-rs676,1,43966231
seq-rs677,1,44001936
seq-rs678,1,44020522
seq-rs680,1,44043000
seq-rs683,1,44095072
seq-rs685,1,44270625
seq-rs687,1,44422226
seq-rs688,1,44437108
seq-rs690,1,44521798
seq-rs691,1,44540495
seq-rs694,1,44954817
seq-rs695,1,44955504
seq-rs696,1,44989777
seq-rs699,1,45000575
seq-rs700,1,45005997
seq-rs701,1,45047158
seq-rs702,2,11965
seq-rs703,2,37714
seq-rs707,2,384743
seq-rs708,2,409196
seq-rs710,2,570430
seq-rs711,2,582121
seq-rs712,2,588910
seq-rs713,2,630212
seq-rs714,2,641300
seq-rs715,2,653478
seq-rs716,2,829385
seq-rs717,2,864750
seq-rs718,2,997534
seq-rs719,2,1011086
seq-rs720,2,1013272
seq-rs721,2,1016304
seq-rs722,2,1047384
seq-rs723,2,1052426
seq-rs725,2,1259112
seq-rs726,2,1307647
seq-rs727,2,1318842
seq-rs729,2,1345595
seq-rs730,2,1378219
seq-rs731,2,1447829
seq-rs732,2,1448978
seq-rs733,2,1450154
seq-rs735,2,1467583
seq-rs736,2,1469044
seq-rs737,2,1544190
seq-rs738,2,1573189
seq-rs739,2,1643242
seq-rs740,2,1735086
seq-rs741,2,1739248
seq-rs742,2,1828022
seq-rs744,2,2019516
seq-rs745,2,2032016
seq-rs746,2,2067155
seq-rs747,2,2072176
seq-rs748,2,2079854
seq-rs750,2,2139510
seq-rs751,2,2149980
seq-rs752,2,2178008
seq-rs755,2,2358042
seq-rs756,2,2498072
seq-rs757,2,2564919
seq-rs758,2,2568780
seq-rs760,2,2608233
seq-rs761,2,2623254
seq-rs762,2,2645417
seq-rs763,2,2679473
seq-rs764,2,2724947
seq-rs766,2,2766998
seq-rs768,2,2878568
seq-rs769,2,2881029
seq-rs776,2,3477200
seq-rs778,2,3568571
seq-rs779,2,3657514
seq-rs780,2,3697393
seq-rs781,2,3827427
seq-rs783,2,3848165
seq-rs784,2,3853870
seq-rs786,2,3949948
seq-rs788,2,4000033
seq-rs789,2,4064332
seq-rs790,2,4072133
seq-rs791,2,4079624
seq-rs793,2,4138889
seq-rs794,2,4139605
seq-rs795,2,4209710
seq-rs796,2,4424421
seq-rs797,2,4444418
seq-rs798,2,4458322
seq-rs799,2,4463729
seq-rs802,2,4691701
seq-rs803,2,4767761
seq-rs804,2,4784552
seq-rs805,2,4797219
seq-rs806,2,4852752
seq-rs809,2,5070308
seq-rs811,2,5491168
seq-rs812,2,5598410
seq-rs813,2,5599188
seq-rs814,2,5608756
seq-rs818,2,6029109
seq-rs819,2,6061776
seq-rs820,2,6084433
seq-rs823,2,6142810
seq-rs824,2,6147857
seq-rs825,2,6177495
seq-rs827,2,6270524
seq-rs828,2,6340533
seq-rs829,2,6618847
seq-rs830,2,6735956
seq-rs832,2,7073610
seq-rs833,2,7161407
seq-rs834,2,7368445
seq-rs835,2,7405951
seq-rs836,2,7501904
seq-rs837,2,7533649
seq-rs839,2,7574663
seq-rs840,2,7619741
seq-rs843,2,7648331
seq-rs844,2,8161009
seq-rs845,2,8190919
seq-rs846,2,8280465
seq-rs847,2,8287437
seq-rs850,2,8307337
seq-rs852,2,8311304
seq-rs853,2,8354775
seq-rs854,2,8370181
seq-rs855,2,8390966
seq-rs856,2,8409504
seq-rs857,2,8452742
seq-rs858,2,8479429
seq-rs859,2,8506277
seq-rs860,2,8527296
seq-rs861,2,8528110
seq-rs862,2,8529712
seq-rs863,2,8549970
seq-rs864,2,8551185
seq-rs866,2,8573804
seq-rs868,2,8623603
seq-rs869,2,8630107
seq-rs871,2,8756916
seq-rs874,2,8831029
seq-rs876,2,8842692
seq-rs877,2,8843335
seq-rs878,2,8899059
seq-rs879,2,8908130
seq-rs880,2,8971501
seq-rs883,2,9488949
seq-rs884,2,9955887
seq-rs885,2,9982426
seq-rs886,2,10048699
seq-rs887,2,10062804
seq-rs889,2,10147300
seq-rs890,2,10183348
seq-rs892,2,10660620
seq-rs893,2,10674919
seq-rs894,2,10729252
seq-rs895,2,10755049
seq-rs897,2,10807544
seq-rs898,2,10839640
seq-rs899,2,11020959
seq-rs900,2,11041918
seq-rs901,2,11071179
seq-rs902,2,11185841
seq-rs903,2,11188886
seq-rs905,2,11226009
seq-rs908,2,11676849
seq-rs910,2,12241073
seq-rs911,2,12398209
seq-rs912,2,12547380
seq-rs913,2,12617658
seq-rs914,2,12628622
seq-rs915,2,12795174
seq-rs917,2,13186393
seq-rs918,2,14545635
seq-rs919,2,15506741
seq-rs920,2,15881134
seq-rs921,2,16311611
seq-rs922,2,16455839
seq-rs923,2,16872699
seq-rs924,2,16883738
seq-rs926,2,17829167
seq-rs927,2,17980172
seq-rs928,2,18086904
seq-rs930,2,18128116
seq-rs931,2,18211457
seq-rs932,2,18218424
seq-rs933,2,18313743
seq-rs934,2,18586921
seq-rs936,2,18739853
seq-rs937,2,18810552
seq-rs938,2,18889954
seq-rs939,2,19075806
seq-rs940,2,19177271
seq-rs941,2,19192833
seq-rs944,2,19403446
seq-rs945,2,19549237
seq-rs946,2,19686384
seq-rs949,2,19713943
seq-rs950,2,19782966
seq-rs953,2,20086711
seq-rs954,2,20167716
seq-rs955,2,20263870
seq-rs958,2,20270993
seq-rs959,2,20347252
seq-rs960,2,20353667
seq-rs962,2,20421173
seq-rs963,2,20495153
seq-rs967,2,20759062
seq-rs968,2,20761810
seq-rs969,2,20773175
seq-rs971,2,20867794
seq-rs973,2,21053547
seq-rs975,2,21079013
seq-rs976,2,21081444
seq-rs977,2,21084900
seq-rs978,2,21111661
seq-rs979,2,21156532
seq-rs981,2,21180414
seq-rs982,2,21201464
seq-rs983,2,21216410
seq-rs984,2,21228909
seq-rs985,2,21243945
seq-rs986,2,21249145
seq-rs987,2,21251203
seq-rs989,2,21253709
seq-rs990,2,21274315
seq-rs991,2,21516351
seq-rs992,2,21526836
seq-rs993,2,21622258
seq-rs996,2,21757457
seq-rs997,2,21822322
seq-rs998,2,21832345
seq-rs1000,2,21983557
seq-rs1001,2,22271094
seq-rs1006,2,22809647
seq-rs1007,2,22896599
seq-rs1009,2,22953976
seq-rs1010,2,22968311
seq-rs1011,2,22974408
seq-rs1013,2,23007184
seq-rs1015,2,23130799
seq-rs1016,2,23143988
seq-rs1017,2,23223142
seq-rs1020,2,23916394
seq-rs1021,2,23920361
seq-rs1022,2,23989876
seq-rs1023,2,24001952
seq-rs1024,2,24032774
seq-rs1025,2,24041024
seq-rs1026,2,24070059
seq-rs1027,2,24124797
seq-rs1028,2,24410659
seq-rs1029,2,24420437
seq-rs1030,2,24431384
seq-rs1031,2,24437574
seq-rs1032,2,24447574
seq-rs1033,2,24499335
seq-rs1034,2,24501863
seq-rs1035,2,24512758
seq-rs1036,2,24541016
seq-rs1037,2,24550856
seq-rs1038,2,24554688
seq-rs1039,2,24560551
seq-rs1040,2,24566504
seq-rs1041,2,24572122
seq-rs1042,2,24586529
seq-rs1043,2,24588903
seq-rs1045,2,24604978
seq-rs1047,2,24671554
seq-rs1048,2,24674117
seq-rs1049,2,24705358
seq-rs1050,2,24711159
seq-rs1051,2,24744326
seq-rs1052,2,24753699
seq-rs1053,2,24754774
seq-rs1054,2,24758355
seq-rs1056,2,24880329
seq-rs1057,2,24906358
seq-rs1058,2,24908951
seq-rs1059,2,24909686
seq-rs1060,2,24911442
seq-rs1061,2,24938602
seq-rs1063,2,24958708
seq-rs1064,2,24977486
seq-rs1067,2,25005433
seq-rs1068,2,25009873
seq-rs1070,2,25039125
seq-rs1071,2,25043833
seq-rs1072,2,25073408
seq-rs1073,2,25081509
seq-rs1074,2,25083986
seq-rs1075,2,25086037
seq-rs1080,2,25330104
seq-rs1081,2,25334453
seq-rs1082,2,25336202
seq-rs1083,2,25346288
seq-rs1084,2,25350081
seq-rs1086,2,25374271
seq-rs1087,2,25383395
seq-rs1088,2,25384785
seq-rs1090,2,25389443
seq-rs1091,2,25392713
seq-rs1092,2,25393263
seq-rs1093,2,25397232
seq-rs1098,2,25439736
seq-rs1101,2,25488487
seq-rs1102,2,25514215
seq-rs1103,2,25521920
seq-rs1104,2,25526736
seq-rs1105,2,25527435
seq-rs1106,2,25529589
seq-rs1108,2,25539359
seq-rs1109,2,25555005
seq-rs1113,2,25575075
seq-rs1114,2,25588144
seq-rs1118,2,25600236
seq-rs1119,2,25606119
seq-rs1121,2,25630162
seq-rs1122,2,25637910
seq-rs1123,2,25638711
seq-rs1124,2,25639953
seq-rs1125,2,25642884
seq-rs1126,2,25643854
seq-rs1127,2,25704479
seq-rs1128,2,25710957
seq-rs1130,2,25712942
seq-rs1131,2,25717357
seq-rs1133,2,25759080
seq-rs1134,2,25769608
seq-rs1135,2,25786098
seq-rs1136,2,25786966
seq-rs1138,2,25789015
seq-rs1139,2,25812044
seq-rs1140,2,25823843
seq-rs1141,2,25831587
seq-rs1144,2,25860401
seq-rs1146,2,25897818
seq-rs1147,2,25933685
seq-rs1148,2,26047943
seq-rs1151,2,26085074
seq-rs1152,2,26119268
seq-rs1153,2,26127644
seq-rs1155,2,26169460
seq-rs1157,2,26206636
seq-rs1158,2,26278471
seq-rs1160,2,26300483
seq-rs1161,2,26324601
seq-rs1162,2,26335235
seq-rs1163,2,26353372
seq-rs1165,2,26380085
seq-rs1167,2,26397578
seq-rs1170,2,26422556
seq-rs1171,2,26470655
seq-rs1172,2,26474860
seq-rs1173,2,26540071
seq-rs1174,2,26547871
seq-rs1177,2,26585699
seq-rs1178,2,26630794
seq-rs1179,2,26635723
seq-rs1180,2,26642837
seq-rs1181,2,26651917
seq-rs1182,2,26743871
seq-rs1183,2,26761392
seq-rs1184,2,26897704
seq-rs1185,2,26902557
seq-rs1186,2,26972016
seq-rs1187,2,26989505
seq-rs1188,2,26995204
seq-rs1189,2,27000778
seq-rs1190,2,27066892
seq-rs1192,2,27118270
seq-rs1193,2,27189388
seq-rs1194,2,27228598
seq-rs1195,2,27232999
seq-rs1196,2,27253987
seq-rs1197,2,27269122
seq-rs1198,2,27279637
seq-rs1200,2,27330701
seq-rs1201,2,27340350
seq-rs1202,2,27351680
seq-rs1204,2,27538518
seq-rs1206,2,27942833
seq-rs1207,2,28191268
seq-rs1208,2,28435754
seq-rs1212,2,29664286
seq-rs1213,2,29757947
seq-rs1214,2,29775971
seq-rs1216,2,29823742
seq-rs1217,2,29828519
seq-rs1218,2,29886521
seq-rs1219,2,29981128
seq-rs1220,2,29991261
seq-rs1223,2,30118885
seq-rs1225,2,30143153
seq-rs1226,2,30149325
seq-rs1227,2,30163763
seq-rs1228,2,30182262
seq-rs1230,2,30209024
seq-rs1231,2,30214133
seq-rs1232,2,30217223
seq-rs1233,2,30227168
seq-rs1234,2,30231761
seq-rs1235,2,30240826
seq-rs1236,2,30256352
seq-rs1238,2,30274578
seq-rs1239,2,30292121
seq-rs1240,2,30311986
seq-rs1241,2,30351097
seq-rs1242,2,30361053
seq-rs1244,2,30389629
seq-rs1245,2,30455623
seq-rs1246,2,30458701
seq-rs1248,2,30474684
seq-rs1249,2,30485967
seq-rs1250,2,30496535
seq-rs1251,2,30514506
seq-rs1252,2,30542188
seq-rs1258,2,31205054
seq-rs1260,2,31511201
seq-rs1261,2,31518759
seq-rs1262,2,31613100
seq-rs1263,2,31834889
seq-rs1265,2,31900099
seq-rs1266,2,31931082
seq-rs1269,2,32063948
seq-rs1270,2,32066251
seq-rs1271,2,32154803
seq-rs1273,2,32649589
seq-rs1277,2,33249150
seq-rs1280,2,33284940
seq-rs1281,2,33353270
seq-rs1283,2,33814514
seq-rs1284,2,33947856
seq-rs1285,2,33972315
seq-rs1286,2,34000024
seq-rs1288,2,34274823
seq-rs1289,2,34462437
seq-rs1290,2,34463026
seq-rs1293,2,34633830
seq-rs1294,2,34636262
seq-rs1295,2,34644982
seq-rs1296,2,34646531
seq-rs1297,2,34650584
seq-rs1298,2,34651707
seq-rs1299,2,34659842
seq-rs1300,2,34675915
seq-rs1301,2,34714668
seq-rs1302,2,34726635
seq-rs1303,2,34743079
seq-rs1305,2,34907957
seq-rs1306,2,34924211
seq-rs1307,2,34937228
seq-rs1308,2,35094328
seq-rs1309,2,35105074
seq-rs1311,2,35152232
seq-rs1315,2,35291333
seq-rs1316,2,35296285
seq-rs1317,2,35322028
seq-rs1319,2,35326476
seq-rs1331,2,35687660
seq-rs1333,2,35737416
seq-rs1334,2,35750118
seq-rs1335,2,35806077
seq-rs1336,2,35841920
seq-rs1337,2,35862223
seq-rs1340,2,35884263
seq-rs1341,2,35895056
seq-rs1342,2,35900872
seq-rs1344,2,35930374
seq-rs1346,2,35960793
seq-rs1347,2,35970733
seq-rs1349,2,35979898
seq-rs1350,2,36031818
seq-rs1351,2,36036897
seq-rs1352,2,36053432
seq-rs1354,2,36067551
seq-rs1355,2,36073825
seq-rs1357,2,36090984
seq-rs1358,2,36124242
seq-rs1359,2,36126931
seq-rs1360,2,36133103
seq-rs1361,2,36173166
seq-rs1362,2,36177391
seq-rs1363,2,36195617
seq-rs1364,2,36198945
seq-rs1365,2,36220285
seq-rs1368,2,36467929
seq-rs1369,2,36522008
seq-rs1370,2,36529723
seq-rs1371,2,36555804
seq-rs1372,2,36583115
seq-rs1373,2,36634658
seq-rs1375,2,36714663
seq-rs1377,3,244209
seq-rs1378,3,273948
seq-rs1379,3,343666
seq-rs1382,3,1459963
seq-rs1386,3,1625693
seq-rs1387,3,1650979
seq-rs1388,3,1663085
seq-rs1389,3,1739757
seq-rs1390,3,1780964
seq-rs1391,3,1816080
seq-rs1392,3,1827722
seq-rs1393,3,1829849
seq-rs1394,3,1845895
seq-rs1395,3,1854850
seq-rs1397,3,1860362
seq-rs1398,3,1902033
seq-rs1399,3,1984164
seq-rs1401,3,2005858
seq-rs1402,3,2045916
seq-rs1403,3,2082323
seq-rs1404,3,2099896
seq-rs1405,3,2129194
seq-rs1406,3,2143167
seq-rs1407,3,2178002
seq-rs1409,3,2211626
seq-rs1410,3,2280045
seq-rs1411,3,2307857
seq-rs1412,3,2318888
seq-rs1413,3,2344446
seq-rs1414,3,2378171
seq-rs1415,3,2379587
seq-rs1416,3,2707205
seq-rs1417,3,3297858
seq-rs1418,3,3313836
seq-rs1419,3,3326323
seq-rs1420,3,3364768
seq-rs1421,3,3400021
seq-rs1423,3,3465307
seq-rs1424,3,3472689
seq-rs1426,3,3544406
seq-rs1432,3,3735677
seq-rs1433,3,3736790
seq-rs1434,3,3762355
seq-rs1437,3,4306691
seq-rs1438,3,4340485
seq-rs1439,3,4390933
seq-rs1440,3,4502421
seq-rs1441,3,4730099
seq-rs1442,3,4805985
seq-rs1443,3,4928828
seq-rs1444,3,5104137
seq-rs1445,3,5178318
seq-rs1446,3,5353834
seq-rs1447,3,5576066
seq-rs1450,3,5810277
seq-rs1451,3,5823184
seq-rs1453,3,5867047
seq-rs1454,3,5882584
seq-rs1455,3,5926637
seq-rs1457,3,6074977
seq-rs1458,3,6104787
seq-rs1462,3,6306760
seq-rs1463,3,6333589
seq-rs1464,3,6410889
seq-rs1467,3,6754907
seq-rs1468,3,6927749
seq-rs1469,3,6951582
seq-rs1471,3,6965528
seq-rs1472,3,6982077
seq-rs1473,3,6985037
seq-rs1474,3,7000314
seq-rs1476,3,7134761
seq-rs1478,3,7180487
seq-rs1480,3,7249916
seq-rs1481,3,7266741
seq-rs1482,3,7276410
seq-rs1484,3,7481809
seq-rs1485,3,7500917
seq-rs1487,3,7629418
seq-rs1489,3,7698784
seq-rs1490,3,7717654
seq-rs1493,3,7802114
seq-rs1498,3,7901581
seq-rs1501,3,8038784
seq-rs1503,3,8110092
seq-rs1510,3,8244299
seq-rs1513,3,8406207
seq-rs1514,3,8422291
seq-rs1515,3,8545481
seq-rs1516,3,8560134
seq-rs1517,3,8560939
seq-rs1519,3,8728586
seq-rs1521,3,8762253
seq-rs1524,3,8867447
seq-rs1525,3,8921328
seq-rs1526,3,8924838
seq-rs1527,3,8962848
seq-rs1528,3,9066876
seq-rs1532,3,9354754
seq-rs1533,3,9381507
seq-rs1534,3,9500745
seq-rs1535,3,9624210
seq-rs1537,3,9955863
seq-rs1539,3,10088262
seq-rs1541,3,10198069
seq-rs1542,3,10203937
seq-rs1543,3,10208440
seq-rs1546,3,10290460
seq-rs1548,3,10363048
seq-rs1550,3,10484285
seq-rs1551,3,10508341
seq-rs1554,3,10624364
seq-rs1556,3,11004224
seq-rs1557,3,11017771
seq-rs1558,3,11028413
seq-rs1561,3,11595539
seq-rs1562,3,11902549
seq-rs1565,3,12616299
seq-rs1566,3,12674807
seq-rs1567,3,12750352
seq-rs1568,3,12972454
seq-rs1569,3,12973998
seq-rs1570,3,13000823
seq-rs1572,3,13246941
seq-rs1573,3,14199472
seq-rs1574,3,14203910
seq-rs1575,3,14260229
seq-rs1576,3,14264867
seq-rs1579,3,14505676
seq-rs1582,3,14767691
seq-rs1583,3,14839566
seq-rs1584,3,14896818
seq-rs1585,3,15010862
seq-rs1586,3,15026659
seq-rs1587,3,15037319
seq-rs1590,3,15308274
seq-rs1591,3,15335366
seq-rs1594,3,15485613
seq-rs1598,3,16081220
seq-rs1599,3,16245742
seq-rs1600,3,16265958
seq-rs1601,3,16767772
seq-rs1602,3,16776594
seq-rs1603,3,16814319
seq-rs1604,3,16831236
seq-rs1606,3,17394928
seq-rs1607,3,17431669
seq-rs1608,3,17433121
seq-rs1610,3,17445851
seq-rs1611,3,17508135
seq-rs1612,3,17532718
seq-rs1613,3,17558685
seq-rs1614,3,17576225
seq-rs1615,3,17655437
seq-rs1618,3,18392285
seq-rs1619,3,18438515
seq-rs1620,3,18500097
seq-rs1621,3,18526233
seq-rs1622,3,18570043
seq-rs1623,3,18578553
seq-rs1624,3,18611104
seq-rs1627,3,18663836
seq-rs1628,3,18671907
seq-rs1629,3,18674973
seq-rs1632,3,19026903
seq-rs1633,3,19047598
seq-rs1634,3,19281350
seq-rs1635,3,19319676
seq-rs1637,3,19515626
seq-rs1639,3,19571264
seq-rs1640,3,19777345
seq-rs1641,3,19890581
seq-rs1642,3,19930859
seq-rs1643,3,20096989
seq-rs1644,3,20791504
seq-rs1645,3,20793542
seq-rs1646,3,21001673
seq-rs1647,3,21002449
seq-rs1648,3,21065942
seq-rs1649,3,21175613
seq-rs1652,3,21414606
seq-rs1653,3,21486369
seq-rs1654,3,21548638
seq-rs1655,3,21573440
seq-rs1656,3,21633115
seq-rs1657,3,21677954
seq-rs1658,3,21711243
seq-rs1659,3,21770422
seq-rs1660,3,21791396
seq-rs1664,3,21883342
seq-rs1665,3,21951910
seq-rs1666,3,21972357
seq-rs1667,3,21975140
seq-rs1668,3,22053364
seq-rs1669,3,22114361
seq-rs1670,3,22143446
seq-rs1671,3,22153650
seq-rs1672,3,22302882
seq-rs1674,3,22314446
seq-rs1675,3,22489673
seq-rs1676,3,22514872
seq-rs1677,3,22516351
seq-rs1678,3,22519682
seq-rs1679,3,22712787
seq-rs1680,3,22771531
seq-rs1681,3,22775285
seq-rs1682,3,22805999
seq-rs1683,3,22868175
seq-rs1684,3,22873143
seq-rs1685,3,22885352
seq-rs1686,3,23014793
seq-rs1687,3,23051385
seq-rs1688,3,23052381
seq-rs1689,3,23088273
seq-rs1690,3,23089733
seq-rs1693,3,23177603
seq-rs1694,3,23239849
seq-rs1695,3,23265896
seq-rs1697,3,23341375
seq-rs1698,3,23343805
seq-rs1700,3,23396593
seq-rs1701,3,23433478
seq-rs1704,3,23501696
seq-rs1705,3,23510340
seq-rs1706,3,23544329
seq-rs1707,3,23557932
seq-rs1708,3,23558887
seq-rs1709,3,23578717
seq-rs1710,3,23654435
seq-rs1711,3,23760548
seq-rs1712,3,23800175
seq-rs1713,3,24101454
seq-rs1714,3,24115107
seq-rs1715,3,24161893
seq-rs1717,3,24323195
seq-rs1719,3,24402975
seq-rs1720,3,24495445
seq-rs1721,3,24611690
seq-rs1722,3,24632455
seq-rs1723,3,24749164
seq-rs1724,3,24931378
seq-rs1726,3,25211914
seq-rs1727,3,25320790
seq-rs1729,3,25379029
seq-rs1730,3,25392637
seq-rs1731,3,25465540
seq-rs1732,3,25467078
seq-rs1733,3,25479186
seq-rs1734,3,25495202
seq-rs1735,3,25515371
seq-rs1736,3,25640748
seq-rs1737,3,25711468
seq-rs1738,3,25889467
seq-rs1739,3,26055571
seq-rs1740,3,26059566
seq-rs1741,3,26094232
seq-rs1742,3,26104995
seq-rs1744,3,26282293
seq-rs1751,3,26643528
seq-rs1753,3,26836086
seq-rs1755,3,26978701
seq-rs1756,3,27004901
seq-rs1757,3,27084815
seq-rs1758,3,27099552
seq-rs1760,3,27281513
seq-rs1761,3,27511850
seq-rs1762,3,27546064
seq-rs1764,3,27604442
seq-rs1765,3,27605799
seq-rs1767,3,27891977
seq-rs1770,3,28279433
seq-rs1774,3,28499451
seq-rs1775,3,28545389
seq-rs1776,3,28765222
seq-rs1777,3,28767352
seq-rs1778,3,28810398
seq-rs1779,3,28811291
seq-rs1780,3,28867998
seq-rs1784,3,29001673
seq-rs1787,3,29167061
seq-rs1788,3,29228673
seq-rs1790,3,29329462
seq-rs1791,3,29464522
seq-rs1793,3,29738573
seq-rs1795,3,30037456
seq-rs1796,3,30225868
seq-rs1798,3,30530239
seq-rs1799,3,30601641
seq-rs1800,3,30664988
seq-rs1801,3,30702563
seq-rs1802,3,30783587
seq-rs1805,3,30884384
seq-rs1806,3,31142213
seq-rs1808,3,31216063
seq-rs1809,3,31437057
seq-rs1811,3,31473163
seq-rs1812,3,31523409
seq-rs1813,3,31644879
seq-rs1814,3,31679010
seq-rs1815,3,31682390
seq-rs1816,3,31773095
seq-rs1817,3,31803229
seq-rs1818,3,32107285
seq-rs1819,3,32510064
seq-rs1820,3,32871518
seq-rs1821,3,32914389
seq-rs1822,3,33475103
seq-rs1824,3,33647876
seq-rs1826,3,33901035
seq-rs1829,3,33981734
seq-rs1830,3,34011422
seq-rs1832,3,34049094
seq-rs1836,3,34442880
seq-rs1837,3,34469488
seq-rs1838,3,34488934
seq-rs1839,3,34494090
seq-rs1841,3,34507494
seq-rs1843,3,34545183
seq-rs1845,3,34579076
seq-rs1846,3,34582824
seq-rs1847,3,34629230
seq-rs1849,3,34860341
seq-rs1850,3,34882883
seq-rs1851,3,34896032
seq-rs1852,3,34927346
seq-rs1853,3,34933867
seq-rs1855,3,35047943
seq-rs1856,3,35122077
seq-rs1857,3,35126138
seq-rs1858,3,35153082
seq-rs1859,3,35231674
seq-rs1860,3,35233440
seq-rs1861,3,35604721
seq-rs1862,3,35611141
seq-rs1863,3,35722721
seq-rs1864,3,35760238
seq-rs1865,3,35766225
seq-rs1866,3,35768630
seq-rs1868,3,35808359
seq-rs1870,3,35944494
seq-rs1871,3,35992090
seq-rs1872,3,36034681
seq-rs1873,3,36166240
seq-rs1874,3,36237675
seq-rs1875,3,36238503
seq-rs1876,3,36239058
seq-rs1877,3,36248022
seq-rs1878,3,36249888
seq-rs1879,3,36291552
seq-rs1880,3,36297767
seq-rs1881,3,36306822
seq-rs1882,3,36358962
seq-rs1883,3,36372579
seq-rs1884,3,36398595
seq-rs1886,3,36414181
seq-rs1887,3,36426529
seq-rs1888,3,36434136
seq-rs1890,3,36446788
seq-rs1891,3,36496333
seq-rs1893,3,36506355
seq-rs1894,3,36509139
seq-rs1895,3,36523314
seq-rs1896,3,36541175
seq-rs1897,3,36600191
seq-rs1898,3,36630490
seq-rs1899,3,36657049
seq-rs1900,3,36749522
seq-rs1902,3,36795505
seq-rs1903,3,36806358
seq-rs1904,3,36950938
seq-rs1906,3,37135138
seq-rs1907,3,37194714
seq-rs1908,3,37232947
seq-rs1909,4,52150
seq-rs1912,4,207722
seq-rs1913,4,316344
seq-rs1915,4,327355
seq-rs1917,4,346552
seq-rs1918,4,361226
seq-rs1919,4,371764
seq-rs1921,4,497595
seq-rs1922,4,506360
seq-rs1923,4,551922
seq-rs1924,4,596019
seq-rs1928,4,900838
seq-rs1929,4,918060
seq-rs1930,4,974258
seq-rs1932,4,1002892
seq-rs1933,4,1004033
seq-rs1934,4,1005871
seq-rs1936,4,1067086
seq-rs1938,4,1105118
seq-rs1939,4,1107445
seq-rs1940,4,1124116
seq-rs1942,4,1136894
seq-rs1944,4,1142620
seq-rs1945,4,1215600
seq-rs1952,4,1846705
seq-rs1953,4,1847779
seq-rs1955,4,1891736
seq-rs1958,4,1977998
seq-rs1961,4,2050099
seq-rs1962,4,2230600
seq-rs1966,4,2414978
seq-rs1969,4,2494369
seq-rs1970,4,2796287
seq-rs1971,4,3549213
seq-rs1972,4,3554029
seq-rs1973,4,3571464
seq-rs1975,4,3664106
seq-rs1976,4,4293071
seq-rs1977,4,4315646
seq-rs1978,4,4412964
seq-rs1979,4,4445510
seq-rs1980,4,4446900
seq-rs1981,4,4513258
seq-rs1982,4,4595864
seq-rs1983,4,4628739
seq-rs1984,4,4645968
seq-rs1985,4,4659212
seq-rs1986,4,4689052
seq-rs1988,4,4765279
seq-rs1989,4,4766040
seq-rs1991,4,4770149
seq-rs1992,4,4802120
seq-rs1993,4,4889322
seq-rs1994,4,4933096
seq-rs1995,4,5040235
seq-rs1996,4,5119889
seq-rs1997,4,5150145
seq-rs1998,4,5158967
seq-rs1999,4,5159919
seq-rs2000,4,5169503
seq-rs2003,4,5203551
seq-rs2004,4,5235845
seq-rs2006,4,5307060
seq-rs2011,4,6034876
seq-rs2012,4,6224763
seq-rs2013,4,6247643
seq-rs2014,4,6248457
seq-rs2015,4,6265979
seq-rs2016,4,6501166
seq-rs2018,4,6550143
seq-rs2020,4,6949454
seq-rs2021,4,6958179
seq-rs2022,4,6996261
seq-rs2024,4,7458064
seq-rs2025,4,7466989
seq-rs2026,4,7925661
seq-rs2027,4,8143515
seq-rs2028,4,8549876
seq-rs2029,4,8579500
seq-rs2030,4,8691087
seq-rs2031,4,9000084
seq-rs2032,4,10001349
seq-rs2034,4,11391147
seq-rs2035,4,11578774
seq-rs2036,4,11832174
seq-rs2037,4,12262029
seq-rs2039,4,12688322
seq-rs2040,4,13019504
seq-rs2041,4,13036690
seq-rs2042,4,13049841
seq-rs2045,4,13151305
seq-rs2046,4,13217921
seq-rs2047,4,13232008
seq-rs2048,4,13259417
seq-rs2049,4,13330738
seq-rs2051,4,13390019
seq-rs2052,4,13390546
seq-rs2053,4,13400262
seq-rs2055,4,13451829
seq-rs2056,4,13478427
seq-rs2057,4,13490031
seq-rs2058,4,13516553
seq-rs2059,4,13729083
seq-rs2061,4,13848189
seq-rs2062,4,13858343
seq-rs2063,4,13916759
seq-rs2064,4,13918144
seq-rs2065,4,14178140
seq-rs2066,4,14931684
seq-rs2067,4,15461783
seq-rs2068,4,15552166
seq-rs2070,4,15904354
seq-rs2071,4,16374704
seq-rs2074,4,16477320
seq-rs2077,4,16559662
seq-rs2078,4,16613907
seq-rs2079,4,16653752
seq-rs2080,4,16708663
seq-rs2081,4,16724007
seq-rs2082,4,16761751
seq-rs2083,4,17117482
seq-rs2084,4,17412552
seq-rs2085,4,17629564
seq-rs2086,4,17860407
seq-rs2087,4,18179408
seq-rs2088,4,18250653
seq-rs2090,4,18514722
seq-rs2092,4,18685470
seq-rs2094,4,18803329
seq-rs2095,4,18878914
seq-rs2096,4,18927820
seq-rs2097,4,18929119
seq-rs2098,4,18971966
seq-rs2099,4,18988425
seq-rs2100,4,18996339
seq-rs2101,4,19000011
seq-rs2102,4,19049389
seq-rs2104,4,19139812
seq-rs2105,4,19149985
seq-rs2106,4,19165835
seq-rs2111,4,19373712
seq-rs2112,4,19374681
seq-rs2113,4,19406180
seq-rs2114,4,19590436
seq-rs2115,4,19637252
seq-rs2116,4,19737628
seq-rs2117,4,19762404
seq-rs2118,4,19762963
seq-rs2120,4,19809067
seq-rs2121,4,19898772
seq-rs2122,4,19906874
seq-rs2123,4,19926064
seq-rs2129,4,20198160
seq-rs2136,4,20895109
seq-rs2137,4,21054506
seq-rs2138,4,21122725
seq-rs2139,4,21257137
seq-rs2140,4,21310992
seq-rs2141,4,21325664
seq-rs2142,4,21349929
seq-rs2143,4,21357015
seq-rs2144,4,21359044
seq-rs2145,4,21363957
seq-rs2146,4,21388569
seq-rs2147,4,21398012
seq-rs2149,4,21423863
seq-rs2150,4,21426109
seq-rs2151,4,21433599
seq-rs2152,4,21444395
seq-rs2154,4,21458963
seq-rs2155,4,21468257
seq-rs2156,4,21479076
seq-rs2157,4,21494284
seq-rs2158,4,21561677
seq-rs2159,4,21580348
seq-rs2160,4,21585619
seq-rs2162,4,21652240
seq-rs2163,4,21682562
seq-rs2164,4,21727060
seq-rs2165,4,21782605
seq-rs2167,4,22000150
seq-rs2168,4,22019264
seq-rs2169,4,22033473
seq-rs2170,4,22038946
seq-rs2171,4,22061324
seq-rs2172,4,22187323
seq-rs2173,4,22238378
seq-rs2175,4,22319501
seq-rs2177,4,22673571
seq-rs2178,4,22722899
seq-rs2179,4,22769820
seq-rs2180,4,22787830
seq-rs2181,4,22804456
seq-rs2182,4,22864425
seq-rs2183,4,22884524
seq-rs2184,4,22986138
seq-rs2186,4,23307932
seq-rs2187,4,23397674
seq-rs2188,4,23442120
seq-rs2189,4,23480797
seq-rs2190,4,23560924
seq-rs2191,4,23579568
seq-rs2193,4,23700151
seq-rs2194,4,23740887
seq-rs2195,4,23922307
seq-rs2196,4,23976932
seq-rs2197,4,24029417
seq-rs2198,4,24150992
seq-rs2200,4,24287438
seq-rs2202,4,24547495
seq-rs2203,4,24582590
seq-rs2205,4,24677894
seq-rs2206,4,24693491
seq-rs2207,4,24715307
seq-rs2209,4,24757981
seq-rs2212,4,25053652
seq-rs2213,4,25596637
seq-rs2214,4,25612724
seq-rs2216,4,26079675
seq-rs2217,4,26235361
seq-rs2218,4,26513180
seq-rs2219,4,26589631
seq-rs2220,4,26627946
seq-rs2221,4,26751462
seq-rs2223,4,26937349
seq-rs2224,4,26977890
seq-rs2226,4,27216985
seq-rs2227,4,27260289
seq-rs2228,4,27267922
seq-rs2230,4,27764966
seq-rs2231,4,27845177
seq-rs2232,4,28231148
seq-rs2233,4,28253420
seq-rs2235,4,28359010
seq-rs2236,4,28392936
seq-rs2237,4,28414263
seq-rs2238,4,28424666
seq-rs2240,4,29132814
seq-rs2242,4,30114128
seq-rs2243,4,30133498
seq-rs2244,4,30178842
seq-rs2245,4,30218990
seq-rs2246,4,30239172
seq-rs2247,4,30256549
seq-rs2248,4,30284366
seq-rs2249,4,30405959
seq-rs2250,4,30442814
seq-rs2251,4,30445965
seq-rs2252,4,30553871
seq-rs2253,4,30653072
seq-rs2254,4,31000838
seq-rs2255,4,31183523
seq-rs2256,4,31375879
seq-rs2257,4,31421216
seq-rs2258,4,31509265
seq-rs2259,4,31519665
seq-rs2260,4,31560676
seq-rs2262,4,31577890
seq-rs2263,4,31579686
seq-rs2264,4,31632656
seq-rs2265,4,31639496
seq-rs2266,4,31642490
seq-rs2267,4,31645134
seq-rs2269,4,31649190
seq-rs2270,4,31653103
seq-rs2271,4,31656948
seq-rs2272,4,31667857
seq-rs2273,4,31671706
seq-rs2274,4,31726546
seq-rs2275,4,31742233
seq-rs2276,4,31786576
seq-rs2277,4,31789181
seq-rs2278,4,31816429
seq-rs2279,4,31837792
seq-rs2280,4,31841168
seq-rs2281,4,31849680
seq-rs2282,4,31850577
seq-rs2283,4,31851608
seq-rs2284,4,31852421
seq-rs2285,4,31886501
seq-rs2286,4,31890674
seq-rs2287,4,31895096
seq-rs2288,4,31896971
seq-rs2289,4,31899952
seq-rs2290,4,31901974
seq-rs2293,4,31936506
seq-rs2294,4,31937382
seq-rs2295,4,31945775
seq-rs2296,4,31950628
seq-rs2297,4,31951707
seq-rs2298,4,31979899
seq-rs2299,4,32067229
seq-rs2300,4,32068011
seq-rs2301,4,32070607
seq-rs2302,4,32080380
seq-rs2303,4,32089944
seq-rs2304,4,32113514
seq-rs2305,4,32116133
seq-rs2306,4,32127544
seq-rs2307,4,32141690
seq-rs2309,4,32160890
seq-rs2310,4,32168471
seq-rs2311,4,32186711
seq-rs2313,4,32189798
seq-rs2314,4,32193045
seq-rs2316,4,32224884
seq-rs2317,4,32226167
seq-rs2318,4,32233237
seq-rs2319,4,32238058
seq-rs2320,4,32274508
seq-rs2321,4,32316108
seq-rs2322,4,32325482
seq-rs2324,4,32330257
seq-rs2325,4,32335054
seq-rs2327,4,32369445
seq-rs2328,4,32371573
seq-rs2329,4,32384485
seq-rs2331,4,32393002
seq-rs2333,4,32411268
seq-rs2335,4,32414898
seq-rs2336,4,32420931
seq-rs2337,4,32435418
seq-rs2338,4,32438868
seq-rs2339,4,32439369
seq-rs2340,4,32443372
seq-rs2341,4,32447233
seq-rs2342,4,32448602
seq-rs2344,4,32631360
seq-rs2345,4,32702471
seq-rs2346,4,32780816
seq-rs2349,4,32990230
seq-rs2350,4,32993529
seq-rs2351,4,33013263
seq-rs2356,4,33620037
seq-rs2357,4,33725127
seq-rs2358,4,33741946
seq-rs2359,4,33890848
seq-rs2360,4,33906100
seq-rs2361,4,34091449
seq-rs2364,4,34473920
seq-rs2366,4,35391685
seq-rs2370,5,448686
seq-rs2371,5,549150
seq-rs2373,5,556348
seq-rs2374,5,561778
seq-rs2375,5,575105
seq-rs2377,5,665025
seq-rs2378,5,688338
seq-rs2380,5,813771
seq-rs2381,5,956903
seq-rs2382,5,989810
seq-rs2384,5,1110492
seq-rs2385,5,1228175
seq-rs2392,5,1843629
seq-rs2393,5,1955364
seq-rs2394,5,1983404
seq-rs2396,5,2055929
seq-rs2397,5,2153085
seq-rs2399,5,2377689
seq-rs2400,5,2476240
seq-rs2403,5,2635498
seq-rs2404,5,2689905
seq-rs2405,5,2767881
seq-rs2406,5,2867308
seq-rs2409,5,3080256
seq-rs2411,5,3128724
seq-rs2412,5,3139942
seq-rs2413,5,3429857
seq-rs2415,5,3506777
seq-rs2416,5,3833633
seq-rs2417,5,4157314
seq-rs2418,5,4234728
seq-rs2421,5,4569168
seq-rs2424,5,4966672
seq-rs2425,5,5283714
seq-rs2427,5,5341575
seq-rs2428,5,5355870
gwseq-rs14,5,5359253
seq-rs2429,5,5370139
seq-rs2430,5,5439809
seq-rs2434,5,6032577
seq-rs2435,5,6220797
seq-rs2437,5,6264810
seq-rs2438,5,6301325
seq-rs2440,5,6440978
seq-rs2441,5,6457560
seq-rs2443,5,6547549
seq-rs2444,5,6552638
seq-rs2446,5,6639924
seq-rs2447,5,6701722
seq-rs2448,5,6723869
seq-rs2450,5,7061202
seq-rs2451,5,7295848
seq-rs2454,5,8050461
seq-rs2455,5,8059887
seq-rs2456,5,8103230
seq-rs2457,5,8106804
seq-rs2458,5,8119146
seq-rs2459,5,8196961
seq-rs2460,5,8200812
seq-rs2461,5,8202364
seq-rs2462,5,8278865
seq-rs2466,5,8496334
seq-rs2468,5,8613667
seq-rs2469,5,8626461
seq-rs2472,5,8875525
seq-rs2473,5,8893453
seq-rs2474,5,8969752
seq-rs2475,5,9006778
seq-rs2479,5,9252882
seq-rs2480,5,9316783
seq-rs2482,5,10894992
seq-rs2484,5,11265054
seq-rs2486,5,11656506
seq-rs2487,5,11690721
seq-rs2491,5,12653686
seq-rs2495,5,13303359
seq-rs2499,5,13754309
seq-rs2500,5,13822252
seq-rs2501,5,13876035
seq-rs2505,5,14474169
seq-rs2506,5,14483062
seq-rs2508,5,14792893
seq-rs2509,5,14879378
seq-rs2510,5,14928936
seq-rs2511,5,14937039
seq-rs2512,5,14984614
seq-rs2513,5,15028025
seq-rs2514,5,15138104
seq-rs2515,5,15534261
seq-rs2516,5,15542658
seq-rs2517,5,15627631
seq-rs2518,5,15656674
seq-rs2519,5,15723370
seq-rs2520,5,15746773
seq-rs2521,5,15821142
seq-rs2522,5,16027695
seq-rs2523,5,16033601
seq-rs2524,5,16064352
seq-rs2527,5,16281067
seq-rs2528,5,16320024
seq-rs2529,5,16322887
seq-rs2531,5,16446013
seq-rs2532,5,16456652
seq-rs2533,5,16494172
seq-rs2534,5,16495301
seq-rs2536,5,16546068
seq-rs2537,5,16551344
seq-rs2538,5,16556795
seq-rs2539,5,16563885
seq-rs2540,5,16578746
seq-rs2541,5,16649789
seq-rs2542,5,16750634
seq-rs2544,5,16891079
seq-rs2545,5,16956519
seq-rs2547,5,17210187
seq-rs2548,5,17228791
seq-rs2549,5,17251156
seq-rs2552,5,17918828
seq-rs2555,5,18198275
seq-rs2556,5,18299706
seq-rs2557,5,18445925
seq-rs2558,5,18474057
seq-rs2559,5,18503087
seq-rs2560,5,18524866
seq-rs2561,5,18546057
seq-rs2562,5,18617163
seq-rs2563,5,18746523
seq-rs2564,5,18787433
seq-rs2565,5,18793538
seq-rs2566,5,18801588
seq-rs2568,5,19018920
seq-rs2569,5,19030675
seq-rs2570,5,19068010
seq-rs2573,5,19212120
seq-rs2574,5,19264204
seq-rs2575,5,19267752
seq-rs2576,5,19283858
seq-rs2579,5,19394084
seq-rs2580,5,19775088
seq-rs2581,5,19800352
seq-rs2582,5,19981186
seq-rs2583,5,20250014
seq-rs2588,5,21121201
seq-rs2589,5,21425162
seq-rs2590,5,21500839
seq-rs2591,5,21758139
seq-rs2592,5,21792181
seq-rs2593,5,22003589
seq-rs2594,5,22082380
seq-rs2595,5,22110402
seq-rs2598,5,22308978
seq-rs2599,5,22331360
seq-rs2600,5,22371479
seq-rs2601,5,22381160
seq-rs2602,5,22398452
seq-rs2603,5,22416608
seq-rs2604,5,22423240
seq-rs2605,5,22514791
seq-rs2606,5,22583676
seq-rs2607,5,22672333
seq-rs2608,5,22711808
seq-rs2609,5,22778760
seq-rs2610,5,22800443
seq-rs2611,5,22801989
seq-rs2612,5,23285579
seq-rs2613,5,23354631
seq-rs2614,5,23439105
seq-rs2615,5,23443329
seq-rs2616,5,23583826
seq-rs2617,5,23597559
seq-rs2618,5,23598897
seq-rs2619,5,23637752
seq-rs2620,5,23656840
seq-rs2621,5,23666773
seq-rs2622,5,23678855
seq-rs2625,5,23828034
seq-rs2626,5,23838001
seq-rs2627,5,23880300
seq-rs2628,5,24067509
seq-rs2629,5,25119062
seq-rs2630,5,25680944
seq-rs2631,5,26321451
seq-rs2633,5,26597949
seq-rs2635,5,27150430
seq-rs2636,5,27297753
seq-rs2638,5,27312765
seq-rs2639,5,27458570
seq-rs2642,5,27608528
seq-rs2643,5,27624595
seq-rs2644,5,27698498
seq-rs2646,5,27829654
seq-rs2647,5,27910163
seq-rs2648,5,27928032
seq-rs2650,5,28066296
seq-rs2653,5,28181313
seq-rs2656,5,28210465
seq-rs2659,5,28664435
seq-rs2661,5,28764882
seq-rs2662,5,28787316
seq-rs2663,5,28823305
seq-rs2664,5,28921548
seq-rs2665,5,28929678
seq-rs2666,5,28944086
seq-rs2667,5,29038832
seq-rs2668,5,29046652
seq-rs2670,5,29175635
seq-rs2675,5,29507916
seq-rs2677,5,29579251
seq-rs2678,5,29590020
seq-rs2679,5,29594666
seq-rs2681,5,29671178
seq-rs2682,6,197428
seq-rs2683,6,276836
seq-rs2684,6,348514
seq-rs2685,6,390898
seq-rs2686,6,534144
seq-rs2689,6,651856
seq-rs2690,6,685906
seq-rs2691,6,710531
seq-rs2692,6,810832
seq-rs2693,6,871753
seq-rs2694,6,917118
seq-rs2695,6,918694
seq-rs2696,6,920436
seq-rs2699,6,1178093
seq-rs2701,6,1389722
seq-rs2703,6,1533302
seq-rs2704,6,1535162
seq-rs2705,6,1575385
seq-rs2707,6,1584016
seq-rs2708,6,1586006
seq-rs2709,6,1587323
seq-rs2710,6,1600202
seq-rs2712,6,1610021
seq-rs2713,6,1612566
seq-rs2714,6,1638289
seq-rs2715,6,1647961
seq-rs2716,6,1658270
seq-rs2717,6,1671705
seq-rs2718,6,1722288
seq-rs2719,6,1735460
seq-rs2720,6,1739473
seq-rs2721,6,1770929
seq-rs2722,6,1781432
seq-rs2723,6,1792204
seq-rs2724,6,1825636
seq-rs2727,6,1995480
seq-rs2728,6,2099853
seq-rs2729,6,2122412
seq-rs2730,6,2129120
seq-rs2731,6,2139484
seq-rs2732,6,2834338
seq-rs2733,6,2886982
seq-rs2734,6,2907889
seq-rs2735,6,2923431
seq-rs2738,6,2995447
seq-rs2739,6,3008873
seq-rs2740,6,3066751
seq-rs2741,6,3080670
seq-rs2742,6,3094207
seq-rs2744,6,3099827
seq-rs2745,6,3106433
seq-rs2746,6,3120223
seq-rs2748,6,3129784
seq-rs2749,6,3151640
seq-rs2750,6,3188215
seq-rs2751,6,3283626
seq-rs2752,6,3285353
seq-rs2753,6,3325151
seq-rs2755,6,3359960
seq-rs2756,6,3374227
seq-rs2757,6,3377594
seq-rs2758,6,3404974
seq-rs2759,6,3413164
seq-rs2760,6,3447410
seq-rs2761,6,3482523
seq-rs2763,6,3631956
seq-rs2764,6,3638340
seq-rs2765,6,3684016
seq-rs2767,6,3810346
seq-rs2768,6,3911505
seq-rs2769,6,3950548
seq-rs2771,6,4138976
seq-rs2773,6,4144350
seq-rs2774,6,4371403
seq-rs2775,6,4441594
seq-rs2776,6,4629604
seq-rs2777,6,4680220
seq-rs2780,6,4736716
seq-rs2781,6,4842273
seq-rs2783,6,4929620
seq-rs2784,6,4933515
seq-rs2785,6,4967201
seq-rs2786,6,4984365
seq-rs2788,6,5295566
seq-rs2790,6,5335519
seq-rs2791,6,5367892
seq-rs2792,6,5401649
seq-rs2793,6,5409862
seq-rs2794,6,5459239
seq-rs2796,6,5655635
seq-rs2797,6,5678839
seq-rs2798,6,5717579
seq-rs2799,6,5719802
seq-rs2801,6,5851367
seq-rs2802,6,5868950
seq-rs2803,6,6032627
seq-rs2805,6,6088863
seq-rs2806,6,6107604
seq-rs2807,6,6209843
seq-rs2808,6,6251596
seq-rs2809,6,6252106
seq-rs2810,6,6314304
seq-rs2811,6,6370951
seq-rs2812,6,6394775
seq-rs2813,6,6408421
seq-rs2814,6,6422749
seq-rs2815,6,6441111
seq-rs2816,6,6547767
seq-rs2817,6,6672531
seq-rs2818,6,6676229
seq-rs2819,6,6709537
seq-rs2820,6,6716746
gwseq-rs1,6,6726252
seq-rs2822,6,6734327
seq-rs2823,6,6763696
seq-rs2824,6,6791300
seq-rs2825,6,6799849
seq-rs2826,6,6808555
seq-rs2827,6,6887807
seq-rs2828,6,6904702
seq-rs2829,6,6918429
seq-rs2830,6,6921809
seq-rs2831,6,6928360
seq-rs2832,6,6965168
seq-rs2835,6,7014714
seq-rs2836,6,7050045
seq-rs2837,6,7097703
seq-rs2838,6,7106729
seq-rs2839,6,7166449
seq-rs2841,6,7551518
seq-rs2842,6,7567463
seq-rs2844,6,7581834
seq-rs2845,6,7602343
seq-rs2846,6,7608201
seq-rs2847,6,7627867
seq-rs2848,6,7649851
seq-rs2849,6,7656694
seq-rs2850,6,7668260
seq-rs2851,6,7668995
seq-rs2852,6,7691077
seq-rs2853,6,7702521
seq-rs2854,6,7719199
seq-rs2856,6,7842375
seq-rs2857,6,7876572
seq-rs2858,6,8062553
seq-rs2860,6,8260182
seq-rs2861,6,8306704
seq-rs2863,6,8364175
seq-rs2864,6,8447138
seq-rs2866,6,8783983
seq-rs2867,6,8831809
seq-rs2869,6,8893606
seq-rs2870,6,8987773
seq-rs2871,6,9036069
seq-rs2874,6,9271527
seq-rs2875,6,9334940
seq-rs2876,6,9338176
seq-rs2878,6,9397026
seq-rs2879,6,9587733
seq-rs2880,6,9670250
seq-rs2881,6,9677171
seq-rs2882,6,9846572
seq-rs2883,6,9999798
seq-rs2884,6,10011428
seq-rs2885,6,10019086
seq-rs2887,6,10082219
seq-rs2888,6,10084130
seq-rs2889,6,10105395
seq-rs2890,6,10110173
seq-rs2891,6,10131852
seq-rs2892,6,10132417
seq-rs2895,6,10197319
seq-rs2896,6,10198431
seq-rs2897,6,10355182
seq-rs2898,6,10377020
seq-rs2901,6,10717475
seq-rs2903,6,10782111
seq-rs2905,6,10794750
seq-rs2906,6,10806328
seq-rs2907,6,10808800
seq-rs2908,6,10872768
seq-rs2909,6,10909055
seq-rs2910,6,10953758
seq-rs2911,6,10965140
seq-rs2916,6,11106587
seq-rs2917,6,11118433
seq-rs2918,6,11163816
seq-rs2919,6,11268472
seq-rs2921,6,11362388
seq-rs2922,6,11545920
seq-rs2923,6,11555235
seq-rs2924,6,11695269
seq-rs2925,6,11730079
seq-rs2926,6,11797266
seq-rs2927,6,11808405
seq-rs2928,6,11912500
seq-rs2929,6,12054105
seq-rs2930,6,12060209
seq-rs2932,6,13192171
seq-rs2933,6,13232606
seq-rs2934,6,13256493
seq-rs2935,6,13282994
seq-rs2937,6,13610787
seq-rs2938,6,13654885
seq-rs2939,6,13793365
seq-rs2941,6,13974070
seq-rs2942,6,13974695
seq-rs2943,6,14080464
seq-rs2944,6,14149537
seq-rs2945,6,14258850
seq-rs2946,6,14345867
seq-rs2947,6,14371755
seq-rs2948,6,14652588
seq-rs2949,6,14956639
seq-rs2950,6,15408179
seq-rs2951,6,15451544
seq-rs2952,6,16408608
seq-rs2953,6,16477335
seq-rs2954,6,16595034
seq-rs2955,6,16660000
seq-rs2956,6,16693691
seq-rs2957,6,16749835
seq-rs2959,6,17203058
seq-rs2962,6,17631329
seq-rs2964,6,17738541
seq-rs2965,6,17746070
seq-rs2968,6,17935291
seq-rs2969,6,17943121
seq-rs2970,6,18002518
seq-rs2971,6,18046776
seq-rs2973,6,18117678
seq-rs2975,6,18163224
seq-rs2977,6,18348216
seq-rs2979,6,18717020
seq-rs2982,6,18868825
seq-rs2989,6,20372713
seq-rs2990,6,20385237
seq-rs2992,6,20542969
seq-rs2993,6,20690331
seq-rs2994,6,20742562
seq-rs2996,6,20866900
seq-rs2998,6,21053467
seq-rs3000,6,21545954
seq-rs3002,6,21642626
seq-rs3004,6,21742741
seq-rs3005,6,21864025
seq-rs3007,6,22135975
seq-rs3008,6,22219150
seq-rs3012,6,22322181
seq-rs3016,6,22542722
seq-rs3019,6,22695863
seq-rs3020,6,22946380
seq-rs3023,6,23110143
seq-rs3024,6,23132369
seq-rs3027,6,23740026
seq-rs3030,6,24033882
seq-rs3031,6,24095257
seq-rs3033,6,24579825
seq-rs3034,6,24593169
seq-rs3035,6,24746851
seq-rs3036,6,24881935
seq-rs3037,6,25124421
seq-rs3038,6,25188247
seq-rs3040,6,25315957
seq-rs3041,6,25343750
seq-rs3045,6,25740763
seq-rs3046,6,25870668
seq-rs3048,6,25895471
seq-rs3050,6,25903866
seq-rs3052,6,26000125
seq-rs3053,6,26082194
seq-rs3054,6,26224168
seq-rs3057,6,26573875
seq-rs3058,6,26595449
seq-rs3059,6,26604803
seq-rs3060,6,26633443
seq-rs3061,6,26644509
seq-rs3062,6,26710983
seq-rs3064,6,26863464
seq-rs3065,6,26903856
seq-rs3066,6,26939992
seq-rs3067,6,27302537
seq-rs3068,6,27327610
seq-rs3069,6,27444030
seq-rs3070,6,27456839
seq-rs3071,6,27464256
seq-rs3072,6,27478766
seq-rs3074,6,27563162
seq-rs3076,6,27615682
seq-rs3078,6,27706537
seq-rs3079,6,27724487
seq-rs3080,6,27905259
seq-rs3081,6,28050749
seq-rs3082,6,28074945
seq-rs3083,6,28151833
seq-rs3084,6,28287204
seq-rs3085,6,28299681
seq-rs3086,6,28324217
seq-rs3087,6,28446724
seq-rs3088,6,28490003
seq-rs3089,6,28496757
seq-rs3093,6,28802483
seq-rs3094,6,28902527
seq-rs3098,6,29540607
seq-rs3100,6,29715115
seq-rs3101,6,29750999
seq-rs3102,6,29785604
seq-rs3103,6,29872730
seq-rs3104,6,29879391
seq-rs3105,6,29924764
seq-rs3106,6,29934420
seq-rs3107,6,29947726
seq-rs3108,6,29954101
seq-rs3111,6,30023423
seq-rs3112,6,30229276
seq-rs3113,6,30282802
seq-rs3114,6,30299209
seq-rs3117,6,30421597
seq-rs3118,6,30503774
seq-rs3120,6,30635785
seq-rs3121,6,30915718
seq-rs3128,6,31329695
seq-rs3129,6,31359509
seq-rs3130,6,31389107
seq-rs3131,6,31395591
seq-rs3133,6,31666787
seq-rs3134,6,31676146
seq-rs3137,7,51331
seq-rs3139,7,181183
seq-rs3140,7,195813
seq-rs3141,7,324378
seq-rs3143,7,429820
seq-rs3144,7,484602
seq-rs3146,7,589772
seq-rs3149,7,723547
seq-rs3150,7,755131
seq-rs3151,7,793333
seq-rs3153,7,1011800
seq-rs3154,7,1014581
seq-rs3155,7,1016804
seq-rs3156,7,1039164
seq-rs3157,7,1060597
seq-rs3158,7,1090898
seq-rs3160,7,1124994
seq-rs3162,7,1186997
seq-rs3164,7,1202575
seq-rs3171,7,1776356
seq-rs3172,7,1816003
seq-rs3174,7,1875556
seq-rs3177,7,2745260
seq-rs3181,7,2824544
seq-rs3182,7,3244064
seq-rs3183,7,3253663
seq-rs3185,7,3452752
seq-rs3186,7,3506175
seq-rs3187,7,3584775
seq-rs3188,7,3591383
seq-rs3192,7,4009193
seq-rs3193,7,4014179
seq-rs3194,7,4047110
seq-rs3198,7,4606708
seq-rs3199,7,4639646
seq-rs3205,7,4866357
seq-rs3206,7,4882243
seq-rs3207,7,4882883
seq-rs3208,7,4894225
seq-rs3209,7,4942990
seq-rs3210,7,5014710
seq-rs3211,7,5175694
seq-rs3212,7,5190794
seq-rs3213,7,5257466
seq-rs3214,7,5600455
seq-rs3216,7,5751888
seq-rs3218,7,5791758
seq-rs3219,7,5803536
seq-rs3221,7,5974225
seq-rs3224,7,6123504
seq-rs3226,7,6213676
seq-rs3227,7,6265668
seq-rs3228,7,6385950
seq-rs3230,7,6432213
seq-rs3231,7,6445726
seq-rs3232,7,6446768
seq-rs3237,7,6947998
seq-rs3238,7,6957510
seq-rs3239,7,6990985
seq-rs3240,7,7449573
seq-rs3242,7,7862709
seq-rs3243,7,7975451
seq-rs3244,7,8066693
seq-rs3245,7,8176196
seq-rs3247,7,8330213
seq-rs3250,7,8586001
seq-rs3251,7,8783261
seq-rs3252,7,8861731
seq-rs3253,7,9038867
seq-rs3254,7,9386006
seq-rs3255,7,9396220
seq-rs3257,7,9528512
seq-rs3260,7,9555461
seq-rs3261,7,9911286
seq-rs3264,7,10020369
seq-rs3268,7,10201688
seq-rs3269,7,10204857
seq-rs3270,7,10289425
seq-rs3271,7,10336671
seq-rs3273,7,10348328
seq-rs3274,7,10404076
seq-rs3275,7,10550918
seq-rs3277,7,10688999
seq-rs3281,7,11002244
seq-rs3282,7,11019700
seq-rs3289,7,11202960
seq-rs3292,7,11323125
seq-rs3293,7,11530029
seq-rs3296,7,12008157
seq-rs3298,7,12208122
seq-rs3302,7,12987870
seq-rs3305,7,13104215
seq-rs3313,7,13374932
seq-rs3318,7,13504420
seq-rs3320,7,13689164
seq-rs3323,7,14052174
seq-rs3325,7,14102740
seq-rs3327,7,14196042
seq-rs3328,7,14202164
seq-rs3330,7,14207668
seq-rs3331,7,14218911
seq-rs3332,7,14232400
seq-rs3336,7,14419133
seq-rs3337,7,14502861
seq-rs3338,7,15207861
seq-rs3339,7,15210998
seq-rs3341,7,15229205
seq-rs3343,7,15242525
seq-rs3345,7,15247738
seq-rs3346,7,15277478
seq-rs3347,7,15282853
seq-rs3351,7,15333774
seq-rs3352,7,15385703
seq-rs3353,7,15386263
seq-rs3354,7,15392945
seq-rs3355,7,15394070
seq-rs3356,7,15405298
seq-rs3357,7,15419852
seq-rs3358,7,15435092
seq-rs3359,7,15437376
seq-rs3360,7,15652366
seq-rs3361,7,15668608
seq-rs3362,7,15694031
seq-rs3363,7,15882383
seq-rs3364,7,15894192
seq-rs3365,7,15897898
seq-rs3366,7,15905752
seq-rs3367,7,15914318
seq-rs3368,7,15923295
seq-rs3369,7,15959530
seq-rs3370,7,15997670
seq-rs3371,7,16002367
seq-rs3373,7,16033306
seq-rs3374,7,16034623
seq-rs3375,7,16042805
seq-rs3376,7,16047321
seq-rs3377,7,16051737
seq-rs3378,7,16239641
seq-rs3380,7,16279165
seq-rs3381,7,16286387
seq-rs3382,7,16297516
seq-rs3383,7,16303770
seq-rs3384,7,16315683
seq-rs3385,7,16366034
seq-rs3386,7,16382788
seq-rs3388,7,16413123
seq-rs3390,7,16538989
seq-rs3391,7,16579032
seq-rs3392,7,16589118
seq-rs3393,7,16663490
seq-rs3394,7,16697115
seq-rs3395,7,16697764
seq-rs3396,7,16699506
seq-rs3397,7,16706504
seq-rs3399,7,16864662
seq-rs3400,7,16886690
seq-rs3402,7,16929464
seq-rs3403,7,16955342
seq-rs3404,7,16991604
seq-rs3405,7,17025442
seq-rs3406,7,17039881
seq-rs3407,7,17076448
seq-rs3408,7,17141298
seq-rs3409,7,17173311
seq-rs3410,7,17255412
seq-rs3411,7,17296293
seq-rs3413,7,17326592
seq-rs3414,7,17477352
seq-rs3416,7,17534962
seq-rs3417,7,17582803
seq-rs3418,7,17584034
seq-rs3420,7,17618989
seq-rs3421,7,17626884
seq-rs3422,7,17635914
seq-rs3423,7,17772968
seq-rs3427,7,18015268
seq-rs3428,7,18054858
seq-rs3429,7,18065317
seq-rs3430,7,18076163
seq-rs3431,7,18111693
seq-rs3432,7,18190330
seq-rs3433,7,18327294
seq-rs3434,7,18352586
seq-rs3436,7,18421217
seq-rs3438,7,18434462
seq-rs3439,7,18453511
seq-rs3440,7,18500576
seq-rs3445,7,18882483
seq-rs3447,7,19000546
seq-rs3448,7,19162277
seq-rs3449,7,19189525
seq-rs3451,7,19308172
seq-rs3452,7,19437286
seq-rs3453,7,19480385
seq-rs3457,7,20006362
seq-rs3459,7,20292107
seq-rs3460,7,20296601
seq-rs3461,7,20298800
seq-rs3464,7,20645698
seq-rs3465,7,20793779
seq-rs3466,7,20849466
seq-rs3467,7,20897039
seq-rs3470,7,21198427
seq-rs3472,7,21293699
seq-rs3480,7,21632235
seq-rs3481,7,21803014
seq-rs3482,7,21812930
seq-rs3483,7,21873444
seq-rs3484,7,21884489
seq-rs3485,7,21885737
seq-rs3486,7,21946150
seq-rs3487,7,21947089
seq-rs3490,7,21995710
seq-rs3491,7,22013747
seq-rs3492,7,22015366
seq-rs3493,7,22015874
seq-rs3494,7,22017000
seq-rs3500,7,22311055
seq-rs3502,7,22325320
seq-rs3503,7,22462649
seq-rs3505,7,22478329
seq-rs3507,7,22493428
seq-rs3508,7,22525697
seq-rs3509,7,22553585
seq-rs3510,7,22659953
seq-rs3513,7,22981366
seq-rs3515,7,23000805
seq-rs3517,7,23422687
seq-rs3519,7,23729611
seq-rs3520,7,23746279
seq-rs3521,7,23746862
seq-rs3522,7,23767612
seq-rs3526,7,24323247
seq-rs3527,7,24461489
seq-rs3528,7,24574371
seq-rs3533,7,25639226
seq-rs3534,7,25762191
seq-rs3537,7,25936314
seq-rs3538,7,25969765
seq-rs3539,7,25987675
seq-rs3540,7,25995847
seq-rs3541,7,26021870
seq-rs3543,7,26039087
seq-rs3544,7,26168227
seq-rs3545,7,26330737
seq-rs3546,7,26498542
seq-rs3547,7,26523094
seq-rs3548,7,26589373
seq-rs3549,7,26662180
seq-rs3550,7,26670810
seq-rs3551,7,26681202
seq-rs3552,7,26746433
seq-rs3553,7,26750336
seq-rs3554,7,26899943
seq-rs3555,7,26922887
seq-rs3556,7,27139431
seq-rs3557,7,27144152
seq-rs3558,7,27149192
seq-rs3560,7,27164614
seq-rs3561,7,27194389
seq-rs3567,7,27590139
seq-rs3568,7,27609589
seq-rs3569,7,27665697
seq-rs3571,7,27699438
seq-rs3572,7,27716432
seq-rs3573,7,27718530
seq-rs3574,7,28230029
seq-rs3576,7,28313583
seq-rs3580,7,28449487
seq-rs3581,7,28482005
seq-rs3583,7,28544962
seq-rs3584,7,28554607
seq-rs3585,7,28568150
seq-rs3586,7,28574499
seq-rs3587,7,28579994
seq-rs3588,7,28591272
seq-rs3589,7,28606804
seq-rs3592,7,28642897
seq-rs3593,7,28704714
seq-rs3594,7,28710763
seq-rs3595,7,28797891
seq-rs3596,7,28860489
seq-rs3597,7,28887866
seq-rs3598,7,28897312
seq-rs3599,7,28913652
seq-rs3600,7,28929695
seq-rs3601,7,28963198
seq-rs3602,7,29119809
seq-rs3603,7,29217543
seq-rs3604,7,29304299
seq-rs3605,7,29337771
seq-rs3606,7,29374646
seq-rs3607,7,29482780
seq-rs3608,7,29500126
seq-rs3610,7,29564069
seq-rs3611,7,29594473
seq-rs3612,7,29622511
seq-rs3615,7,29947622
seq-rs3622,8,73146
seq-rs3623,8,84546
seq-rs3624,8,91416
seq-rs3625,8,126476
seq-rs3626,8,138494
seq-rs3627,8,150542
seq-rs3628,8,170631
seq-rs3630,8,251358
seq-rs3631,8,273114
seq-rs3633,8,302887
seq-rs3634,8,308154
seq-rs3635,8,313778
seq-rs3636,8,364794
seq-rs3637,8,460067
seq-rs3638,8,499511
seq-rs3639,8,526508
seq-rs3640,8,543269
seq-rs3641,8,565669
seq-rs3642,8,584782
seq-rs3644,8,669192
seq-rs3645,8,695585
seq-rs3647,8,730402
seq-rs3648,8,735873
seq-rs3649,8,737091
seq-rs3650,8,810726
seq-rs3652,8,843515
seq-rs3653,8,860110
seq-rs3654,8,862289
seq-rs3656,8,869366
seq-rs3659,8,908046
seq-rs3660,8,939791
seq-rs3661,8,1069632
seq-rs3663,8,1092192
seq-rs3664,8,1106355
seq-rs3665,8,1107192
seq-rs3670,8,1530362
seq-rs3671,8,1554811
seq-rs3672,8,1578210
seq-rs3673,8,1595007
seq-rs3674,8,1601376
seq-rs3676,8,1722831
seq-rs3677,8,1742004
seq-rs3678,8,1777374
seq-rs3679,8,1792851
seq-rs3681,8,1829214
seq-rs3684,8,2041665
seq-rs3686,8,2106411
seq-rs3687,8,2162525
seq-rs3690,8,2382570
seq-rs3691,8,2635042
seq-rs3692,8,2663675
seq-rs3695,8,2935197
seq-rs3696,8,2951390
seq-rs3697,8,2973786
seq-rs3698,8,3021496
seq-rs3699,8,3040568
seq-rs3700,8,3061336
seq-rs3701,8,3080308
seq-rs3702,8,3154332
seq-rs3703,8,3181306
seq-rs3705,8,3211824
seq-rs3706,8,3215091
seq-rs3707,8,3239350
seq-rs3708,8,3267544
seq-rs3709,8,3302687
seq-rs3711,8,3338498
seq-rs3712,8,3363083
seq-rs3713,8,3464653
seq-rs3714,8,3550387
seq-rs3716,8,3747624
seq-rs3717,8,3759236
seq-rs3718,8,3958559
seq-rs3719,8,4004155
seq-rs3720,8,4011390
seq-rs3721,8,4151530
seq-rs3722,8,4196853
seq-rs3723,8,4264870
seq-rs3725,8,4321065
seq-rs3726,8,4591930
seq-rs3727,8,4634465
seq-rs3728,8,4669729
seq-rs3730,8,5125580
seq-rs3731,8,5168631
seq-rs3733,8,5316566
seq-rs3734,8,5326554
seq-rs3738,8,5435818
seq-rs3739,8,5466367
seq-rs3740,8,5480478
seq-rs3741,8,5481911
seq-rs3744,8,5596271
seq-rs3745,8,5635516
seq-rs3749,8,5858081
seq-rs3750,8,5964991
seq-rs3751,8,6008182
seq-rs3752,8,6012764
seq-rs3753,8,6013971
seq-rs3756,8,6043872
seq-rs3758,8,6111469
seq-rs3759,8,6119722
seq-rs3765,8,6242588
seq-rs3766,8,6244533
seq-rs3767,8,6269579
seq-rs3768,8,6278901
seq-rs3775,8,7718417
seq-rs3776,8,7872650
seq-rs3779,8,7942441
seq-rs3782,8,8323464
seq-rs3784,8,8337110
seq-rs3786,8,8384923
seq-rs3788,8,8436280
seq-rs3789,8,8446299
seq-rs3790,8,8466617
seq-rs3791,8,8498541
seq-rs3793,8,8516616
seq-rs3794,8,8524210
seq-rs3797,8,8704092
seq-rs3799,8,8787495
seq-rs3800,8,8804169
seq-rs3801,8,8850605
seq-rs3803,8,8890026
seq-rs3804,8,8905522
seq-rs3805,8,8923723
seq-rs3806,8,8943897
seq-rs3807,8,8948319
seq-rs3809,8,9066913
seq-rs3810,8,9067750
seq-rs3811,8,9088488
seq-rs3812,8,9102695
seq-rs3813,8,9104767
seq-rs3814,8,9319675
seq-rs3816,8,9354657
seq-rs3817,8,9391925
seq-rs3818,8,9503078
seq-rs3819,8,9628921
seq-rs3820,8,9630068
seq-rs3821,8,9631768
seq-rs3822,8,9643382
seq-rs3823,8,9774982
seq-rs3824,8,9963882
seq-rs3827,8,10395459
seq-rs3829,8,10622492
seq-rs3831,8,11128216
seq-rs3832,8,11539554
seq-rs3834,8,11848854
gwseq-rs2,8,12483220
seq-rs3843,8,13847518
seq-rs3844,8,14038608
seq-rs3855,8,15643451
seq-rs3860,8,16090614
seq-rs3863,8,16681893
seq-rs3866,8,16962262
seq-rs3867,8,16968742
seq-rs3868,8,16972657
seq-rs3869,8,17052902
seq-rs3872,8,17079314
seq-rs3873,8,17081186
seq-rs3874,8,17084424
seq-rs3875,8,17120113
seq-rs3876,8,17170054
seq-rs3877,8,17208693
seq-rs3878,8,17213275
seq-rs3879,8,17358668
seq-rs3880,8,17457840
seq-rs3882,8,17616487
seq-rs3883,8,17723634
seq-rs3884,8,17757721
seq-rs3886,8,17817804
seq-rs3887,8,17934289
seq-rs3888,8,17943338
seq-rs3890,8,17947328
seq-rs3891,8,17949462
seq-rs3893,8,18221404
seq-rs3894,8,18230342
seq-rs3895,8,18246101
seq-rs3896,8,18280392
seq-rs3897,8,18282873
seq-rs3898,8,18289584
seq-rs3899,8,18296166
seq-rs3900,8,18380219
seq-rs3901,8,18385947
seq-rs3902,8,18387405
seq-rs3903,8,18485111
seq-rs3904,8,18570026
seq-rs3905,8,18576375
seq-rs3906,8,18863575
seq-rs3908,8,19041414
seq-rs3909,8,19120670
seq-rs3910,8,19171814
seq-rs3912,8,19228998
seq-rs3913,8,19274568
seq-rs3914,8,19278569
seq-rs3915,8,19311266
seq-rs3916,8,19324960
seq-rs3917,8,19576153
seq-rs3919,8,19707210
seq-rs3921,8,19732434
seq-rs3922,8,19744065
seq-rs3923,8,19763135
seq-rs3925,8,19774287
seq-rs3926,8,19783963
seq-rs3927,8,19923086
seq-rs3928,8,19965979
seq-rs3929,8,20005310
seq-rs3930,8,20027206
seq-rs3931,8,20145896
seq-rs3933,8,20185840
seq-rs3935,8,20221155
seq-rs3936,8,20235347
seq-rs3939,8,20453214
seq-rs3940,8,20586977
seq-rs3941,8,20617611
seq-rs3942,8,20626836
seq-rs3943,8,20686538
seq-rs3944,8,20747953
seq-rs3945,8,20832058
seq-rs3946,8,20968729
seq-rs3947,8,21099657
seq-rs3950,8,21755246
seq-rs3951,8,22039668
seq-rs3952,8,22058218
seq-rs3956,8,22777580
seq-rs3958,8,23807053
seq-rs3961,8,23956566
seq-rs3962,8,23977998
seq-rs3963,8,24177263
seq-rs3966,8,24466710
seq-rs3967,8,24516400
seq-rs3968,8,24529846
seq-rs3969,8,24593901
seq-rs3970,8,24891165
seq-rs3971,8,24897545
seq-rs3972,8,24927836
seq-rs3974,8,24994993
seq-rs3976,8,25069168
seq-rs3977,8,25124534
seq-rs3980,8,25339689
seq-rs3981,8,25395477
seq-rs3982,8,25484434
seq-rs3983,8,25500018
seq-rs3985,8,25535571
seq-rs3986,8,25580890
seq-rs3987,8,25676683
seq-rs3988,8,25678618
seq-rs3989,8,25680217
seq-rs3990,8,25705315
seq-rs3991,8,25708615
seq-rs3992,8,25710062
seq-rs3993,8,25716135
seq-rs3994,8,25749471
seq-rs3995,8,25762241
seq-rs3996,8,25800541
seq-rs3997,8,25857092
seq-rs3998,8,25887562
seq-rs3999,8,25953738
seq-rs4000,8,25992596
seq-rs4001,8,26072148
seq-rs4002,8,26370772
seq-rs4003,8,26375659
seq-rs4004,8,26431582
seq-rs4006,8,26536213
seq-rs4007,8,26569033
seq-rs4008,8,26596211
seq-rs4009,8,26639612
seq-rs4010,8,26838921
seq-rs4011,8,26910922
seq-rs4014,8,26956853
seq-rs4015,8,26958915
seq-rs4016,8,26969178
seq-rs4017,8,26977099
seq-rs4018,8,26997957
seq-rs4020,8,27011518
seq-rs4021,8,27021421
seq-rs4022,8,27026027
seq-rs4023,8,27028796
seq-rs4024,8,27135356
seq-rs4026,8,27197029
seq-rs4027,8,27221100
seq-rs4029,8,27245313
seq-rs4031,8,27294658
seq-rs4032,8,27320550
seq-rs4033,8,27356559
seq-rs4034,8,27360074
seq-rs4035,8,27374980
seq-rs4036,8,27413834
seq-rs4037,8,27453746
seq-rs4038,8,27465165
seq-rs4039,8,27475693
seq-rs4040,8,27482804
seq-rs4041,8,27487548
seq-rs4042,8,27513710
seq-rs4045,8,27609000
seq-rs4046,8,27628562
seq-rs4047,8,27650033
seq-rs4048,8,27793799
seq-rs4050,8,27931208
seq-rs4051,8,27999022
seq-rs4053,8,28008631
seq-rs4054,8,28043515
seq-rs4055,8,28230550
seq-rs4056,8,28295345
seq-rs4058,8,28347268
seq-rs4059,8,28449427
seq-rs4060,8,28495792
seq-rs4062,9,95306
seq-rs4064,9,241521
seq-rs4065,9,358400
seq-rs4066,9,397266
seq-rs4070,9,903295
seq-rs4071,9,1012634
seq-rs4072,9,1015560
seq-rs4073,9,1102759
seq-rs4074,9,1109921
seq-rs4075,9,1171853
seq-rs4076,9,1218031
seq-rs4077,9,1300031
seq-rs4078,9,1443033
seq-rs4079,9,1452844
seq-rs4080,9,1597258
seq-rs4081,9,1743656
seq-rs4082,9,1843061
seq-rs4083,9,2304873
seq-rs4084,9,2454120
seq-rs4085,9,2483229
seq-rs4086,9,2546871
seq-rs4089,9,3704624
seq-rs4090,9,3732085
seq-rs4091,9,3986603
seq-rs4094,9,4209107
seq-rs4096,9,4373274
seq-rs4098,9,4427453
seq-rs4099,9,4453875
seq-rs4100,9,4521341
seq-rs4103,9,4753496
seq-rs4107,9,4921943
seq-rs4108,9,4926401
seq-rs4109,9,4930849
seq-rs4110,9,4936606
seq-rs4111,9,5060238
seq-rs4112,9,5142786
seq-rs4115,9,6403614
seq-rs4120,9,6481635
seq-rs4121,9,6484725
seq-rs4122,9,6500849
seq-rs4126,9,6559311
seq-rs4128,9,6613200
seq-rs4129,9,6633993
seq-rs4130,9,6654954
seq-rs4131,9,6828041
seq-rs4134,9,6897672
seq-rs4135,9,6935544
seq-rs4137,9,6960858
seq-rs4138,9,6969112
seq-rs4140,9,7366211
seq-rs4142,9,7472815
seq-rs4143,9,7538212
seq-rs4144,9,7709879
seq-rs4145,9,7710494
seq-rs4146,9,7711651
seq-rs4149,9,7839604
seq-rs4150,9,7845166
seq-rs4153,9,7905379
seq-rs4154,9,7916004
seq-rs4155,9,7954004
seq-rs4156,9,8038043
seq-rs4158,9,8084304
seq-rs4159,9,8089834
seq-rs4160,9,8318792
seq-rs4161,9,8344386
seq-rs4162,9,8435951
seq-rs4163,9,8440826
seq-rs4164,9,8447360
seq-rs4165,9,8458040
seq-rs4166,9,8463740
seq-rs4167,9,8466288
seq-rs4168,9,8479048
seq-rs4169,9,8489656
seq-rs4170,9,8500146
seq-rs4171,9,8510670
seq-rs4172,9,8511729
seq-rs4173,9,8514995
seq-rs4175,9,8535273
seq-rs4176,9,8558902
seq-rs4177,9,8599751
seq-rs4178,9,9100237
seq-rs4179,9,9168828
seq-rs4181,9,9295156
seq-rs4182,9,9296243
seq-rs4183,9,9417656
seq-rs4185,9,9791834
seq-rs4187,9,9835307
seq-rs4188,9,9857370
seq-rs4189,9,10013803
seq-rs4191,9,10023985
seq-rs4192,9,10045572
seq-rs4193,9,10046527
seq-rs4194,9,10062762
seq-rs4195,9,10200063
seq-rs4199,9,10355189
seq-rs4200,9,10413884
seq-rs4201,9,10424311
seq-rs4202,9,10488895
seq-rs4205,9,10539795
seq-rs4206,9,10574512
seq-rs4208,9,11328408
seq-rs4210,9,11372884
seq-rs4212,9,11377095
seq-rs4213,9,11416780
seq-rs4215,9,11432192
seq-rs4216,9,11439838
seq-rs4217,9,11484065
seq-rs4218,9,11509124
seq-rs4222,9,11821670
seq-rs4224,9,12207177
seq-rs4226,9,12347007
seq-rs4228,9,12352495
seq-rs4229,9,12353546
seq-rs4230,9,12363348
seq-rs4231,9,12371665
seq-rs4232,9,12373612
seq-rs4233,9,12384716
seq-rs4234,9,12431126
seq-rs4235,9,12447750
seq-rs4236,9,12477387
seq-rs4238,9,12507262
seq-rs4239,9,12532582
seq-rs4240,9,12566961
seq-rs4241,9,12681846
seq-rs4242,9,12756287
seq-rs4243,9,12810113
seq-rs4244,9,13194394
seq-rs4245,9,14166368
seq-rs4246,9,14441181
seq-rs4248,9,14765132
seq-rs4250,9,14781791
seq-rs4251,9,14839393
seq-rs4252,9,14856312
seq-rs4255,9,15194983
seq-rs4256,9,15268665
seq-rs4258,9,15334122
seq-rs4260,9,15377134
seq-rs4261,9,15385287
seq-rs4262,9,15446094
seq-rs4264,9,15541226
seq-rs4271,9,15823764
seq-rs4273,9,16049566
seq-rs4274,9,16101489
seq-rs4275,9,16123036
seq-rs4276,9,16158625
seq-rs4277,9,16259226
seq-rs4278,9,16507845
seq-rs4282,9,16808314
seq-rs4283,9,16955012
seq-rs4285,9,17075637
seq-rs4286,9,17076215
seq-rs4287,9,17085641
seq-rs4290,9,17179832
seq-rs4296,9,17476463
seq-rs4297,9,17488551
seq-rs4299,9,17537226
seq-rs4303,9,17857471
seq-rs4304,9,17869716
seq-rs4305,9,17873768
seq-rs4306,9,17898820
seq-rs4307,9,17916464
seq-rs4309,9,17977862
seq-rs4310,9,17990349
seq-rs4311,9,18040677
seq-rs4313,9,18190682
seq-rs4319,9,18737915
seq-rs4320,9,18756598
seq-rs4321,9,18848833
seq-rs4322,9,18952413
seq-rs4323,9,19000267
seq-rs4324,9,19039860
seq-rs4326,9,19535643
seq-rs4328,9,19768182
seq-rs4329,9,19789324
seq-rs4330,9,19938942
seq-rs4331,9,19957826
seq-rs4332,9,19982654
seq-rs4334,9,20100883
seq-rs4336,9,20363008
seq-rs4337,9,20417494
seq-rs4338,9,20442102
seq-rs4339,9,20460885
seq-rs4342,9,20520791
seq-rs4343,9,20576885
seq-rs4348,9,21093641
seq-rs4349,9,21097482
seq-rs4350,9,21110452
seq-rs4351,9,21115893
seq-rs4352,9,21507278
seq-rs4353,9,21589514
seq-rs4354,9,21617109
seq-rs4355,9,21734903
seq-rs4356,9,21752313
seq-rs4357,9,21777556
seq-rs4358,9,21810826
seq-rs4359,9,21930067
seq-rs4360,9,21944282
seq-rs4361,9,21961495
seq-rs4363,9,22000054
seq-rs4364,9,22049757
seq-rs4365,9,22132972
seq-rs4366,9,22167544
seq-rs4367,9,22217289
seq-rs4368,9,22240040
seq-rs4370,9,22329161
seq-rs4372,9,22372115
seq-rs4373,9,22375857
seq-rs4374,9,22398630
seq-rs4378,9,22949498
seq-rs4379,9,22991813
seq-rs4380,9,23007086
seq-rs4382,9,23076954
seq-rs4383,9,23097097
seq-rs4384,9,23235008
seq-rs4385,9,23278734
seq-rs4386,9,23341046
seq-rs4387,9,23358504
seq-rs4390,9,23465314
seq-rs4393,9,23517876
seq-rs4394,9,23523805
seq-rs4395,9,23583612
seq-rs4397,9,23652267
seq-rs4398,9,23676462
seq-rs4401,10,280107
seq-rs4402,10,288580
seq-rs4403,10,318616
seq-rs4405,10,362083
seq-rs4407,10,628412
seq-rs4410,10,826516
seq-rs4411,10,902837
seq-rs4412,10,1027735
seq-rs4415,10,1220495
seq-rs4416,10,1477239
seq-rs4417,10,1511328
seq-rs4418,10,1664898
seq-rs4419,10,1711834
seq-rs4420,10,1725374
seq-rs4421,10,1850166
seq-rs4422,10,1854404
seq-rs4428,10,2112316
seq-rs4430,10,2332070
seq-rs4431,10,2335450
seq-rs4435,10,2817384
seq-rs4436,10,3048350
seq-rs4437,10,3164506
seq-rs4438,10,3353914
seq-rs4439,10,3404113
seq-rs4440,10,3456911
seq-rs4442,10,3769066
seq-rs4443,10,3802984
seq-rs4445,10,3828612
seq-rs4448,10,3996319
seq-rs4449,10,4150023
seq-rs4450,10,4153692
seq-rs4451,10,4198397
seq-rs4452,10,4337963
seq-rs4462,10,5036644
seq-rs4463,10,5047059
seq-rs4465,10,5326610
seq-rs4466,10,5405518
seq-rs4467,10,5415688
seq-rs4468,10,5457600
seq-rs4469,10,5506756
seq-rs4470,10,5508384
seq-rs4472,10,5542091
seq-rs4477,10,5984838
seq-rs4478,10,6040384
seq-rs4481,10,6229764
seq-rs4483,10,6254890
seq-rs4484,10,6518510
seq-rs4485,10,6527933
seq-rs4486,10,6555322
seq-rs4489,10,6955688
seq-rs4490,10,6973342
seq-rs4492,10,7072542
seq-rs4493,10,7119680
seq-rs4494,10,7133850
seq-rs4495,10,7157522
seq-rs4496,10,7160475
seq-rs4497,10,7174969
seq-rs4498,10,7853714
seq-rs4499,10,8500281
seq-rs4500,10,8802517
seq-rs4502,10,9040667
seq-rs4503,10,9086089
seq-rs4505,10,9171605
seq-rs4506,10,9457624
seq-rs4507,10,9532716
seq-rs4511,10,9747535
seq-rs4513,10,9768060
seq-rs4514,10,9865739
seq-rs4515,10,9868536
seq-rs4519,10,9925694
seq-rs4520,10,9951710
seq-rs4525,10,10235219
seq-rs4531,10,10368333
seq-rs4534,10,10441521
seq-rs4544,10,10910468
seq-rs4545,10,10916796
seq-rs4547,10,10962564
seq-rs4549,10,11194426
seq-rs4550,10,11205500
seq-rs4551,10,11264387
seq-rs4553,10,11304770
seq-rs4554,10,11310187
seq-rs4555,10,11313073
seq-rs4557,10,11354317
seq-rs4558,10,11354850
seq-rs4559,10,11383719
seq-rs4561,10,11429381
seq-rs4562,10,11443444
seq-rs4563,10,11455776
seq-rs4564,10,11475525
seq-rs4565,10,11477980
seq-rs4566,10,11484145
seq-rs4567,10,11507313
seq-rs4568,10,11531320
seq-rs4569,10,11534740
seq-rs4570,10,11537951
seq-rs4571,10,11549744
seq-rs4572,10,11651507
seq-rs4573,10,11656138
seq-rs4574,10,11849533
seq-rs4575,10,11889681
seq-rs4577,10,11977111
seq-rs4578,10,12008759
seq-rs4579,10,12045958
seq-rs4580,10,12165280
seq-rs4581,10,12213070
seq-rs4583,10,12562451
seq-rs4586,10,13349322
seq-rs4587,10,13359080
seq-rs4588,10,13617851
seq-rs4589,10,13618359
seq-rs4591,10,13781037
seq-rs4593,10,14152927
seq-rs4595,10,14178525
seq-rs4597,10,14396279
seq-rs4599,10,14464842
seq-rs4600,10,14497594
seq-rs4601,10,14615463
seq-rs4603,10,14618085
seq-rs4604,10,14652007
seq-rs4605,10,14685376
seq-rs4606,10,14765184
seq-rs4607,10,15000953
seq-rs4608,10,15017138
seq-rs4609,10,15072682
seq-rs4611,10,15191782
seq-rs4612,10,15198921
seq-rs4613,10,15205013
seq-rs4614,10,15213269
seq-rs4615,10,15298398
seq-rs4616,10,15299232
seq-rs4618,10,15386453
seq-rs4620,10,15416553
seq-rs4621,10,15514708
seq-rs4624,10,16274273
seq-rs4625,10,16385745
seq-rs4626,10,16641920
seq-rs4627,10,16678735
seq-rs4628,10,16742817
seq-rs4629,10,16749318
seq-rs4632,10,16944546
seq-rs4633,10,16964626
seq-rs4636,10,17140201
seq-rs4637,10,17149277
seq-rs4639,10,17170792
seq-rs4642,10,17234776
seq-rs4643,10,17258309
seq-rs4644,10,17290959
seq-rs4645,10,17398162
seq-rs4646,10,17481345
seq-rs4648,10,17568353
seq-rs4649,10,17672175
seq-rs4650,10,17767403
seq-rs4653,10,18197241
seq-rs4656,10,18593084
seq-rs4657,10,18606992
seq-rs4658,10,18622043
seq-rs4659,10,18689735
seq-rs4660,10,18928836
seq-rs4663,10,19481932
seq-rs4664,10,19659633
seq-rs4665,10,19797246
seq-rs4666,10,19810058
seq-rs4667,10,19978883
seq-rs4668,10,20025931
seq-rs4670,10,20084214
seq-rs4672,10,20242054
seq-rs4674,10,20359483
seq-rs4676,10,20398991
seq-rs4678,10,20484701
seq-rs4679,10,20490772
seq-rs4681,10,20500032
seq-rs4682,10,20817737
seq-rs4683,10,20822937
seq-rs4684,10,21104223
seq-rs4685,10,21153703
seq-rs4687,10,21515065
seq-rs4689,10,21625598
seq-rs4691,10,21845535
seq-rs4693,10,21874755
seq-rs4695,10,22062275
seq-rs4696,10,22123758
seq-rs4699,10,22242717
seq-rs4702,10,22293350
seq-rs4703,10,22311021
seq-rs4705,10,22354824
seq-rs4707,10,22475549
seq-rs4708,10,22604546
seq-rs4709,10,22731973
seq-rs4710,10,22783801
seq-rs4711,10,22852493
seq-rs4712,10,22857638
seq-rs4713,10,22865815
seq-rs4714,10,22988925
seq-rs4717,10,23158459
seq-rs4721,10,23453054
seq-rs4722,11,537630
seq-rs4723,11,731525
seq-rs4724,11,764479
seq-rs4725,11,1190398
seq-rs4726,11,2112382
seq-rs4728,11,2113535
seq-rs4729,11,2114737
seq-rs4730,11,2148709
seq-rs4731,11,2199610
seq-rs4732,11,2207992
seq-rs4733,11,2235255
seq-rs4734,11,2255127
seq-rs4736,11,2554866
seq-rs4737,11,2555746
seq-rs4741,11,2673287
seq-rs4742,11,2730014
seq-rs4744,11,2771736
seq-rs4745,11,3018958
seq-rs4746,11,3039416
seq-rs4749,11,3087633
seq-rs4750,11,3375231
seq-rs4751,11,3475362
seq-rs4753,11,3557999
seq-rs4754,11,3654371
seq-rs4755,11,3694729
seq-rs4756,11,3749060
seq-rs4760,11,3897174
seq-rs4763,11,4156320
seq-rs4764,11,4278264
seq-rs4765,11,4287909
seq-rs4767,11,4337903
gwseq-rs10,11,4343017
seq-rs4769,11,4398718
seq-rs4771,11,4459638
seq-rs4772,11,4544654
seq-rs4773,11,4581585
seq-rs4774,11,4583800
seq-rs4775,11,4586928
seq-rs4776,11,4605171
seq-rs4778,11,4717452
seq-rs4779,11,4719616
seq-rs4780,11,4759251
seq-rs4781,11,4787829
seq-rs4782,11,4792687
seq-rs4783,11,4813113
seq-rs4784,11,4842809
seq-rs4786,11,4846944
seq-rs4787,11,4854915
seq-rs4788,11,4868874
seq-rs4789,11,4872427
seq-rs4790,11,4876551
seq-rs4791,11,4879884
seq-rs4792,11,4898567
seq-rs4793,11,4906178
seq-rs4794,11,4908577
seq-rs4795,11,4978023
seq-rs4796,11,5013574
seq-rs4797,11,5072497
seq-rs4798,11,5105010
seq-rs4799,11,5180926
seq-rs4800,11,5234076
seq-rs4801,11,5350358
seq-rs4802,11,5370854
seq-rs4803,11,5419595
seq-rs4806,11,5447075
seq-rs4807,11,5451717
seq-rs4809,11,5499418
seq-rs4810,11,5512717
seq-rs4811,11,5565959
seq-rs4812,11,5595556
seq-rs4813,11,5643352
seq-rs4814,11,5647986
seq-rs4816,11,5668610
seq-rs4817,11,5716341
seq-rs4818,11,5738097
seq-rs4819,11,5742153
seq-rs4820,11,5820046
seq-rs4821,11,5822379
seq-rs4822,11,5829804
seq-rs4823,11,5874246
seq-rs4825,11,6097399
seq-rs4827,11,6182940
seq-rs4828,11,6209558
seq-rs4829,11,6306819
seq-rs4830,11,6349905
seq-rs4831,11,6374793
seq-rs4832,11,6491584
seq-rs4836,11,6646707
seq-rs4837,11,6881542
seq-rs4838,11,6901128
seq-rs4839,11,6998030
seq-rs4840,11,7019982
seq-rs4842,11,7037336
seq-rs4845,11,7183151
seq-rs4848,11,7208453
seq-rs4849,11,7243027
seq-rs4852,11,7361881
seq-rs4855,11,7503222
seq-rs4856,11,7504240
seq-rs4857,11,7523094
seq-rs4859,11,7588747
seq-rs4860,11,7621313
seq-rs4861,11,7623663
seq-rs4863,11,7717198
seq-rs4864,11,7724011
seq-rs4865,11,7737114
seq-rs4866,11,7771955
seq-rs4867,11,7780279
seq-rs4868,11,7815724
seq-rs4869,11,7881804
seq-rs4870,11,7906379
seq-rs4871,11,7939720
seq-rs4872,11,7961014
seq-rs4874,11,7967011
seq-rs4875,11,7969602
seq-rs4876,11,7978523
seq-rs4877,11,7982380
seq-rs4878,11,8074928
seq-rs4879,11,8079674
seq-rs4880,11,8098803
seq-rs4881,11,8280687
seq-rs4882,11,8291278
seq-rs4883,11,8389485
seq-rs4885,11,8458988
seq-rs4886,11,8524673
seq-rs4887,11,8547206
seq-rs4888,11,8568367
seq-rs4889,11,8569700
seq-rs4890,11,8761406
seq-rs4891,11,9010907
seq-rs4892,11,9012194
seq-rs4893,11,9015190
seq-rs4894,11,9016671
seq-rs4895,11,9035349
seq-rs4896,11,9035871
seq-rs4897,11,9037274
seq-rs4898,11,9045526
seq-rs4899,11,9048879
seq-rs4900,11,9054203
seq-rs4901,11,9055639
seq-rs4902,11,9057093
seq-rs4903,11,9111050
seq-rs4904,11,9128056
seq-rs4905,11,9153345
seq-rs4906,11,9159571
seq-rs4907,11,9174218
seq-rs4908,11,9183362
seq-rs4909,11,9192392
seq-rs4910,11,9205706
seq-rs4911,11,9236248
seq-rs4912,11,9376883
seq-rs4913,11,9466518
seq-rs4914,11,9476855
seq-rs4915,11,9609983
seq-rs4916,11,9733428
seq-rs4917,11,9746917
seq-rs4918,11,9862565
seq-rs4919,11,10189708
seq-rs4920,11,10235730
seq-rs4921,11,10366245
seq-rs4922,11,10367923
seq-rs4923,11,10370067
seq-rs4924,11,10410100
seq-rs4925,11,10519933
seq-rs4926,11,10602058
seq-rs4927,11,10603001
seq-rs4928,11,10629543
seq-rs4929,11,10647518
seq-rs4930,11,10658378
seq-rs4931,11,10659059
seq-rs4932,11,10677221
seq-rs4933,11,10684048
seq-rs4934,11,10691209
seq-rs4935,11,10742282
seq-rs4936,11,10775741
seq-rs4937,11,10777658
seq-rs4938,11,10784556
seq-rs4940,11,10884239
seq-rs4941,11,11034452
seq-rs4942,11,11035222
seq-rs4943,11,11046938
seq-rs4945,11,11176047
seq-rs4946,11,11179476
seq-rs4947,11,11231570
seq-rs4948,11,11286702
seq-rs4949,11,11301489
seq-rs4950,11,11392203
seq-rs4951,11,14304987
seq-rs4952,11,14607675
seq-rs4953,11,14652020
seq-rs4954,11,14915575
seq-rs4955,11,15270503
seq-rs4956,11,15382166
seq-rs4957,11,15467170
seq-rs4959,11,15748128
seq-rs4960,11,15750134
seq-rs4962,11,15773660
seq-rs4963,11,15796587
seq-rs4964,11,15800309
seq-rs4965,11,15842387
seq-rs4966,11,15844666
seq-rs4967,11,15869750
seq-rs4968,11,15984547
seq-rs4969,11,16047681
seq-rs4970,11,16123161
seq-rs4971,11,16139331
seq-rs4972,11,16157379
seq-rs4974,11,16381978
seq-rs4975,11,16546404
seq-rs4977,11,16577154
seq-rs4980,11,16660643
seq-rs4982,11,16713444
seq-rs4983,11,16802697
seq-rs4984,11,16803635
seq-rs4985,11,16820677
seq-rs4986,11,16835774
seq-rs4988,11,16938050
seq-rs4990,11,17147318
seq-rs4991,11,17147973
seq-rs4992,11,17155356
seq-rs4993,11,17181227
seq-rs4994,11,17189041
seq-rs4995,11,17215446
seq-rs4997,11,17238403
seq-rs4998,11,17241486
seq-rs4999,11,17250430
seq-rs5000,11,17260115
seq-rs5001,11,17355637
seq-rs5002,11,17391780
seq-rs5003,11,17424937
seq-rs5005,11,17595702
seq-rs5006,11,17608873
seq-rs5008,11,17667337
seq-rs5009,11,17974451
seq-rs5010,11,18104084
seq-rs5011,11,18107277
seq-rs5012,11,18109947
seq-rs5014,11,18161219
seq-rs5015,11,18280316
seq-rs5016,11,18349730
seq-rs5017,11,18353033
seq-rs5018,11,18359459
seq-rs5019,11,18403711
seq-rs5022,11,18584979
seq-rs5024,11,18694071
seq-rs5025,11,18725542
seq-rs5026,11,18747941
seq-rs5027,11,18784798
seq-rs5028,11,18785764
seq-rs5029,11,18801000
seq-rs5031,11,18840755
seq-rs5032,11,18841413
seq-rs5033,11,18847360
seq-rs5034,11,18849712
seq-rs5037,11,18882752
seq-rs5038,11,18884418
seq-rs5039,11,18899711
seq-rs5040,11,18900937
seq-rs5041,11,19009510
seq-rs5042,11,19039546
seq-rs5043,11,19051659
seq-rs5044,11,19055426
seq-rs5045,11,19057829
seq-rs5046,11,19061847
seq-rs5048,11,19210143
seq-rs5049,11,19213981
seq-rs5050,11,19278756
seq-rs5051,11,19280403
seq-rs5052,11,19458012
seq-rs5053,11,19458567
seq-rs5054,11,19461403
seq-rs5055,11,19465569
seq-rs5056,11,19476130
seq-rs5057,11,19480925
seq-rs5058,11,19482085
seq-rs5059,11,19493827
seq-rs5060,11,19504702
seq-rs5061,11,19508824
seq-rs5062,11,19516824
seq-rs5063,11,19520064
seq-rs5064,11,19523234
seq-rs5065,11,19523820
seq-rs5066,11,19527489
seq-rs5067,11,19549249
seq-rs5071,11,19625609
seq-rs5072,11,19631091
seq-rs5073,11,19746471
seq-rs5074,11,19761416
seq-rs5075,11,19892176
seq-rs5076,11,19903138
seq-rs5077,11,19917917
seq-rs5078,11,19996393
seq-rs5079,11,20001224
seq-rs5080,11,20001938
seq-rs5081,11,20057686
seq-rs5082,11,20134815
seq-rs5085,11,20150639
seq-rs5087,11,20152489
seq-rs5089,11,20181390
seq-rs5090,11,20220987
seq-rs5093,11,20275885
seq-rs5094,11,20282807
seq-rs5095,11,20306425
seq-rs5097,11,20332834
seq-rs5099,11,20371072
seq-rs5100,11,20412074
seq-rs5101,11,20464833
seq-rs5102,11,20469034
seq-rs5103,11,20492573
seq-rs5104,11,20515994
seq-rs5105,11,20526935
seq-rs5106,11,20560694
seq-rs5107,11,20567968
seq-rs5108,11,20580823
seq-rs5109,11,20595008
seq-rs5110,11,20597517
seq-rs5111,11,20599665
seq-rs5112,11,20636181
seq-rs5113,11,20660411
seq-rs5114,11,20708796
seq-rs5117,11,20779721
seq-rs5118,11,20789736
seq-rs5119,11,20793082
seq-rs5120,11,20808525
seq-rs5121,11,20819765
seq-rs5122,11,20859632
seq-rs5123,11,20955206
seq-rs5125,11,21084520
seq-rs5126,11,21088818
seq-rs5128,11,21149679
seq-rs5129,11,21215596
seq-rs5130,11,21269658
seq-rs5131,11,21306309
seq-rs5132,11,21321698
seq-rs5133,11,21351218
seq-rs5134,11,21431189
seq-rs5135,11,21448014
seq-rs5136,11,21456629
seq-rs5138,11,21749403
seq-rs5139,11,21751553
seq-rs5140,11,21785519
seq-rs5141,11,21801268
seq-rs5142,11,21835590
seq-rs5143,11,21887448
seq-rs5144,11,21890076
seq-rs5145,11,21933143
seq-rs5146,11,21985902
seq-rs5147,11,22014861
seq-rs5149,11,22179108
seq-rs5150,11,22190227
seq-rs5152,11,22279363
seq-rs5153,11,22329452
seq-rs5154,11,22333534
seq-rs5155,11,22343603
seq-rs5157,11,22423519
seq-rs5158,11,22435155
seq-rs5159,11,22490970
seq-rs5160,11,22493732
seq-rs5161,11,22497605
seq-rs5162,11,22554892
seq-rs5163,11,22591499
seq-rs5164,11,22601895
seq-rs5165,11,22621958
seq-rs5166,11,22624250
seq-rs5167,11,22705283
seq-rs5168,11,22749849
seq-rs5169,11,22786301
seq-rs5170,11,22799885
seq-rs5171,11,22827659
seq-rs5172,11,22829174
seq-rs5175,11,22889538
seq-rs5176,11,22897148
seq-rs5178,11,22945344
seq-rs5179,11,22985695
seq-rs5180,11,22997722
seq-rs5182,11,23036821
seq-rs5183,11,23042460
seq-rs5184,11,23057539
seq-rs5185,11,23095016
seq-rs5186,11,23141928
seq-rs5188,11,23239723
seq-rs5189,11,23251728
seq-rs5190,11,23257955
seq-rs5191,11,23285960
seq-rs5192,11,23286680
seq-rs5193,11,23290909
seq-rs5194,11,23293897
seq-rs5195,11,23295263
seq-rs5196,11,23296754
seq-rs5197,11,23330844
seq-rs5199,11,23350114
seq-rs5200,11,23354799
seq-rs5202,11,23357070
seq-rs5204,11,23544976
seq-rs5205,11,23648256
seq-rs5206,11,23726006
seq-rs5207,11,23727228
seq-rs5208,11,23784817
seq-rs5209,11,23801144
seq-rs5213,11,23853809
seq-rs5214,11,23860508
seq-rs5216,11,23871203
seq-rs5217,11,23912809
seq-rs5219,11,23985391
seq-rs5220,11,23987074
seq-rs5221,11,23990560
seq-rs5223,11,24003104
seq-rs5226,11,24103009
seq-rs5228,11,24282576
seq-rs5229,11,24286622
seq-rs5230,11,24320354
seq-rs5231,11,24324415
seq-rs5241,11,24452909
seq-rs5243,11,24475916
seq-rs5244,11,24500302
seq-rs5246,11,24545872
seq-rs5248,11,24723701
seq-rs5253,11,24750711
seq-rs5254,11,24756683
seq-rs5256,11,24760012
seq-rs5257,11,24765065
seq-rs5260,11,24773419
seq-rs5262,11,24779584
seq-rs5266,11,24855583
seq-rs5267,11,24868168
seq-rs5268,11,24884295
seq-rs5270,11,24898383
seq-rs5272,11,24917963
seq-rs5273,11,24921812
seq-rs5274,11,24925370
seq-rs5279,11,24969557
seq-rs5280,11,24975277
seq-rs5281,11,24976533
seq-rs5282,11,24978623
seq-rs5283,11,24979443
seq-rs5284,11,24989081
seq-rs5285,11,24996064
seq-rs5286,11,25004210
seq-rs5287,11,25014401
seq-rs5288,11,25038382
seq-rs5289,11,25042520
seq-rs5290,11,25047890
seq-rs5294,11,25109647
seq-rs5296,11,25123336
seq-rs5297,11,25126643
seq-rs5298,11,25127599
seq-rs5300,11,25135814
seq-rs5301,11,25261593
seq-rs5302,11,25282275
seq-rs5304,11,25458384
seq-rs5305,11,25473073
seq-rs5306,11,25484163
seq-rs5308,11,25509116
seq-rs5309,11,25527409
seq-rs5311,11,25582448
seq-rs5313,11,25685821
seq-rs5314,11,25711479
seq-rs5315,11,25735754
seq-rs5316,11,25737451
seq-rs5317,11,25741513
seq-rs5319,11,25754388
seq-rs5322,11,25801074
seq-rs5323,11,25817801
seq-rs5324,11,25829681
seq-rs5325,11,25830828
seq-rs5327,11,26100204
seq-rs5328,11,26138660
seq-rs5331,11,26178604
seq-rs5332,11,26230497
seq-rs5333,11,26244494
seq-rs5335,11,26294476
seq-rs5337,11,26466296
seq-rs5350,11,26766485
seq-rs5352,11,26779678
seq-rs5353,11,26796214
seq-rs5354,11,26811386
seq-rs5356,11,26869127
seq-rs5357,11,26889009
seq-rs5358,11,26926193
seq-rs5359,11,26977815
seq-rs5360,11,27005296
seq-rs5362,11,27023887
seq-rs5365,11,27093602
seq-rs5366,11,27098498
seq-rs5367,11,27100392
seq-rs5369,11,27106137
seq-rs5370,11,27239931
seq-rs5372,11,27374808
seq-rs5374,11,27399375
seq-rs5375,11,27404485
seq-rs5376,11,27412379
seq-rs5377,11,27414301
seq-rs5380,11,27443760
seq-rs5381,11,27446555
seq-rs5382,11,27449738
seq-rs5383,11,27452163
seq-rs5385,11,27619811
seq-rs5386,11,27621742
seq-rs5389,11,27675271
seq-rs5390,11,27677612
seq-rs5392,11,27684714
seq-rs5394,11,27686670
seq-rs5395,11,27723877
seq-rs5396,11,27730250
seq-rs5397,11,27786946
seq-rs5398,11,27872648
seq-rs5399,11,27873594
seq-rs5400,11,27896058
seq-rs5401,11,28063380
seq-rs5403,11,28108257
seq-rs5404,11,28109041
seq-rs5405,11,28115766
seq-rs5406,11,28141544
seq-rs5407,11,28146010
seq-rs5408,11,28147310
seq-rs5409,11,28153853
seq-rs5411,11,28157691
seq-rs5413,11,28166262
seq-rs5414,11,28171133
seq-rs5415,11,28176938
seq-rs5416,11,28178497
seq-rs5417,11,28182980
seq-rs5418,11,28190491
seq-rs5420,11,28221997
seq-rs5421,11,28222674
seq-rs5422,11,28227079
seq-rs5423,11,28227709
seq-rs5425,11,28242536
seq-rs5426,11,28260594
seq-rs5428,11,28266395
seq-rs5429,11,28279899
seq-rs5430,11,28286985
seq-rs5432,11,28318597
seq-rs5433,11,28345494
seq-rs5435,11,28369860
seq-rs5436,11,28387168
seq-rs5438,11,28399743
seq-rs5440,11,28409936
seq-rs5449,11,28953975
seq-rs5451,11,29005361
seq-rs5454,11,29022998
seq-rs5455,11,29026427
seq-rs5456,11,29030352
seq-rs5457,11,29032650
seq-rs5460,11,29051304
seq-rs5461,11,29055565
gwseq-rs12,11,29210410
seq-rs5464,11,29238815
seq-rs5466,11,29243448
seq-rs5467,11,29283061
seq-rs5468,11,29283787
seq-rs5469,11,29317386
seq-rs5471,11,29320539
seq-rs5472,11,29334140
seq-rs5473,11,29335929
seq-rs5475,11,29416899
seq-rs5476,11,29426497
seq-rs5478,11,29438666
seq-rs5479,11,29495809
seq-rs5481,11,29655030
seq-rs5482,11,29662180
seq-rs5483,11,29838253
seq-rs5484,11,29844565
seq-rs5485,11,29852066
seq-rs5490,11,30573423
seq-rs5491,11,30577186
seq-rs5493,11,30601333
seq-rs5494,11,30613310
seq-rs5495,11,30631998
seq-rs5498,11,30656739
seq-rs5499,11,30660965
seq-rs5500,11,30671557
seq-rs5502,11,30719008
seq-rs5505,11,30766653
seq-rs5506,11,30771169
seq-rs5507,12,123273
seq-rs5508,12,140714
seq-rs5509,12,306387
seq-rs5512,12,837849
seq-rs5513,12,840836
seq-rs5514,12,1062114
seq-rs5515,12,1063163
seq-rs5516,12,1156902
seq-rs5518,12,1526273
seq-rs5521,12,1669686
seq-rs5522,12,2147810
seq-rs5523,12,2211895
seq-rs5525,12,2523493
seq-rs5526,12,2567458
seq-rs5527,12,2615456
seq-rs5530,12,2759215
seq-rs5531,12,2851165
seq-rs5532,12,2912566
seq-rs5533,12,2981088
seq-rs5534,12,2986744
seq-rs5535,12,3007506
seq-rs5536,12,3010219
seq-rs5537,12,3016395
seq-rs5538,12,3058987
seq-rs5539,12,3077944
seq-rs5541,12,3134143
seq-rs5542,12,3145491
seq-rs5543,12,3217240
seq-rs5544,12,3325920
seq-rs5545,12,3341482
seq-rs5546,12,3415230
seq-rs5547,12,3430256
seq-rs5548,12,3444949
seq-rs5549,12,3454480
seq-rs5550,12,3471353
seq-rs5551,12,3492570
seq-rs5552,12,3515188
seq-rs5553,12,3542629
seq-rs5556,12,3714460
seq-rs5558,12,3818400
seq-rs5559,12,3879630
seq-rs5563,12,4044495
seq-rs5564,12,4051788
seq-rs5565,12,4174317
seq-rs5567,12,4432565
seq-rs5568,12,4780065
seq-rs5570,12,5576942
seq-rs5571,12,5602406
seq-rs5572,12,5696599
seq-rs5573,12,5706606
seq-rs5575,12,5763757
seq-rs5576,12,5766148
seq-rs5577,12,5767774
seq-rs5578,12,5776656
seq-rs5579,12,5777909
seq-rs5580,12,5832069
seq-rs5581,12,5835724
seq-rs5583,12,6208641
gwseq-rs3,12,6226742
seq-rs5585,12,6753028
seq-rs5586,12,6758803
seq-rs5588,12,6800152
seq-rs5589,12,6812262
seq-rs5590,12,6823340
seq-rs5591,12,6824801
seq-rs5593,12,6859013
seq-rs5594,12,6865658
seq-rs5596,12,6991235
seq-rs5598,12,7132922
seq-rs5600,12,7188375
seq-rs5601,12,7199796
seq-rs5602,12,7320894
seq-rs5603,12,7375955
seq-rs5604,12,7397852
seq-rs5605,12,7414188
seq-rs5606,12,7416244
seq-rs5607,12,7423562
seq-rs5608,12,7433594
seq-rs5609,12,7478135
seq-rs5611,12,7561586
seq-rs5612,12,7568863
seq-rs5613,12,7611274
seq-rs5615,12,7732172
seq-rs5616,12,7734145
seq-rs5617,12,7990941
seq-rs5618,12,8025175
seq-rs5619,12,8075224
seq-rs5621,12,8805588
seq-rs5622,12,9085972
seq-rs5623,12,9124564
seq-rs5624,12,9212038
seq-rs5625,12,9229259
seq-rs5626,12,9491497
seq-rs5627,12,9534769
seq-rs5629,12,9538572
seq-rs5632,12,9641454
seq-rs5633,12,9765312
seq-rs5634,12,9766001
seq-rs5635,12,9777563
seq-rs5636,12,9819312
seq-rs5637,12,9874974
seq-rs5638,12,9907194
seq-rs5639,12,9915716
seq-rs5640,12,9986465
seq-rs5641,12,9995573
seq-rs5642,12,10074779
seq-rs5644,12,10185833
seq-rs5645,12,10207647
seq-rs5646,12,10245772
seq-rs5647,12,10296263
seq-rs5649,12,10418282
seq-rs5650,12,10421532
seq-rs5651,12,10443631
seq-rs5653,12,10543529
seq-rs5655,12,10557913
seq-rs5658,12,10615577
seq-rs5659,12,10670262
seq-rs5660,12,10716159
seq-rs5664,12,11053648
seq-rs5665,12,11066796
seq-rs5666,12,11081873
seq-rs5667,12,11136767
seq-rs5668,12,11194183
seq-rs5669,12,11229724
seq-rs5670,12,11235381
seq-rs5671,12,11237076
seq-rs5672,12,11246251
seq-rs5673,12,11253893
seq-rs5674,12,11259423
seq-rs5675,12,11304438
seq-rs5676,12,11349568
seq-rs5677,12,11373892
seq-rs5678,12,11421490
seq-rs5679,12,11672568
seq-rs5680,12,11730588
seq-rs5681,12,12223685
seq-rs5682,12,12390471
seq-rs5683,12,12451208
seq-rs5684,12,12474538
seq-rs5685,12,12537343
seq-rs5686,12,12578568
seq-rs5687,12,12932108
seq-rs5689,12,13002125
seq-rs5690,12,13130458
seq-rs5691,12,13177731
seq-rs5692,12,13206877
seq-rs5693,12,13207768
seq-rs5694,12,13209003
seq-rs5696,12,13309517
seq-rs5697,12,13312319
seq-rs5698,12,13342570
seq-rs5701,12,13641813
seq-rs5702,12,13778017
seq-rs5703,12,13800852
seq-rs5704,12,13835728
seq-rs5705,12,13841132
seq-rs5706,12,13847284
seq-rs5707,12,13966344
seq-rs5708,12,14004823
seq-rs5711,12,14094861
seq-rs5712,12,14109570
seq-rs5713,12,14115877
seq-rs5714,12,14130814
seq-rs5717,12,14185046
seq-rs5718,12,14215021
seq-rs5719,12,14264659
seq-rs5720,12,14314549
seq-rs5722,12,14370998
seq-rs5724,12,14543320
seq-rs5725,12,14549013
seq-rs5726,12,14567448
seq-rs5727,12,14571884
seq-rs5728,12,14580653
seq-rs5729,12,14600113
seq-rs5732,12,14819120
seq-rs5733,12,14984049
seq-rs5734,12,15029910
seq-rs5735,12,15038848
seq-rs5736,12,15050761
seq-rs5737,12,15063775
seq-rs5738,12,15161745
seq-rs5739,12,15270475
seq-rs5740,12,15274395
seq-rs5741,12,15276269
seq-rs5742,12,15333990
seq-rs5743,12,15335394
seq-rs5744,12,15562812
seq-rs5745,12,15570434
seq-rs5746,12,15611521
seq-rs5747,12,15670624
seq-rs5748,12,15907053
seq-rs5749,12,15925290
seq-rs5750,12,15935514
seq-rs5751,12,15953810
seq-rs5753,12,16442111
seq-rs5754,12,16605400
seq-rs5755,12,17214008
seq-rs5756,12,17453787
seq-rs5759,12,17672990
seq-rs5760,12,17679380
seq-rs5762,12,17719889
seq-rs5763,12,17720416
seq-rs5764,12,17723828
seq-rs5765,12,17724359
seq-rs5766,12,17759238
seq-rs5767,12,17775172
seq-rs5768,12,17776372
seq-rs5769,12,17800704
seq-rs5770,12,18061207
seq-rs5771,12,18083227
seq-rs5772,12,18083771
seq-rs5773,12,18104417
seq-rs5774,12,18105247
seq-rs5775,12,18120512
seq-rs5777,12,18148606
seq-rs5778,12,18149648
seq-rs5779,12,18151762
seq-rs5780,12,18167594
seq-rs5781,12,18186141
seq-rs5782,12,18205645
seq-rs5783,12,18427053
seq-rs5787,12,19023993
seq-rs5788,12,19085136
seq-rs5789,12,19201100
seq-rs5791,12,19292530
seq-rs5793,12,19404198
seq-rs5794,12,19568140
seq-rs5795,12,19575715
seq-rs5797,12,19615713
seq-rs5798,12,19617618
seq-rs5799,12,19619796
seq-rs5800,12,19623739
seq-rs5801,12,19643111
seq-rs5803,12,19664620
seq-rs5804,12,19676389
seq-rs5805,12,19974813
seq-rs5806,12,20068322
seq-rs5807,12,20127618
seq-rs5808,12,20138013
seq-rs5809,12,20145811
seq-rs5810,12,20153586
seq-rs5811,12,20174424
seq-rs5812,12,20947085
seq-rs5813,12,20952537
seq-rs5814,12,20954935
seq-rs5818,12,21342929
seq-rs5819,12,21398246
seq-rs5820,12,21417845
seq-rs5821,12,21492698
seq-rs5823,12,21521509
seq-rs5825,12,21832490
seq-rs5826,12,21842545
seq-rs5827,12,21852919
seq-rs5828,12,21869868
seq-rs5829,12,21891335
seq-rs5830,12,21937671
seq-rs5831,12,21938755
seq-rs5833,12,22046658
seq-rs5834,12,22050246
seq-rs5837,12,22283113
seq-rs5838,12,22291499
seq-rs5839,12,22293796
seq-rs5841,12,22457293
seq-rs5843,12,22575617
seq-rs5844,12,22685235
seq-rs5845,12,22711833
seq-rs5846,12,22724641
seq-rs5847,12,22734162
seq-rs5848,12,22736514
seq-rs5849,12,22740974
seq-rs5850,12,22748020
seq-rs5851,12,22768803
seq-rs5852,12,22802774
seq-rs5853,12,22836320
seq-rs5854,12,22859273
seq-rs5855,12,22877595
seq-rs5856,12,22951975
seq-rs5858,12,23067715
seq-rs5860,12,23141572
seq-rs5861,12,23156891
seq-rs5862,12,23170002
seq-rs5863,12,23176955
seq-rs5864,12,23238698
seq-rs5865,12,23285099
seq-rs5866,12,23299996
seq-rs5869,12,23337858
seq-rs5870,12,23442426
seq-rs5871,12,23500900
seq-rs5872,12,23547993
seq-rs5873,12,23548696
seq-rs5876,12,23707926
seq-rs5877,12,23723687
seq-rs5882,12,23860979
seq-rs5883,12,23886399
seq-rs5884,12,23916476
seq-rs5885,12,23941758
seq-rs5886,12,24000141
seq-rs5888,12,24044146
seq-rs5889,12,24060333
seq-rs5890,12,24096282
seq-rs5891,12,24096788
seq-rs5892,12,24125878
seq-rs5893,12,24129871
seq-rs5894,12,24131443
seq-rs5895,12,24141809
seq-rs5896,12,24148725
seq-rs5897,12,24212973
seq-rs5898,12,24213917
seq-rs5900,12,24257072
seq-rs5901,12,24287195
seq-rs5902,12,24291597
seq-rs5903,12,24308587
seq-rs5904,12,24312523
seq-rs5905,12,24423589
seq-rs5906,12,24433141
seq-rs5907,12,24450724
seq-rs5908,12,24453506
seq-rs5909,12,24829134
seq-rs5920,12,25854328
seq-rs5921,12,25902844
seq-rs5922,12,26001074
seq-rs5928,12,26485941
seq-rs5929,12,26659158
seq-rs5930,12,26667482
seq-rs5934,12,26929026
seq-rs5935,12,27215051
seq-rs5936,12,27226138
seq-rs5939,12,27314848
seq-rs5940,12,27358201
seq-rs5941,12,27388401
seq-rs5942,12,27420723
seq-rs5943,12,27436827
seq-rs5944,12,27437731
seq-rs5945,12,27445783
seq-rs5947,12,27496837
seq-rs5948,12,27610707
seq-rs5950,12,27710112
