SNP_ID,Gene
chrA08_6023404,BnaA08g06090D
chrA08_7485204,BnaA08g07500D
chrA08_7964936,BnaA08g08080D
chrA08_8152265,BnaA08g08260D
chrA08_8152891,BnaA08g08260D
chrA08_8152903,BnaA08g08260D
chrA08_8153136,BnaA08g08260D
chrA08_8153168,BnaA08g08260D
chrA08_8155608,BnaA08g08260D
chrA08_8157821,BnaA08g08270D
chrA08_8164223,BnaA08g08290D
chrA08_8165360,BnaA08g08290D
chrA08_8210404,BnaA08g08370D
chrA08_8210697,BnaA08g08370D
chrA08_8221921,BnaA08g08380D
chrA08_8338143,BnaA08g08510D
chrA08_8347201,BnaA08g08540D
chrA08_8347907,BnaA08g08540D
chrA08_8348010,BnaA08g08540D
chrA08_8359816,BnaA08g08560D
chrA08_8391034,BnaA08g08590D
chrA08_8404459,BnaA08g08610D
chrA08_8406410,BnaA08g08620D
chrA08_8406897,BnaA08g08620D
chrA08_8406985,BnaA08g08620D
chrA08_8407033,BnaA08g08620D
chrA08_8408751,BnaA08g08630D
chrA08_8408853,BnaA08g08630D
chrA08_8422879,BnaA08g08660D
chrA08_8422936,BnaA08g08660D
chrA08_8422963,BnaA08g08660D
chrA08_8423803,BnaA08g08660D
chrA08_8423815,BnaA08g08660D
chrA08_8424746,BnaA08g08660D
chrA08_8424752,BnaA08g08660D
chrA08_8479397,BnaA08g08680D
chrA08_8479515,BnaA08g08680D
chrA08_8479715,BnaA08g08680D
chrA08_8494946,BnaA08g08710D
chrA08_8495231,BnaA08g08710D
chrA08_8495385,BnaA08g08710D
chrA08_8495466,BnaA08g08710D
chrA08_8495649,BnaA08g08710D
chrA08_8495711,BnaA08g08710D
chrA08_8495779,BnaA08g08710D
chrA08_8496384,BnaA08g08710D
chrA08_8539292,BnaA08g08790D
chrA08_8539574,BnaA08g08790D
chrA08_8539745,BnaA08g08790D
chrA08_8539949,BnaA08g08790D
chrA08_8540517,BnaA08g08790D
chrA08_8582585,BnaA08g08840D
chrA08_8589291,BnaA08g08850D
chrA08_8589308,BnaA08g08850D
chrA08_8602415,BnaA08g08860D
chrA08_8602544,BnaA08g08860D
chrA08_8602564,BnaA08g08860D
chrA08_8602584,BnaA08g08860D
chrA08_8602840,BnaA08g08860D
chrA08_8603732,BnaA08g08860D
chrA08_8612909,BnaA08g08880D
chrA08_8614678,BnaA08g08890D
chrA08_8649408,BnaA08g08910D
chrA08_8649798,BnaA08g08910D
chrA08_8649956,BnaA08g08910D
chrA08_8650057,BnaA08g08910D
chrA08_8650461,BnaA08g08910D
chrA08_8650473,BnaA08g08910D
chrA08_8650905,BnaA08g08910D
chrA08_8650917,BnaA08g08910D
chrA08_8651119,BnaA08g08910D
chrA08_8651203,BnaA08g08910D
chrA08_8651285,BnaA08g08910D
chrA08_8651504,BnaA08g08910D
chrA08_8651688,BnaA08g08910D
chrA08_8651697,BnaA08g08910D
chrA08_8651970,BnaA08g08910D
chrA08_8652280,BnaA08g08910D
chrA08_8652318,BnaA08g08910D
chrA08_8652430,BnaA08g08910D
chrA08_8652654,BnaA08g08910D
chrA08_8652706,BnaA08g08910D
chrA08_8653344,BnaA08g08920D
chrA08_8654446,BnaA08g08920D
chrA08_8662833,BnaA08g08930D
chrA08_8662854,BnaA08g08930D
chrA08_8662862,BnaA08g08930D
chrA08_8662875,BnaA08g08930D
chrA08_8662962,BnaA08g08930D
chrA08_8663149,BnaA08g08930D
chrA08_8674637,BnaA08g08940D
chrA08_8674745,BnaA08g08940D
chrA08_8674754,BnaA08g08940D
chrA08_8674826,BnaA08g08940D
chrA08_8674880,BnaA08g08940D
chrA08_8674933,BnaA08g08940D
chrA08_8675000,BnaA08g08940D
chrA08_8683578,BnaA08g08950D
chrA08_8683621,BnaA08g08950D
chrA08_8683661,BnaA08g08950D
chrA08_8689750,BnaA08g08960D
chrA08_8689957,BnaA08g08960D
chrA08_8689981,BnaA08g08960D
chrA08_8690212,BnaA08g08960D
chrA08_8690417,BnaA08g08960D
chrA08_8702066,BnaA08g08980D
chrA08_8702203,BnaA08g08980D
chrA08_8702345,BnaA08g08980D
chrA08_8702624,BnaA08g08980D
chrA08_8703034,BnaA08g08980D
chrA08_8703040,BnaA08g08980D
chrA08_8705918,BnaA08g09000D
chrA08_8706003,BnaA08g09000D
chrA08_8706436,BnaA08g09000D
chrA08_8706800,BnaA08g09000D
chrA08_8707529,BnaA08g09010D
chrA08_8707594,BnaA08g09010D
chrA08_8707627,BnaA08g09010D
chrA08_8707637,BnaA08g09010D
chrA08_8710869,BnaA08g09020D
chrA08_8711380,BnaA08g09030D
chrA08_8711685,BnaA08g09030D
chrA08_8712081,BnaA08g09030D
chrA08_8712169,BnaA08g09030D
chrA08_8712366,BnaA08g09030D
chrA08_8712382,BnaA08g09030D
chrA08_8713888,BnaA08g09030D
chrA08_8716995,BnaA08g09040D
chrA08_8724252,BnaA08g09050D
chrA08_8724275,BnaA08g09050D
chrA08_8724289,BnaA08g09050D
chrA08_8724326,BnaA08g09050D
chrA08_8724386,BnaA08g09050D
chrA08_8725663,BnaA08g09060D
chrA08_8725674,BnaA08g09060D
chrA08_8726551,BnaA08g09060D
chrA08_8726695,BnaA08g09060D
chrA08_8726896,BnaA08g09060D
chrA08_8727150,BnaA08g09060D
chrA08_8787793,BnaA08g09140D
chrA08_9168133,BnaA08g09630D
chrA08_9168157,BnaA08g09630D
chrA08_9168251,BnaA08g09630D
chrA08_9168290,BnaA08g09630D
chrA08_9168438,BnaA08g09630D
chrA08_9168795,BnaA08g09630D
chrA08_9169040,BnaA08g09630D
chrA08_9169169,BnaA08g09630D
chrA08_9169195,BnaA08g09630D
chrA08_9169819,BnaA08g09630D
chrA08_9172082,BnaA08g09630D
chrA08_9172136,BnaA08g09630D
chrA08_9172157,BnaA08g09630D
chrA08_9172321,BnaA08g09630D
chrA08_9172377,BnaA08g09630D
chrA08_9172495,BnaA08g09630D
chrA08_9173308,BnaA08g09640D
chrA08_9178893,BnaA08g09660D
chrA08_9178975,BnaA08g09660D
chrA08_9179033,BnaA08g09660D
chrA08_9182413,BnaA08g09680D
chrA08_9182827,BnaA08g09680D
chrA08_9184410,BnaA08g09680D
chrA08_9184520,BnaA08g09680D
chrA08_9185324,BnaA08g09680D
chrA08_9185349,BnaA08g09680D
chrA08_9274085,BnaA08g09790D
chrA08_9295313,BnaA08g09830D
chrA08_9295321,BnaA08g09830D
chrA08_9917809,BnaA08g10700D
chrA08_10138118,BnaA08g11020D
chrA08_10145125,BnaA08g11040D
chrA08_10147353,BnaA08g11050D
chrA08_10147486,BnaA08g11050D
chrA08_10148223,BnaA08g11050D
chrA08_10148309,BnaA08g11050D
chrA08_10148350,BnaA08g11050D
chrA08_10148371,BnaA08g11050D
chrA08_10148389,BnaA08g11050D
chrA08_10148397,BnaA08g11050D
chrA08_10148517,BnaA08g11050D
chrA08_10148544,BnaA08g11050D
chrA08_10148697,BnaA08g11050D
chrA08_10148714,BnaA08g11050D
chrA08_10149655,BnaA08g11060D
chrA08_10149690,BnaA08g11060D
chrA08_10150839,BnaA08g11060D
chrA08_10151494,BnaA08g11060D
chrA08_10156690,BnaA08g11070D
chrA08_10194020,BnaA08g11140D
chrA08_10194057,BnaA08g11140D
chrA08_10194092,BnaA08g11140D
chrA08_10197952,BnaA08g11150D
chrA08_10225578,BnaA08g11190D
chrA08_10232934,BnaA08g11220D
chrA08_10233105,BnaA08g11220D
chrA08_10316766,BnaA08g11360D
chrA08_10316867,BnaA08g11360D
chrA08_10317242,BnaA08g11360D
chrA08_10317354,BnaA08g11360D
chrA08_10317371,BnaA08g11360D
chrA08_10317849,BnaA08g11360D
chrA08_10321571,BnaA08g11370D
chrA08_10325235,BnaA08g11380D
chrA08_10343329,BnaA08g11400D
chrA08_10407635,BnaA08g11450D
chrA08_10408420,BnaA08g11450D
chrA08_10435264,BnaA08g11470D
chrA08_10435273,BnaA08g11470D
chrA08_10436290,BnaA08g11470D
chrA08_10436339,BnaA08g11470D
chrA08_10438670,BnaA08g11480D
chrA08_10439111,BnaA08g11480D
chrA08_10441762,BnaA08g11490D
chrA08_10441819,BnaA08g11490D
chrA08_10441828,BnaA08g11490D
chrA08_10441875,BnaA08g11490D
chrA08_10441951,BnaA08g11490D
chrA08_10442011,BnaA08g11490D
chrA08_10442058,BnaA08g11490D
chrA08_10442066,BnaA08g11490D
chrA08_10442530,BnaA08g11490D
chrA08_10445323,BnaA08g11490D
chrA08_10445645,BnaA08g11490D
chrA08_10446771,BnaA08g11500D
chrA08_10449583,BnaA08g11500D
chrA08_10462220,BnaA08g11540D
chrA08_10462943,BnaA08g11540D
chrA08_10463008,BnaA08g11540D
chrA08_10463634,BnaA08g11540D
chrA08_10463656,BnaA08g11540D
chrA08_10463995,BnaA08g11540D
chrA08_10464025,BnaA08g11540D
chrA08_10467021,BnaA08g11560D
chrA08_10472517,BnaA08g11570D
chrA08_10472526,BnaA08g11570D
chrA08_10472604,BnaA08g11570D
chrA08_10472928,BnaA08g11570D
chrA08_10473660,BnaA08g11570D
chrA08_10473779,BnaA08g11570D
chrA08_10473888,BnaA08g11570D
chrA08_10473894,BnaA08g11570D
chrA08_10474278,BnaA08g11570D
chrA08_10474431,BnaA08g11570D
chrA08_10480066,BnaA08g11580D
chrA08_10480274,BnaA08g11580D
chrA08_10480431,BnaA08g11580D
chrA08_10489381,BnaA08g11610D
chrA08_10491625,BnaA08g11610D
chrA08_10493515,BnaA08g11620D
chrA08_10493992,BnaA08g11620D
chrA08_10494092,BnaA08g11620D
chrA08_10494352,BnaA08g11620D
chrA08_10495060,BnaA08g11620D
chrA08_10495444,BnaA08g11620D
chrA08_10495500,BnaA08g11620D
chrA08_10505120,BnaA08g11630D
chrA08_10505130,BnaA08g11630D
chrA08_10514071,BnaA08g11650D
chrA08_10530123,BnaA08g11680D
chrA08_10531768,BnaA08g11690D
chrA08_10532262,BnaA08g11690D
chrA08_10532309,BnaA08g11690D
chrA08_10532589,BnaA08g11690D
chrA08_10532596,BnaA08g11690D
chrA08_10557251,BnaA08g11740D
chrA08_10557444,BnaA08g11740D
chrA08_10562617,BnaA08g11750D
chrA08_10563403,BnaA08g11750D
chrA08_10571909,BnaA08g11770D
chrA08_10571973,BnaA08g11770D
chrA08_10572048,BnaA08g11770D
chrA08_10572450,BnaA08g11770D
chrA08_10572860,BnaA08g11770D
chrA08_10573468,BnaA08g11770D
chrA08_10573480,BnaA08g11770D
chrA08_10573489,BnaA08g11770D
chrA08_10573504,BnaA08g11770D
chrA08_10573519,BnaA08g11770D
chrA08_10573561,BnaA08g11770D
chrA08_10573618,BnaA08g11770D
chrA08_10573669,BnaA08g11770D
chrA08_10573875,BnaA08g11770D
chrA08_10574519,BnaA08g11770D
chrA08_10574525,BnaA08g11770D
chrA08_10574531,BnaA08g11770D
chrA08_10577262,BnaA08g11780D
chrA08_10577334,BnaA08g11780D
chrA08_10577429,BnaA08g11780D
chrA08_10577497,BnaA08g11780D
chrA08_10577505,BnaA08g11780D
chrA08_10593607,BnaA08g11800D
chrA08_10593614,BnaA08g11800D
chrA08_10593948,BnaA08g11800D
chrA08_10594086,BnaA08g11800D
chrA08_10594281,BnaA08g11800D
chrA08_10623962,BnaA08g11840D
chrA08_10624022,BnaA08g11840D
chrA08_10624547,BnaA08g11840D
chrA08_10624979,BnaA08g11840D
chrA08_10640679,BnaA08g11870D
chrA08_10641663,BnaA08g11870D
chrA08_10641705,BnaA08g11870D
chrA08_10649138,BnaA08g11880D
chrA08_10649959,BnaA08g11880D
chrA08_10650110,BnaA08g11880D
chrA08_10650247,BnaA08g11880D
chrA08_10650731,BnaA08g11880D
chrA08_10650934,BnaA08g11880D
chrA08_10668647,BnaA08g11930D
chrA08_10669054,BnaA08g11930D
chrA08_10669330,BnaA08g11930D
chrA08_10683398,BnaA08g11940D
chrA08_10683708,BnaA08g11940D
chrA08_10691916,BnaA08g11950D
chrA08_10693141,BnaA08g11950D
chrA08_10777873,BnaA08g12020D
chrA08_10777960,BnaA08g12020D
chrA08_10787293,BnaA08g12040D
chrA08_10787311,BnaA08g12040D
chrA08_10787377,BnaA08g12040D
chrA08_10787824,BnaA08g12040D
chrA08_10787837,BnaA08g12040D
chrA08_10788158,BnaA08g12040D
chrA08_10788565,BnaA08g12040D
chrA08_10816354,BnaA08g12060D
chrA08_10816380,BnaA08g12060D
chrA08_10820131,BnaA08g12070D
chrA08_10820644,BnaA08g12070D
chrA08_10821878,BnaA08g12070D
chrA08_10829125,BnaA08g12070D
chrA08_10829347,BnaA08g12070D
chrA08_10829918,BnaA08g12070D
chrA08_10849733,BnaA08g12120D
chrA08_11074002,BnaA08g12430D
chrA08_11267341,BnaA08g12770D
chrA01_11446684,BnaA01g19840D
chrA01_11446734,BnaA01g19840D
chrA01_11446793,BnaA01g19840D
chrC03_52220899,BnaC03g62920D
chrC03_52232182,BnaC03g62930D
chrC03_52232203,BnaC03g62930D
chrC03_53162627,BnaC03g63680D
chrC03_53748082,BnaC03g64400D
chrC03_53917983,BnaC03g64590D
chrC03_53980611,BnaC03g64650D
chrC03_54043080,BnaC03g64710D
chrC03_54044141,BnaC03g64710D
chrC03_54046378,BnaC03g64720D
chrC03_54096393,BnaC03g64750D
chrC03_54265998,BnaC03g64880D
chrC03_55441423,BnaC03g65760D
chrC03_55441472,BnaC03g65760D
chrC03_55441647,BnaC03g65760D
chrC03_55441718,BnaC03g65760D
chrC03_55559799,BnaC03g65780D
chrC03_55559879,BnaC03g65780D
chrC03_55560068,BnaC03g65780D
chrC03_55560091,BnaC03g65780D
chrC03_55560184,BnaC03g65780D
chrC03_55560470,BnaC03g65780D
chrC03_55560684,BnaC03g65780D
chrC03_55560910,BnaC03g65780D
chrC03_55561019,BnaC03g65780D
chrC03_55561481,BnaC03g65790D
chrC03_55561706,BnaC03g65790D
chrC03_55561714,BnaC03g65790D
chrC03_55561791,BnaC03g65790D
chrC03_55562010,BnaC03g65790D
chrC03_55562169,BnaC03g65790D
chrC03_55562192,BnaC03g65790D
chrC03_55562266,BnaC03g65790D
chrC03_55562759,BnaC03g65790D
chrC03_55562787,BnaC03g65790D
chrC03_55562990,BnaC03g65790D
chrC03_55562997,BnaC03g65790D
chrC03_55563896,BnaC03g65800D
chrC03_55564619,BnaC03g65800D
chrC03_55564628,BnaC03g65800D
chrC03_55564652,BnaC03g65800D
chrC03_55572188,BnaC03g65810D
chrC03_55572263,BnaC03g65810D
chrC03_55572371,BnaC03g65810D
chrC03_55572567,BnaC03g65810D
chrC03_55572593,BnaC03g65810D
chrC03_55737457,BnaC03g66010D
chrC03_55737476,BnaC03g66010D
chrC03_55737678,BnaC03g66010D
chrC03_55737689,BnaC03g66010D
chrC03_55737712,BnaC03g66010D
chrC03_55737813,BnaC03g66010D
chrC03_55737852,BnaC03g66010D
chrC03_55737891,BnaC03g66010D
chrC03_55738086,BnaC03g66010D
chrC03_55738128,BnaC03g66010D
chrC03_55738226,BnaC03g66010D
chrC03_55738235,BnaC03g66010D
chrC03_55738246,BnaC03g66010D
chrC03_55738318,BnaC03g66010D
chrC03_55738335,BnaC03g66010D
chrC03_55738474,BnaC03g66010D
chrC03_55738483,BnaC03g66010D
chrC03_55738611,BnaC03g66010D
chrC03_55738749,BnaC03g66010D
chrC03_55738804,BnaC03g66010D
chrC03_55739322,BnaC03g66010D
chrC03_55739474,BnaC03g66010D
chrC03_55739723,BnaC03g66010D
chrC03_55739754,BnaC03g66010D
chrC03_55739866,BnaC03g66010D
chrC03_55740298,BnaC03g66010D
chrC03_55741015,BnaC03g66010D
chrC03_55741045,BnaC03g66010D
chrC03_55741256,BnaC03g66010D
chrC03_55741293,BnaC03g66010D
chrC03_55741310,BnaC03g66010D
chrC03_55741384,BnaC03g66010D
chrC03_55741445,BnaC03g66010D
chrC03_55741451,BnaC03g66010D
chrC03_55741464,BnaC03g66010D
chrC03_55741743,BnaC03g66010D
chrC03_55741799,BnaC03g66010D
chrC03_55836751,BnaC03g66090D
chrC03_55837868,BnaC03g66090D
chrC03_55837974,BnaC03g66090D
chrC03_55856275,BnaC03g66110D
chrC03_55873892,BnaC03g66120D
chrC03_55883925,BnaC03g66140D
chrC03_55915916,BnaC03g66160D
chrC03_55916354,BnaC03g66160D
chrC03_55917116,BnaC03g66160D
chrC03_55934510,BnaC03g66190D
chrC03_55934556,BnaC03g66190D
chrC03_55936271,BnaC03g66190D
chrC03_55936378,BnaC03g66190D
chrC03_55945573,BnaC03g66210D
chrC03_56250556,BnaC03g66440D
chrC03_56476918,BnaC03g66800D
chrA01_1392518,BnaA01g02830D
chrA08_8154021,BnaA08g08260D
chrA08_8154246,BnaA08g08260D
chrA08_8162051,BnaA08g08280D
chrA08_8162194,BnaA08g08280D
chrA08_8162487,BnaA08g08280D
chrA08_8275681,BnaA08g08430D
chrA08_8359260,BnaA08g08560D
chrA08_8359378,BnaA08g08560D
chrA08_8406510,BnaA08g08620D
chrA08_8408989,BnaA08g08630D
chrA08_8422238,BnaA08g08660D
chrA08_8423272,BnaA08g08660D
chrA08_8424048,BnaA08g08660D
chrA08_8490406,BnaA08g08700D
chrA08_8497133,BnaA08g08710D
chrA08_8497301,BnaA08g08710D
chrA08_8540330,BnaA08g08790D
chrA08_8540343,BnaA08g08790D
chrA08_8601140,BnaA08g08860D
chrA08_8601368,BnaA08g08860D
chrA08_8601400,BnaA08g08860D
chrA08_8601410,BnaA08g08860D
chrA08_8601441,BnaA08g08860D
chrA08_8603073,BnaA08g08860D
chrA08_8603227,BnaA08g08860D
chrA08_8612951,BnaA08g08880D
chrA08_8613190,BnaA08g08880D
chrA08_8614008,BnaA08g08890D
chrA08_8649481,BnaA08g08910D
chrA08_8649815,BnaA08g08910D
chrA08_8649850,BnaA08g08910D
chrA08_8649931,BnaA08g08910D
chrA08_8652615,BnaA08g08910D
chrA08_8662207,BnaA08g08930D
chrA08_8689276,BnaA08g08960D
chrA08_8702688,BnaA08g08980D
chrA08_8723706,BnaA08g09050D
chrA08_8787993,BnaA08g09140D
chrA08_8790981,BnaA08g09150D
chrA08_9168896,BnaA08g09630D
chrA08_9178069,BnaA08g09650D
chrA08_9179164,BnaA08g09660D
chrA08_9184986,BnaA08g09680D
chrA08_9185164,BnaA08g09680D
chrA08_9185372,BnaA08g09680D
chrA08_9189458,BnaA08g09680D
chrA08_9189748,BnaA08g09680D
chrA08_9204742,BnaA08g09730D
chrA08_9272707,BnaA08g09780D
chrA08_9272714,BnaA08g09780D
chrA08_9273916,BnaA08g09790D
chrA08_9273955,BnaA08g09790D
chrA08_9273970,BnaA08g09790D
chrA08_9274499,BnaA08g09790D
chrA08_9274831,BnaA08g09790D
chrA08_9313564,BnaA08g09860D
chrA08_9314448,BnaA08g09870D
chrA08_9515017,BnaA08g10170D
chrA08_9990471,BnaA08g10780D
chrA08_10140613,BnaA08g11030D
chrA08_10140633,BnaA08g11030D
chrA08_10147626,BnaA08g11050D
chrA08_10183881,BnaA08g11120D
chrA08_10224913,BnaA08g11190D
chrA08_10225456,BnaA08g11190D
chrA08_10225477,BnaA08g11190D
chrA08_10225521,BnaA08g11190D
chrA08_10225863,BnaA08g11190D
chrA08_10225930,BnaA08g11190D
chrA08_10228058,BnaA08g11200D
chrA08_10228075,BnaA08g11200D
chrA08_10228158,BnaA08g11200D
chrA08_10297971,BnaA08g11320D
chrA08_10298480,BnaA08g11320D
chrA08_10298522,BnaA08g11320D
chrA08_10301618,BnaA08g11340D
chrA08_10301644,BnaA08g11340D
chrA08_10301826,BnaA08g11340D
chrA08_10301911,BnaA08g11340D
chrA08_10303811,BnaA08g11340D
chrA08_10303917,BnaA08g11340D
chrA08_10316795,BnaA08g11360D
chrA08_10322201,BnaA08g11370D
chrA08_10324783,BnaA08g11380D
chrA08_10324791,BnaA08g11380D
chrA08_10432654,BnaA08g11460D
chrA08_10442447,BnaA08g11490D
chrA08_10445588,BnaA08g11490D
chrA08_10472389,BnaA08g11570D
chrA08_10472698,BnaA08g11570D
chrA08_10473122,BnaA08g11570D
chrA08_10473585,BnaA08g11570D
chrA08_10479860,BnaA08g11580D
chrA08_10479928,BnaA08g11580D
chrA08_10479938,BnaA08g11580D
chrA08_10494414,BnaA08g11620D
chrA08_10649181,BnaA08g11880D
chrA08_10649211,BnaA08g11880D
chrA08_10650784,BnaA08g11880D
chrA08_10659243,BnaA08g11900D
chrA08_10781344,BnaA08g12030D
chrA08_10781715,BnaA08g12030D
chrA08_10781751,BnaA08g12030D
chrA08_10784211,BnaA08g12030D
chrA08_10784309,BnaA08g12030D
chrA08_10817127,BnaA08g12060D
chrA08_10819867,BnaA08g12070D
chrA08_10821837,BnaA08g12070D
chrA08_10822598,BnaA08g12070D
chrA08_10825755,BnaA08g12070D
chrA08_10827939,BnaA08g12070D
chrA08_10829133,BnaA08g12070D
chrA08_10832750,BnaA08g12080D
chrA08_10835204,BnaA08g12090D
chrA08_10926344,BnaA08g12250D
chrA08_11040701,BnaA08g12360D
chrA08_11041877,BnaA08g12360D
chrA08_11041903,BnaA08g12360D
chrA08_11043505,BnaA08g12370D
chrA08_11078691,BnaA08g12440D
chrA08_11078883,BnaA08g12440D
chrA08_11086641,BnaA08g12450D
chrA08_11087659,BnaA08g12450D
chrA08_11088247,BnaA08g12450D
chrA08_11088259,BnaA08g12450D
chrA08_11088552,BnaA08g12450D
chrA08_11089032,BnaA08g12450D
chrA08_11089063,BnaA08g12450D
chrA08_11089117,BnaA08g12450D
chrA08_11118861,BnaA08g12540D
chrA08_11118870,BnaA08g12540D
chrA08_11120418,BnaA08g12540D
chrA08_11120578,BnaA08g12540D
chrA08_11120620,BnaA08g12540D
chrA08_11121431,BnaA08g12540D
chrA08_11124077,BnaA08g12550D
chrA08_11124228,BnaA08g12550D
chrA08_11124237,BnaA08g12550D
chrA08_11600339,BnaA08g13340D
chrA08_11600353,BnaA08g13340D
chrA07_21873743,BnaA07g31120D
chrC06_34082537,BnaC06g34770D
chrC03_51704269,BnaC03g62600D
chrC03_51781738,BnaC03g62660D
chrC03_51784424,BnaC03g62660D
chrC03_51789551,BnaC03g62660D
chrC03_51789663,BnaC03g62660D
chrC03_51789675,BnaC03g62660D
chrC03_51789808,BnaC03g62660D
chrC03_51820511,BnaC03g62670D
chrC03_52221385,BnaC03g62920D
chrC03_52936461,BnaC03g63490D
chrC03_53149363,BnaC03g63630D
chrC03_53149406,BnaC03g63630D
chrC03_53197472,BnaC03g63720D
chrC03_53217931,BnaC03g63740D
chrC03_53304099,BnaC03g63790D
chrC03_53573415,BnaC03g64150D
chrC03_53665206,BnaC03g64220D
chrC03_53665770,BnaC03g64220D
chrC03_53665985,BnaC03g64220D
chrC03_53666008,BnaC03g64220D
chrC03_53671250,BnaC03g64230D
chrC03_53711339,BnaC03g64320D
chrC03_53713916,BnaC03g64330D
chrC03_53729530,BnaC03g64360D
chrC03_53733372,BnaC03g64370D
chrC03_53734039,BnaC03g64370D
chrC03_53735556,BnaC03g64370D
chrC03_53736680,BnaC03g64370D
chrC03_53739074,BnaC03g64380D
chrC03_53740821,BnaC03g64380D
chrC03_53740889,BnaC03g64380D
chrC03_53746468,BnaC03g64390D
chrC03_53746503,BnaC03g64390D
chrC03_53746996,BnaC03g64390D
chrC03_53747108,BnaC03g64390D
chrC03_53747173,BnaC03g64390D
chrC03_53747221,BnaC03g64390D
chrC03_53747593,BnaC03g64390D
chrC03_53748006,BnaC03g64400D
chrC03_53748043,BnaC03g64400D
chrC03_53749369,BnaC03g64410D
chrC03_53749673,BnaC03g64410D
chrC03_53750546,BnaC03g64410D
chrC03_53751375,BnaC03g64410D
chrC03_53751951,BnaC03g64410D
chrC03_53752671,BnaC03g64410D
chrC03_53752697,BnaC03g64410D
chrC03_53753221,BnaC03g64410D
chrC03_53755146,BnaC03g64410D
chrC03_53758607,BnaC03g64420D
chrC03_53758662,BnaC03g64420D
chrC03_53758857,BnaC03g64420D
chrC03_53759056,BnaC03g64420D
chrC03_53760489,BnaC03g64430D
chrC03_53761587,BnaC03g64430D
chrC03_53761781,BnaC03g64430D
chrC03_53764099,BnaC03g64430D
chrC03_53764392,BnaC03g64430D
chrC03_53768410,BnaC03g64440D
chrC03_53837309,BnaC03g64480D
chrC03_53838066,BnaC03g64480D
chrC03_53838093,BnaC03g64480D
chrC03_53838101,BnaC03g64480D
chrC03_53838168,BnaC03g64480D
chrC03_53838294,BnaC03g64480D
chrC03_53838880,BnaC03g64490D
chrC03_53838916,BnaC03g64490D
chrC03_53839686,BnaC03g64490D
chrC03_53906198,BnaC03g64570D
chrC03_53906665,BnaC03g64570D
chrC03_53906695,BnaC03g64570D
chrC03_53906755,BnaC03g64570D
chrC03_53908417,BnaC03g64570D
chrC03_53908540,BnaC03g64570D
chrC03_53909359,BnaC03g64570D
chrC03_53909615,BnaC03g64570D
chrC03_53909769,BnaC03g64570D
chrC03_53910297,BnaC03g64570D
chrC03_53910369,BnaC03g64570D
chrC03_53910511,BnaC03g64570D
chrC03_53910684,BnaC03g64570D
chrC03_53910717,BnaC03g64570D
chrC03_53910772,BnaC03g64570D
chrC03_53911145,BnaC03g64570D
chrC03_53911368,BnaC03g64570D
chrC03_53915180,BnaC03g64580D
chrC03_53917001,BnaC03g64590D
chrC03_53917915,BnaC03g64590D
chrC03_53993999,BnaC03g64680D
chrC03_54043951,BnaC03g64710D
chrC03_54049011,BnaC03g64720D
chrC03_54056758,BnaC03g64740D
chrC03_54056798,BnaC03g64740D
chrC03_54056812,BnaC03g64740D
chrC03_54249627,BnaC03g64840D
chrC03_55403368,BnaC03g65690D
chrC03_55412705,BnaC03g65700D
chrC03_55412759,BnaC03g65700D
chrC03_55412797,BnaC03g65700D
chrC03_55419117,BnaC03g65710D
chrC03_55419897,BnaC03g65710D
chrC03_55423267,BnaC03g65720D
chrC03_55441340,BnaC03g65760D
chrC03_55560483,BnaC03g65780D
chrC03_55561679,BnaC03g65790D
chrC03_55561690,BnaC03g65790D
chrC03_55562142,BnaC03g65790D
chrC03_55562409,BnaC03g65790D
chrC03_55563655,BnaC03g65800D
chrC03_55563673,BnaC03g65800D
chrC03_55619021,BnaC03g65910D
chrC03_55836997,BnaC03g66090D
chrC03_55837859,BnaC03g66090D
chrC03_55846310,BnaC03g66100D
chrC03_55846381,BnaC03g66100D
chrC03_55846803,BnaC03g66100D
chrC03_55856981,BnaC03g66110D
chrC03_55858321,BnaC03g66110D
chrC03_55858333,BnaC03g66110D
chrC03_55858421,BnaC03g66110D
chrC03_55875202,BnaC03g66130D
chrC03_55883934,BnaC03g66140D
chrC03_55916108,BnaC03g66160D
chrC03_55916821,BnaC03g66160D
chrC03_55917004,BnaC03g66160D
chrC03_55920267,BnaC03g66170D
chrC03_55920282,BnaC03g66170D
chrC03_55920415,BnaC03g66170D
chrC03_55920712,BnaC03g66170D
chrC03_55933185,BnaC03g66180D
chrC03_55934767,BnaC03g66190D
chrC03_55935115,BnaC03g66190D
chrC03_55935201,BnaC03g66190D
chrC03_55935435,BnaC03g66190D
chrC03_55936727,BnaC03g66190D
chrC03_55936793,BnaC03g66190D
chrC03_55937018,BnaC03g66190D
chrC03_55945487,BnaC03g66210D
chrC03_55946178,BnaC03g66210D
chrC03_55946286,BnaC03g66210D
chrC03_55946441,BnaC03g66210D
chrC03_55946476,BnaC03g66210D
chrC03_55946503,BnaC03g66210D
chrC03_56025747,BnaC03g66260D
chrC03_56272828,BnaC03g66520D
chrC03_56688487,BnaC03g67000D
chrA08_7221127,BnaA08g07210D
chrA08_7404767,BnaA08g07370D
chrA08_7582322,BnaA08g07650D
chrA08_8152801,BnaA08g08260D
chrA08_8153096,BnaA08g08260D
chrA08_8153432,BnaA08g08260D
chrA08_8158004,BnaA08g08270D
chrA08_8158161,BnaA08g08270D
chrA08_8391063,BnaA08g08590D
chrA08_8404408,BnaA08g08610D
chrA08_8710319,BnaA08g09020D
chrA08_8724809,BnaA08g09050D
chrA08_8787832,BnaA08g09140D
chrC03_55403477,BnaC03g65690D
chrC03_55447567,BnaC03g65770D
chrC03_56246865,BnaC03g66430D
chrC03_56254626,BnaC03g66450D
chrA06_23749331,BnaA06g36220D
chrA06_23749610,BnaA06g36220D
chrA09_3284661,BnaA09g06720D
chrA08_10297982,BnaA08g11320D
chrC03_54262640,BnaC03g64870D
chrC03_54265286,BnaC03g64880D
chrC03_55935405,BnaC03g66190D
chrA08_10445528,BnaA08g11490D
chrA08_10649409,BnaA08g11880D
chrA08_11073923,BnaA08g12430D
chrA08_11149234,BnaA08g12610D
chrC03_49737495,BnaC03g60630D
chrC03_49769364,BnaC03g60650D
chrC03_51486589,BnaC03g62280D
chrC03_51488777,BnaC03g62300D
chrC03_51488949,BnaC03g62300D
chrC03_51703972,BnaC03g62600D
chrC03_51789485,BnaC03g62660D
chrC03_51820725,BnaC03g62670D
chrC03_52021366,BnaC03g62770D
chrC03_52088172,BnaC03g62800D
chrC03_53736255,BnaC03g64370D
chrC03_53746936,BnaC03g64390D
chrC03_53750801,BnaC03g64410D
chrC03_55934363,BnaC03g66190D
chrC03_56248317,BnaC03g66430D
chrA02_148395,BnaA02g00400D
chrA02_4297057,BnaA02g08700D
chrA02_4297076,BnaA02g08700D
chrA02_6189847,BnaA02g11800D
chrA03_6207716,BnaA03g13590D
chrA04_8598501,BnaA04g09610D
chrA04_8598527,BnaA04g09610D
chrA04_8598571,BnaA04g09610D
chrA04_8614460,BnaA04g09620D
chrA04_8614520,BnaA04g09620D
chrA04_8728252,BnaA04g09730D
chrA04_8787736,BnaA04g09820D
chrA04_9235651,BnaA04g10500D
chrA04_9345701,BnaA04g10640D
chrA04_9867212,BnaA04g11340D
chrA04_9874463,BnaA04g11360D
chrA10_15343406,BnaA10g23060D
chrA10_15798945,BnaA10g24110D
chrA10_15803694,BnaA10g24120D
chrA10_15803949,BnaA10g24120D
chrA10_15803962,BnaA10g24120D
chrA10_15803969,BnaA10g24120D
chrA10_15805017,BnaA10g24130D
chrA10_15805395,BnaA10g24130D
chrA07_15870280,BnaA07g20100D
chrA10_15919099,BnaA10g24370D
chrA10_15940015,BnaA10g24440D
chrA10_15940027,BnaA10g24440D
chrA10_15946523,BnaA10g24460D
chrA10_15949566,BnaA10g24470D
chrA10_15949636,BnaA10g24470D
chrA05_20272171,BnaA05g28580D
chrA02_21890868,BnaA02g30200D
chrA02_21891067,BnaA02g30200D
chrA09_25659011,BnaA09g35190D
chrA09_25802773,BnaA09g35350D
chrA09_25802853,BnaA09g35350D
chrA09_25805610,BnaA09g35360D
chrA09_25993387,BnaA09g35620D
chrA09_26003637,BnaA09g35640D
chrA09_26003697,BnaA09g35640D
chrA09_26003748,BnaA09g35640D
chrA09_26036082,BnaA09g35710D
chrA09_26061987,BnaA09g35760D
chrA09_26074878,BnaA09g35800D
chrC09_37204120,BnaC09g33940D
chrC09_45818690,BnaC09g45500D
chrC09_45819446,BnaC09g45500D
chrC09_45820144,BnaC09g45500D
chrC09_45820199,BnaC09g45500D
chrC09_45820220,BnaC09g45500D
chrC09_45820230,BnaC09g45500D
chrC09_45820247,BnaC09g45500D
chrC09_45820328,BnaC09g45500D
chrC09_45828690,BnaC09g45520D
chrC09_45905342,BnaC09g45700D
chrC09_47466367,BnaC09g48740D
chrC09_47609629,BnaC09g49040D
chrC08_412395,BnaC08g00540D
chrC08_412410,BnaC08g00540D
chrC08_412450,BnaC08g00540D
chrC08_412474,BnaC08g00540D
chrC08_412510,BnaC08g00540D
chrC09_1331623,BnaC09g02350D
chrC09_1405956,BnaC09g02470D
chrC09_1412560,BnaC09g02500D
chrC09_1426667,BnaC09g02530D
chrA09_1483102,BnaA09g02940D
chrA09_1564765,BnaA09g03080D
chrA09_1587011,BnaA09g03130D
chrA09_1610871,BnaA09g03190D
chrA09_1735199,BnaA09g03360D
chrC09_1740432,BnaC09g03070D
chrA09_1781268,BnaA09g03490D
chrA09_1791940,BnaA09g03520D
chrA09_1792081,BnaA09g03520D
chrA09_1792285,BnaA09g03520D
chrA09_1792556,BnaA09g03520D
chrA09_1792668,BnaA09g03520D
chrA09_1797976,BnaA09g03540D
chrA09_1797982,BnaA09g03540D
chrA09_1798306,BnaA09g03540D
chrA09_1799111,BnaA09g03540D
chrA09_1799377,BnaA09g03540D
chrA09_1831248,BnaA09g03630D
chrA09_1831913,BnaA09g03630D
chrA09_1841288,BnaA09g03650D
chrA09_1847261,BnaA09g03670D
chrA09_1852825,BnaA09g03690D
chrA09_1852943,BnaA09g03690D
chrA09_1856115,BnaA09g03700D
chrA09_1872062,BnaA09g03720D
chrA09_1872399,BnaA09g03720D
chrA09_1881947,BnaA09g03730D
chrA09_1881957,BnaA09g03730D
chrA09_1882172,BnaA09g03730D
chrA09_1882232,BnaA09g03730D
chrA09_1882475,BnaA09g03730D
chrA09_1882531,BnaA09g03730D
chrA09_1882563,BnaA09g03730D
chrA09_1882727,BnaA09g03730D
chrA09_1882761,BnaA09g03730D
chrA09_1885737,BnaA09g03740D
chrA09_1898628,BnaA09g03770D
chrA09_1898767,BnaA09g03770D
chrA09_1900280,BnaA09g03770D
chrA09_1900304,BnaA09g03770D
chrA09_1900807,BnaA09g03780D
chrA09_1910191,BnaA09g03790D
chrA09_1910874,BnaA09g03790D
chrA09_1911811,BnaA09g03790D
chrA09_1917022,BnaA09g03810D
chrA09_1917036,BnaA09g03810D
chrA09_1917215,BnaA09g03810D
chrA09_1917447,BnaA09g03810D
chrA09_1917492,BnaA09g03810D
chrA09_1917501,BnaA09g03810D
chrA09_1917711,BnaA09g03810D
chrA09_1919367,BnaA09g03820D
chrA09_1919565,BnaA09g03820D
chrA09_1920010,BnaA09g03820D
chrA09_1920020,BnaA09g03820D
chrA09_1920470,BnaA09g03820D
chrA09_1920990,BnaA09g03820D
chrA09_1928995,BnaA09g03860D
chrA09_1929295,BnaA09g03860D
chrA09_1930475,BnaA09g03860D
chrA09_1940366,BnaA09g03880D
chrA09_1940824,BnaA09g03880D
chrA09_1942064,BnaA09g03880D
chrA09_1942123,BnaA09g03880D
chrA09_1943991,BnaA09g03890D
chrA09_1944165,BnaA09g03890D
chrA09_1945431,BnaA09g03890D
chrA09_1945539,BnaA09g03890D
chrA09_1945665,BnaA09g03890D
chrA09_1970121,BnaA09g03940D
chrA09_1970130,BnaA09g03940D
chrA09_1970136,BnaA09g03940D
chrA09_2007816,BnaA09g04020D
chrA09_2008980,BnaA09g04030D
chrA09_2009584,BnaA09g04030D
chrA09_2026228,BnaA09g04050D
chrA09_2026243,BnaA09g04050D
chrA09_2026266,BnaA09g04050D
chrA09_2026858,BnaA09g04050D
chrA09_2028685,BnaA09g04050D
chrA09_2028698,BnaA09g04050D
chrA09_2028715,BnaA09g04050D
chrA09_2028727,BnaA09g04050D
chrA09_2028779,BnaA09g04050D
chrA09_2028811,BnaA09g04050D
chrA09_2029012,BnaA09g04050D
chrA09_2029954,BnaA09g04060D
chrA09_2030100,BnaA09g04060D
chrA09_2030348,BnaA09g04060D
chrA09_2030573,BnaA09g04060D
chrA09_2030938,BnaA09g04060D
chrA09_2031500,BnaA09g04060D
chrA09_2031523,BnaA09g04060D
chrA09_2031676,BnaA09g04060D
chrA09_2031921,BnaA09g04060D
chrA09_2032044,BnaA09g04060D
chrA09_2032211,BnaA09g04060D
chrA09_2032217,BnaA09g04060D
chrA09_2032349,BnaA09g04060D
chrA09_2032385,BnaA09g04060D
chrA09_2032433,BnaA09g04060D
chrA09_2032439,BnaA09g04060D
chrA09_2032490,BnaA09g04060D
chrA09_2032526,BnaA09g04060D
chrA09_2032650,BnaA09g04060D
chrA09_2032724,BnaA09g04060D
chrA09_2033151,BnaA09g04060D
chrA09_2033208,BnaA09g04060D
chrA09_2033279,BnaA09g04060D
chrA09_2033893,BnaA09g04060D
chrA09_2036235,BnaA09g04070D
chrA09_2036433,BnaA09g04070D
chrA09_2036595,BnaA09g04070D
chrA09_2037419,BnaA09g04070D
chrA09_2037441,BnaA09g04070D
chrA09_2038236,BnaA09g04070D
chrA09_2040292,BnaA09g04080D
chrA09_2051636,BnaA09g04100D
chrA09_2053538,BnaA09g04100D
chrA09_2053586,BnaA09g04100D
chrA09_2053604,BnaA09g04100D
chrA09_2074433,BnaA09g04160D
chrA09_2074525,BnaA09g04160D
chrA09_2094480,BnaA09g04240D
chrA09_2094768,BnaA09g04240D
chrA09_2094802,BnaA09g04240D
chrA09_2094969,BnaA09g04240D
chrA09_2103900,BnaA09g04260D
chrA09_2103921,BnaA09g04260D
chrA09_2111975,BnaA09g04280D
chrC09_2120602,BnaC09g03730D
chrA09_2137094,BnaA09g04350D
chrA09_2140030,BnaA09g04370D
chrA09_2140036,BnaA09g04370D
chrA09_2140234,BnaA09g04370D
chrA09_2143125,BnaA09g04380D
chrA09_2143156,BnaA09g04380D
chrA09_2143187,BnaA09g04380D
chrA09_2143266,BnaA09g04380D
chrA09_2143314,BnaA09g04380D
chrA09_2143957,BnaA09g04380D
chrA09_2144030,BnaA09g04380D
chrA09_2144092,BnaA09g04380D
chrC09_2144546,BnaC09g03790D
chrA09_2145116,BnaA09g04380D
chrA09_2145173,BnaA09g04380D
chrA09_2145192,BnaA09g04380D
chrA09_2150059,BnaA09g04400D
chrA09_2151041,BnaA09g04400D
chrA09_2151171,BnaA09g04400D
chrA09_2151434,BnaA09g04400D
chrA09_2151591,BnaA09g04400D
chrA09_2153510,BnaA09g04400D
chrA09_2153537,BnaA09g04400D
chrA09_2153893,BnaA09g04400D
chrA09_2153902,BnaA09g04400D
chrA09_2156769,BnaA09g04410D
chrA09_2156811,BnaA09g04410D
chrA09_2170992,BnaA09g04430D
chrA09_2171015,BnaA09g04430D
chrA09_2171175,BnaA09g04430D
chrA09_2171205,BnaA09g04430D
chrA09_2171377,BnaA09g04430D
chrA09_2171498,BnaA09g04430D
chrA09_2177587,BnaA09g04440D
chrA09_2177599,BnaA09g04440D
chrA09_2179653,BnaA09g04450D
chrA09_2180111,BnaA09g04450D
chrA09_2180539,BnaA09g04450D
chrA09_2185727,BnaA09g04460D
chrA09_2186223,BnaA09g04460D
chrA09_2186262,BnaA09g04460D
chrA09_2186793,BnaA09g04460D
chrA09_2186854,BnaA09g04460D
chrA09_2186998,BnaA09g04460D
chrA09_2187064,BnaA09g04460D
chrA09_2196435,BnaA09g04470D
chrA09_2204556,BnaA09g04480D
chrA09_2204602,BnaA09g04480D
chrA09_2204719,BnaA09g04480D
chrA09_2205076,BnaA09g04480D
chrA09_2205153,BnaA09g04480D
chrA09_2205171,BnaA09g04480D
chrA09_2205538,BnaA09g04480D
chrA09_2205727,BnaA09g04480D
chrA09_2205905,BnaA09g04480D
chrA09_2210400,BnaA09g04490D
chrA09_2210486,BnaA09g04490D
chrA09_2211905,BnaA09g04500D
chrA09_2212460,BnaA09g04500D
chrA09_2212526,BnaA09g04500D
chrA09_2213007,BnaA09g04500D
chrA09_2213539,BnaA09g04500D
chrA09_2213590,BnaA09g04500D
chrA09_2213626,BnaA09g04500D
chrA09_2213650,BnaA09g04500D
chrA09_2213863,BnaA09g04500D
chrA09_2228383,BnaA09g04520D
chrA09_2228938,BnaA09g04520D
chrA09_2228953,BnaA09g04520D
chrA09_2229232,BnaA09g04520D
chrA09_2229404,BnaA09g04520D
chrA09_2229718,BnaA09g04520D
chrA09_2232453,BnaA09g04530D
chrA09_2232476,BnaA09g04530D
chrA09_2233926,BnaA09g04530D
chrA09_2237834,BnaA09g04540D
chrA09_2242010,BnaA09g04550D
chrA09_2242031,BnaA09g04550D
chrA09_2242162,BnaA09g04550D
chrA09_2242184,BnaA09g04550D
chrA09_2242948,BnaA09g04550D
chrA09_2242971,BnaA09g04550D
chrA09_2242998,BnaA09g04550D
chrA09_2244166,BnaA09g04560D
chrA09_2244342,BnaA09g04560D
chrA09_2245024,BnaA09g04560D
chrA09_2245280,BnaA09g04560D
chrA09_2245981,BnaA09g04560D
chrA09_2246740,BnaA09g04560D
chrA09_2246819,BnaA09g04560D
chrA09_2246837,BnaA09g04560D
chrA09_2246851,BnaA09g04560D
chrA09_2246892,BnaA09g04560D
chrA09_2246904,BnaA09g04560D
chrA09_2247091,BnaA09g04560D
chrA09_2247312,BnaA09g04560D
chrA09_2247824,BnaA09g04560D
chrA09_2248229,BnaA09g04560D
chrA09_2248305,BnaA09g04560D
chrA09_2248317,BnaA09g04560D
chrA09_2248343,BnaA09g04560D
chrA09_2248353,BnaA09g04560D
chrA09_2248371,BnaA09g04560D
chrA09_2248392,BnaA09g04560D
chrA09_2248437,BnaA09g04560D
chrA09_2248469,BnaA09g04560D
chrA09_2248710,BnaA09g04560D
chrA09_2249736,BnaA09g04560D
chrA09_2249786,BnaA09g04560D
chrA09_2249861,BnaA09g04560D
chrA09_2249867,BnaA09g04560D
chrA09_2249889,BnaA09g04560D
chrA09_2250080,BnaA09g04560D
chrA09_2250121,BnaA09g04560D
chrA09_2250128,BnaA09g04560D
chrA09_2250373,BnaA09g04560D
chrA09_2250391,BnaA09g04560D
chrA09_2250421,BnaA09g04560D
chrA09_2250483,BnaA09g04560D
chrA09_2257210,BnaA09g04580D
chrA09_2264485,BnaA09g04600D
chrA09_2264748,BnaA09g04600D
chrA09_2264825,BnaA09g04600D
chrA09_2264856,BnaA09g04600D
chrA09_2265023,BnaA09g04600D
chrA09_2266058,BnaA09g04600D
chrA09_2266088,BnaA09g04600D
chrA09_2266193,BnaA09g04600D
chrA09_2266344,BnaA09g04600D
chrA09_2270467,BnaA09g04610D
chrA09_2321920,BnaA09g04720D
chrA09_2366480,BnaA09g04800D
chrA09_2366542,BnaA09g04800D
chrA09_2366559,BnaA09g04800D
chrA09_2371059,BnaA09g04800D
chrA09_2371091,BnaA09g04800D
chrC09_2373044,BnaC09g04180D
chrA09_2385198,BnaA09g04840D
chrA09_2385240,BnaA09g04840D
chrA09_2385254,BnaA09g04840D
chrA09_2385342,BnaA09g04840D
chrA09_2385350,BnaA09g04840D
chrA09_2385356,BnaA09g04840D
chrA09_2385383,BnaA09g04840D
chrA09_2385435,BnaA09g04840D
chrA09_2385460,BnaA09g04840D
chrC09_2386130,BnaC09g04200D
chrA09_2392000,BnaA09g04860D
chrA09_2401096,BnaA09g04870D
chrA09_2417165,BnaA09g04910D
chrA09_2417288,BnaA09g04910D
chrA09_2417516,BnaA09g04910D
chrA09_2417819,BnaA09g04910D
chrA09_2417861,BnaA09g04910D
chrA09_2418184,BnaA09g04910D
chrA09_2419388,BnaA09g04920D
chrA09_2419470,BnaA09g04920D
chrA09_2430376,BnaA09g04930D
chrA09_2432589,BnaA09g04940D
chrA09_2437675,BnaA09g04960D
chrA09_2438463,BnaA09g04960D
chrA09_2447368,BnaA09g04970D
chrA09_2447557,BnaA09g04970D
chrA09_2447834,BnaA09g04970D
chrA09_2448113,BnaA09g04970D
chrA09_2452955,BnaA09g04980D
chrA09_2453623,BnaA09g04980D
chrA09_2454394,BnaA09g04980D
chrA09_2454753,BnaA09g04980D
chrA09_2455064,BnaA09g04980D
chrA09_2455288,BnaA09g04980D
chrA09_2455348,BnaA09g04980D
chrA09_2455449,BnaA09g04980D
chrA09_2455483,BnaA09g04980D
chrA09_2455489,BnaA09g04980D
chrA09_2455653,BnaA09g04980D
chrA09_2455681,BnaA09g04980D
chrA09_2455951,BnaA09g04980D
chrA09_2456051,BnaA09g04980D
chrA09_2456283,BnaA09g04980D
chrA09_2456490,BnaA09g04980D
chrA09_2456695,BnaA09g04980D
chrA09_2460379,BnaA09g04990D
chrA09_2460387,BnaA09g04990D
chrA09_2460478,BnaA09g04990D
chrA09_2460736,BnaA09g04990D
chrA09_2461827,BnaA09g04990D
chrA09_2461878,BnaA09g04990D
chrC09_2462587,BnaC09g04320D
chrC09_2462831,BnaC09g04320D
chrC09_2463035,BnaC09g04320D
chrA09_2464961,BnaA09g05000D
chrA09_2465251,BnaA09g05000D
chrA09_2465842,BnaA09g05000D
chrA09_2466080,BnaA09g05000D
chrC09_2466584,BnaC09g04330D
chrA09_2467111,BnaA09g05010D
chrA09_2468287,BnaA09g05020D
chrA09_2468960,BnaA09g05020D
chrA09_2469325,BnaA09g05020D
chrA09_2469352,BnaA09g05020D
chrA09_2469990,BnaA09g05020D
chrA09_2470030,BnaA09g05020D
chrA09_2470186,BnaA09g05020D
chrA09_2470192,BnaA09g05020D
chrA09_2477956,BnaA09g05050D
chrA09_2483311,BnaA09g05060D
chrA09_2483359,BnaA09g05060D
chrA09_2483425,BnaA09g05060D
chrA09_2483516,BnaA09g05060D
chrA09_2483532,BnaA09g05060D
chrA09_2483686,BnaA09g05060D
chrC09_2498352,BnaC09g04380D
chrA09_2501166,BnaA09g05080D
chrA09_2501268,BnaA09g05080D
chrA09_2503445,BnaA09g05090D
chrA09_2503458,BnaA09g05090D
chrA09_2503538,BnaA09g05090D
chrA09_2503550,BnaA09g05090D
chrA09_2503951,BnaA09g05090D
chrA09_2504044,BnaA09g05090D
chrA09_2504808,BnaA09g05100D
chrA09_2537811,BnaA09g05170D
chrA09_2542524,BnaA09g05180D
chrA09_2542536,BnaA09g05180D
chrA09_2542555,BnaA09g05180D
chrA09_2542662,BnaA09g05180D
chrA09_2542727,BnaA09g05180D
chrA09_2542788,BnaA09g05180D
chrA09_2543170,BnaA09g05180D
chrA09_2551915,BnaA09g05190D
chrA09_2552333,BnaA09g05190D
chrA09_2552412,BnaA09g05190D
chrA09_2552520,BnaA09g05190D
chrA09_2553477,BnaA09g05190D
chrA09_2553486,BnaA09g05190D
chrA09_2553495,BnaA09g05190D
chrA09_2556074,BnaA09g05200D
chrA09_2556129,BnaA09g05200D
chrA09_2559467,BnaA09g05200D
chrA09_2559634,BnaA09g05200D
chrA09_2561103,BnaA09g05200D
chrA09_2561110,BnaA09g05200D
chrA09_2561141,BnaA09g05200D
chrA09_2561256,BnaA09g05200D
chrA09_2561585,BnaA09g05200D
chrA09_2561593,BnaA09g05200D
chrA09_2561734,BnaA09g05200D
chrA09_2562218,BnaA09g05200D
chrA09_2562590,BnaA09g05200D
chrA09_2562608,BnaA09g05200D
chrA09_2562615,BnaA09g05200D
chrA09_2563828,BnaA09g05210D
chrA09_2563912,BnaA09g05210D
chrA09_2563957,BnaA09g05210D
chrA09_2603389,BnaA09g05310D
chrA09_2603433,BnaA09g05310D
chrC09_2603512,BnaC09g04540D
chrC09_2603518,BnaC09g04540D
chrC09_2603563,BnaC09g04540D
chrA09_2603692,BnaA09g05310D
chrA09_2603720,BnaA09g05310D
chrA09_2603832,BnaA09g05310D
chrC09_2603884,BnaC09g04540D
chrC09_2603892,BnaC09g04540D
chrC09_2603900,BnaC09g04540D
chrC09_2603916,BnaC09g04540D
chrC09_2603961,BnaC09g04540D
chrC09_2603967,BnaC09g04540D
chrC09_2603989,BnaC09g04540D
chrC09_2604015,BnaC09g04540D
chrC09_2604042,BnaC09g04540D
chrC09_2604087,BnaC09g04540D
chrC09_2604316,BnaC09g04540D
chrC09_2604522,BnaC09g04540D
chrC09_2604633,BnaC09g04540D
chrC09_2604684,BnaC09g04540D
chrC09_2611805,BnaC09g04550D
chrC09_2622688,BnaC09g04560D
chrA09_2629043,BnaA09g05380D
chrA09_2629062,BnaA09g05380D
chrA09_2629686,BnaA09g05380D
chrA09_2629869,BnaA09g05380D
chrA09_2630229,BnaA09g05380D
chrA09_2631814,BnaA09g05390D
chrA09_2632125,BnaA09g05390D
chrC09_2638877,BnaC09g04600D
chrC09_2639030,BnaC09g04600D
chrC09_2654554,BnaC09g04610D
chrA09_2666437,BnaA09g05420D
chrC09_2670818,BnaC09g04620D
chrC09_2670922,BnaC09g04620D
chrC09_2695298,BnaC09g04660D
chrC09_2767279,BnaC09g04770D
chrC09_2768081,BnaC09g04770D
chrC09_2768200,BnaC09g04770D
chrC09_2784632,BnaC09g04790D
chrC09_2784948,BnaC09g04790D
chrC09_2786446,BnaC09g04800D
chrC09_2806726,BnaC09g04850D
chrC09_2806967,BnaC09g04850D
chrA09_2829976,BnaA09g05800D
chrA09_2830134,BnaA09g05800D
chrA09_2830335,BnaA09g05800D
chrA09_2832511,BnaA09g05810D
chrA09_2832970,BnaA09g05810D
chrC09_2851514,BnaC09g04920D
chrC09_2851529,BnaC09g04920D
chrA09_2854346,BnaA09g05840D
chrA09_2973345,BnaA09g06100D
chrC09_3006575,BnaC09g05090D
chrA09_3034006,BnaA09g06180D
chrC09_3035783,BnaC09g05160D
chrA09_3065345,BnaA09g06200D
chrA09_3065588,BnaA09g06200D
chrA09_3065597,BnaA09g06200D
chrC09_3077464,BnaC09g05240D
chrC09_3077642,BnaC09g05240D
chrC09_3077648,BnaC09g05240D
chrC09_3077723,BnaC09g05240D
chrC09_3078110,BnaC09g05240D
chrC09_3078497,BnaC09g05240D
chrC09_3078701,BnaC09g05240D
chrC09_3078746,BnaC09g05240D
chrC09_3078756,BnaC09g05240D
chrC09_3078812,BnaC09g05240D
chrC09_3078854,BnaC09g05240D
chrC09_3078908,BnaC09g05240D
chrC09_3079166,BnaC09g05240D
chrC09_3079187,BnaC09g05240D
chrC09_3079229,BnaC09g05240D
chrC09_3079295,BnaC09g05240D
chrC09_3079319,BnaC09g05240D
chrC09_3079328,BnaC09g05240D
chrC09_3079478,BnaC09g05240D
chrC09_3079532,BnaC09g05240D
chrC09_3079604,BnaC09g05240D
chrC09_3079625,BnaC09g05240D
chrA09_3079625,BnaA09g06240D
chrC09_3079676,BnaC09g05240D
chrC09_3079736,BnaC09g05240D
chrC09_3079808,BnaC09g05240D
chrC09_3083577,BnaC09g05250D
chrC09_3083622,BnaC09g05250D
chrC09_3083666,BnaC09g05250D
chrC09_3083923,BnaC09g05250D
chrC09_3084001,BnaC09g05250D
chrC09_3084063,BnaC09g05250D
chrC09_3084129,BnaC09g05250D
chrC09_3084147,BnaC09g05250D
chrC09_3085252,BnaC09g05250D
chrC09_3085258,BnaC09g05250D
chrC09_3085330,BnaC09g05250D
chrC09_3085484,BnaC09g05250D
chrC09_3085670,BnaC09g05250D
chrC09_3085717,BnaC09g05250D
chrC09_3085738,BnaC09g05250D
chrC09_3086461,BnaC09g05260D
chrC09_3086780,BnaC09g05260D
chrC09_3086801,BnaC09g05260D
chrC09_3087438,BnaC09g05260D
chrA09_3087788,BnaA09g06260D
chrC09_3087870,BnaC09g05260D
chrC09_3087885,BnaC09g05260D
chrC09_3088420,BnaC09g05260D
chrC09_3088456,BnaC09g05260D
chrC09_3092483,BnaC09g05270D
chrC09_3092495,BnaC09g05270D
chrC09_3092648,BnaC09g05270D
chrC09_3092731,BnaC09g05270D
chrC09_3093001,BnaC09g05270D
chrC09_3093556,BnaC09g05270D
chrC09_3093805,BnaC09g05270D
chrC09_3093814,BnaC09g05270D
chrC09_3093868,BnaC09g05270D
chrC09_3094025,BnaC09g05270D
chrC09_3094363,BnaC09g05270D
chrC09_3095037,BnaC09g05280D
chrC09_3099791,BnaC09g05290D
chrC09_3100328,BnaC09g05300D
chrC09_3100669,BnaC09g05300D
chrC09_3100675,BnaC09g05300D
chrC09_3104261,BnaC09g05310D
chrC09_3104279,BnaC09g05310D
chrC09_3104339,BnaC09g05310D
chrC09_3104376,BnaC09g05310D
chrC09_3123158,BnaC09g05320D
chrC09_3123401,BnaC09g05320D
chrC09_3123496,BnaC09g05320D
chrC09_3123752,BnaC09g05320D
chrC09_3123821,BnaC09g05320D
chrA09_3718475,BnaA09g07560D
chrA09_3821677,BnaA09g07860D
chrC09_3893913,BnaC09g06450D
chrC06_10821980,BnaC06g09120D
chrC06_10822010,BnaC06g09120D
chrC06_10822061,BnaC06g09120D
chrC06_10822094,BnaC06g09120D
chrC06_10822105,BnaC06g09120D
chrC06_10822117,BnaC06g09120D
chrC06_10822163,BnaC06g09120D
chrC06_10822248,BnaC06g09120D
chrC06_10822302,BnaC06g09120D
chrC06_10822401,BnaC06g09120D
chrC06_10822491,BnaC06g09120D
chrC06_10822530,BnaC06g09120D
chrC06_10822578,BnaC06g09120D
chrC06_10822635,BnaC06g09120D
chrC06_10823298,BnaC06g09120D
chrC07_15042089,BnaC07g09650D
chrC05_16129714,BnaC05g22270D
chrA02_22946359,BnaA02g31860D
chrA02_23675906,BnaA02g33060D
chrA02_23675946,BnaA02g33060D
chrA02_23675965,BnaA02g33060D
chrA02_23675995,BnaA02g33060D
chrA02_23676030,BnaA02g33060D
chrA02_23676091,BnaA02g33060D
chrA02_23676101,BnaA02g33060D
chrA02_23676129,BnaA02g33060D
chrA02_23676387,BnaA02g33060D
chrA02_23676854,BnaA02g33060D
chrA02_23676946,BnaA02g33060D
chrA02_23677007,BnaA02g33060D
chrA02_23677154,BnaA02g33060D
chrA02_23677838,BnaA02g33060D
chrA02_23679029,BnaA02g33060D
chrA02_23679120,BnaA02g33060D
chrA02_23679616,BnaA02g33060D
chrA02_23681273,BnaA02g33070D
chrA02_23681979,BnaA02g33070D
chrA02_23682071,BnaA02g33070D
chrA02_23682369,BnaA02g33070D
chrA02_23682647,BnaA02g33070D
chrA02_23682863,BnaA02g33070D
chrA02_23682887,BnaA02g33070D
chrA02_23682937,BnaA02g33070D
chrA02_23683212,BnaA02g33070D
chrA02_23683247,BnaA02g33070D
chrA02_23683484,BnaA02g33070D
chrA02_23683660,BnaA02g33070D
chrA02_23684223,BnaA02g33070D
chrA02_23686398,BnaA02g33070D
chrA02_23698590,BnaA02g33100D
chrA02_23698614,BnaA02g33100D
chrA02_23698645,BnaA02g33100D
chrA02_23699104,BnaA02g33100D
chrA02_23699188,BnaA02g33100D
chrA02_23699397,BnaA02g33100D
chrA02_23699733,BnaA02g33100D
chrA02_23700274,BnaA02g33100D
chrA02_23700301,BnaA02g33100D
chrA02_23700890,BnaA02g33100D
chrA02_23700909,BnaA02g33100D
chrA02_23701015,BnaA02g33100D
chrA02_23701203,BnaA02g33100D
chrA02_23701210,BnaA02g33100D
chrA02_23701336,BnaA02g33100D
chrA02_23701351,BnaA02g33100D
chrA02_23701441,BnaA02g33100D
chrA02_23701459,BnaA02g33100D
chrA02_23701698,BnaA02g33100D
chrA02_23701738,BnaA02g33100D
chrA02_23701976,BnaA02g33100D
chrA02_23702056,BnaA02g33100D
chrA02_23702079,BnaA02g33100D
chrA02_23704853,BnaA02g33110D
chrA02_23705768,BnaA02g33110D
chrA02_23705886,BnaA02g33110D
chrA02_23705916,BnaA02g33110D
chrA02_23705934,BnaA02g33110D
chrA02_23706175,BnaA02g33110D
chrA02_23706629,BnaA02g33110D
chrA02_23706694,BnaA02g33110D
chrA02_23707346,BnaA02g33110D
chrA02_23707923,BnaA02g33110D
chrA02_23708175,BnaA02g33110D
chrA02_23718056,BnaA02g33120D
chrA02_23721501,BnaA02g33130D
chrA02_23721876,BnaA02g33130D
chrA02_23721972,BnaA02g33130D
chrA02_23722068,BnaA02g33130D
chrA02_23722077,BnaA02g33130D
chrA02_23722563,BnaA02g33130D
chrA02_23722581,BnaA02g33130D
chrA02_23722590,BnaA02g33130D
chrA02_23722974,BnaA02g33130D
chrA02_23723285,BnaA02g33130D
chrA02_23723346,BnaA02g33130D
chrA02_23723397,BnaA02g33130D
chrA02_23723410,BnaA02g33130D
chrA02_23737036,BnaA02g33170D
chrA02_23737148,BnaA02g33170D
chrA02_23737271,BnaA02g33170D
chrA02_23737333,BnaA02g33170D
chrA02_23737356,BnaA02g33170D
chrA02_23737512,BnaA02g33170D
chrA02_23737571,BnaA02g33170D
chrA02_23737588,BnaA02g33170D
chrA02_23737798,BnaA02g33170D
chrA02_23738186,BnaA02g33170D
chrA02_23738232,BnaA02g33170D
chrA02_23738326,BnaA02g33170D
chrA02_23738418,BnaA02g33170D
chrA02_23753300,BnaA02g33180D
chrA02_23753365,BnaA02g33180D
chrA02_23753580,BnaA02g33180D
chrA02_23754362,BnaA02g33180D
chrA02_23754377,BnaA02g33180D
chrA02_23754434,BnaA02g33180D
chrA02_23755024,BnaA02g33180D
chrA02_23755246,BnaA02g33180D
chrA02_23758150,BnaA02g33190D
chrA02_23758173,BnaA02g33190D
chrA02_23758456,BnaA02g33190D
chrA02_23758621,BnaA02g33190D
chrA02_23758681,BnaA02g33190D
chrA02_23759242,BnaA02g33190D
chrA02_23766531,BnaA02g33200D
chrA02_23766768,BnaA02g33200D
chrA02_23766804,BnaA02g33200D
chrA02_23766812,BnaA02g33200D
chrA02_23782166,BnaA02g33220D
chrA02_23782205,BnaA02g33220D
chrA02_23787414,BnaA02g33230D
chrA02_23787420,BnaA02g33230D
chrA02_23787457,BnaA02g33230D
chrA02_23787959,BnaA02g33230D
chrA02_23787976,BnaA02g33230D
chrA02_23789714,BnaA02g33230D
chrA02_23789944,BnaA02g33230D
chrA02_23790102,BnaA02g33230D
chrA02_23790808,BnaA02g33240D
chrA02_23797118,BnaA02g33260D
chrA02_23797193,BnaA02g33260D
chrA02_23800560,BnaA02g33270D
chrA02_23802691,BnaA02g33290D
chrA02_23886254,BnaA02g33320D
chrA02_23886424,BnaA02g33320D
chrA02_23887003,BnaA02g33320D
chrA02_23887415,BnaA02g33320D
chrA02_23887430,BnaA02g33320D
chrA02_23887484,BnaA02g33320D
chrA02_23887505,BnaA02g33320D
chrA02_23887676,BnaA02g33320D
chrA02_23887881,BnaA02g33320D
chrA02_23888824,BnaA02g33330D
chrA02_23908248,BnaA02g33360D
chrA02_23908276,BnaA02g33360D
chrA02_23908291,BnaA02g33360D
chrA02_23908334,BnaA02g33360D
chrA02_23908392,BnaA02g33360D
chrA02_23908401,BnaA02g33360D
chrA02_23908928,BnaA02g33360D
chrA02_23908964,BnaA02g33360D
chrA02_23909077,BnaA02g33360D
chrA02_23909139,BnaA02g33360D
chrA02_23909155,BnaA02g33360D
chrA02_23909168,BnaA02g33360D
chrA02_23909238,BnaA02g33360D
chrA02_23909412,BnaA02g33360D
chrA02_23909457,BnaA02g33360D
chrA02_23909465,BnaA02g33360D
chrA02_23909489,BnaA02g33360D
chrA02_23909580,BnaA02g33360D
chrA02_23909626,BnaA02g33360D
chrA02_23909731,BnaA02g33360D
chrA02_23909761,BnaA02g33360D
chrA02_23909805,BnaA02g33360D
chrA02_23909839,BnaA02g33360D
chrA02_23909847,BnaA02g33360D
chrA02_23909865,BnaA02g33360D
chrA02_23909913,BnaA02g33360D
chrA02_23909968,BnaA02g33360D
chrA02_23910008,BnaA02g33360D
chrA02_23910023,BnaA02g33360D
chrA02_23910030,BnaA02g33360D
chrA02_23910102,BnaA02g33360D
chrA02_23910132,BnaA02g33360D
chrA02_23910265,BnaA02g33360D
chrA02_23910298,BnaA02g33360D
chrA02_23910305,BnaA02g33360D
chrA02_23910345,BnaA02g33360D
chrA02_23915580,BnaA02g33370D
chrA02_23915694,BnaA02g33370D
chrA02_23923832,BnaA02g33380D
chrA02_23924018,BnaA02g33380D
chrA02_23924024,BnaA02g33380D
chrA02_23924432,BnaA02g33380D
chrA02_23944401,BnaA02g33390D
chrA02_23944545,BnaA02g33390D
chrA02_23944561,BnaA02g33390D
chrA02_23944762,BnaA02g33390D
chrA02_23944911,BnaA02g33390D
chrA02_23963704,BnaA02g33410D
chrA02_23963779,BnaA02g33410D
chrA02_23964025,BnaA02g33410D
chrA02_23964073,BnaA02g33410D
chrA02_23964083,BnaA02g33410D
chrA02_23964091,BnaA02g33410D
chrA02_23964353,BnaA02g33410D
chrA02_23964389,BnaA02g33410D
chrA02_23964693,BnaA02g33410D
chrA02_23980207,BnaA02g33420D
chrA02_23980216,BnaA02g33420D
chrA02_23991190,BnaA02g33440D
chrA02_23996005,BnaA02g33460D
chrA02_23998690,BnaA02g33470D
chrA02_23998834,BnaA02g33470D
chrA02_23999505,BnaA02g33470D
chrA02_24000220,BnaA02g33480D
chrA02_24001137,BnaA02g33480D
chrA02_24001215,BnaA02g33480D
chrC03_24261021,BnaC03g39270D
chrC03_24261036,BnaC03g39270D
chrC03_24261181,BnaC03g39270D
chrC03_24261824,BnaC03g39270D
chrC03_24262861,BnaC03g39270D
chrC03_24263403,BnaC03g39270D
chrC03_24263421,BnaC03g39270D
chrC03_24263428,BnaC03g39270D
chrC03_24263445,BnaC03g39270D
chrC03_24263497,BnaC03g39270D
chrC03_24263555,BnaC03g39270D
chrC03_24263595,BnaC03g39270D
chrC03_24263843,BnaC03g39270D
chrC03_24263885,BnaC03g39270D
chrC03_24264074,BnaC03g39270D
chrC03_24264090,BnaC03g39270D
chrC03_24264137,BnaC03g39270D
chrC03_24264286,BnaC03g39270D
chrC03_24264305,BnaC03g39270D
chrC03_24264366,BnaC03g39270D
chrC03_24264586,BnaC03g39270D
chrC03_24264917,BnaC03g39270D
chrC03_24265012,BnaC03g39270D
chrC01_25241443,BnaC01g27610D
chrC01_25241473,BnaC01g27610D
chrC01_25241528,BnaC01g27610D
chrC01_25241939,BnaC01g27610D
chrC07_35233600,BnaC07g30950D
chrC07_35289326,BnaC07g31060D
chrC02_42583938,BnaC02g39680D
chrC02_42703280,BnaC02g39760D
chrC02_42707430,BnaC02g39760D
chrC02_42707450,BnaC02g39760D
chrC02_42743604,BnaC02g39830D
chrC02_42743714,BnaC02g39830D
chrC02_42743735,BnaC02g39830D
chrC02_43082204,BnaC02g40260D
chrC02_43084854,BnaC02g40270D
chrC02_43084932,BnaC02g40270D
chrC02_43084987,BnaC02g40270D
chrC02_43100536,BnaC02g40310D
chrC02_43101119,BnaC02g40310D
chrC02_43101235,BnaC02g40310D
chrC02_43290216,BnaC02g40340D
chrC02_43291712,BnaC02g40340D
chrC02_43297671,BnaC02g40370D
chrC02_43297769,BnaC02g40370D
chrC02_43297776,BnaC02g40370D
chrC02_43297874,BnaC02g40370D
chrC02_43298092,BnaC02g40370D
chrC02_43299035,BnaC02g40370D
chrC02_43345886,BnaC02g40400D
chrC02_43362622,BnaC02g40410D
chrC02_43362664,BnaC02g40410D
chrC02_43362737,BnaC02g40410D
chrC02_43362769,BnaC02g40410D
chrC02_43363300,BnaC02g40410D
chrC02_43382378,BnaC02g40430D
chrC02_43392269,BnaC02g40450D
chrC02_43392355,BnaC02g40450D
chrC02_43509878,BnaC02g40470D
chrC02_43509943,BnaC02g40470D
chrC02_43510036,BnaC02g40470D
chrC02_43510042,BnaC02g40470D
chrC02_43510073,BnaC02g40470D
chrC02_43515010,BnaC02g40480D
chrC02_43515295,BnaC02g40480D
chrC02_43547007,BnaC02g40520D
chrC02_43790830,BnaC02g40760D
chrC02_43802171,BnaC02g40790D
chrC02_43802294,BnaC02g40790D
chrC02_43920955,BnaC02g40920D
chrC02_43921029,BnaC02g40920D
chrC02_43925418,BnaC02g40930D
chrC02_43933241,BnaC02g40950D
chrC02_43933336,BnaC02g40950D
chrC02_43948329,BnaC02g40970D
chrC02_44013705,BnaC02g41020D
chrC02_44013732,BnaC02g41020D
chrC02_44034341,BnaC02g41040D
chrC02_44038780,BnaC02g41040D
chrC02_44039589,BnaC02g41040D
chrC02_44039616,BnaC02g41040D
chrC02_44039648,BnaC02g41040D
chrC02_44039692,BnaC02g41040D
chrC02_44058411,BnaC02g41070D
chrC02_44058795,BnaC02g41070D
chrC02_44059442,BnaC02g41070D
chrC02_44061288,BnaC02g41080D
chrC02_44061501,BnaC02g41080D
chrC02_44065788,BnaC02g41090D
chrC02_44066902,BnaC02g41090D
chrC02_44066951,BnaC02g41090D
chrC02_44067133,BnaC02g41090D
chrC02_44080520,BnaC02g41130D
chrC02_44081230,BnaC02g41130D
chrC02_44081425,BnaC02g41130D
chrC02_44082128,BnaC02g41130D
chrC02_44114415,BnaC02g41190D
chrC02_44114469,BnaC02g41190D
chrC02_44116223,BnaC02g41200D
chrC02_44116810,BnaC02g41200D
chrC02_44118775,BnaC02g41200D
chrC02_44118828,BnaC02g41200D
chrC02_44119002,BnaC02g41200D
chrC02_44119098,BnaC02g41200D
chrC02_44119367,BnaC02g41200D
chrC02_44119530,BnaC02g41200D
chrC02_44119882,BnaC02g41200D
chrC02_44120175,BnaC02g41200D
chrC02_44120642,BnaC02g41200D
chrC02_44120849,BnaC02g41200D
chrC02_44121035,BnaC02g41200D
chrC02_44121341,BnaC02g41200D
chrC02_44121750,BnaC02g41200D
chrC02_44139890,BnaC02g41210D
chrC02_44139948,BnaC02g41210D
chrC02_44139956,BnaC02g41210D
chrC02_44139996,BnaC02g41210D
chrC02_44140077,BnaC02g41210D
chrC02_44140112,BnaC02g41210D
chrC02_44140173,BnaC02g41210D
chrC02_44140302,BnaC02g41210D
chrC02_44143559,BnaC02g41220D
chrC02_44143677,BnaC02g41220D
chrC02_44143797,BnaC02g41220D
chrC02_44143806,BnaC02g41220D
chrC02_44143879,BnaC02g41220D
chrC02_44144052,BnaC02g41220D
chrC02_44144067,BnaC02g41220D
chrC02_44144607,BnaC02g41220D
chrC02_44144711,BnaC02g41220D
chrC02_44144815,BnaC02g41220D
chrC02_44144826,BnaC02g41220D
chrC02_44144898,BnaC02g41220D
chrC02_44144909,BnaC02g41220D
chrC02_44145498,BnaC02g41240D
chrC02_44145579,BnaC02g41240D
chrC02_44244358,BnaC02g41330D
chrC02_44244636,BnaC02g41340D
chrC02_44268789,BnaC02g41360D
chrC02_44354226,BnaC02g41450D
chrC02_44363309,BnaC02g41470D
chrC02_44364100,BnaC02g41470D
chrC02_44364478,BnaC02g41470D
chrC02_44368901,BnaC02g41490D
chrC02_44370935,BnaC02g41500D
chrC02_44378225,BnaC02g41510D
chrC02_44403592,BnaC02g41550D
chrC02_44404289,BnaC02g41550D
chrC02_44409920,BnaC02g41560D
chrC02_44409968,BnaC02g41560D
chrC02_44410298,BnaC02g41560D
chrC02_44417297,BnaC02g41580D
chrC02_44421757,BnaC02g41590D
chrC02_44421782,BnaC02g41590D
chrC02_44422727,BnaC02g41600D
chrC02_44422782,BnaC02g41600D
chrC02_44423950,BnaC02g41600D
chrC02_44425002,BnaC02g41610D
chrC02_44425385,BnaC02g41610D
chrC02_44425533,BnaC02g41610D
chrC02_44425543,BnaC02g41610D
chrC02_44430215,BnaC02g41620D
chrC02_44431387,BnaC02g41620D
chrC02_44431536,BnaC02g41620D
chrC02_44431574,BnaC02g41620D
chrC02_44431682,BnaC02g41620D
chrC02_44431699,BnaC02g41620D
chrC02_44432963,BnaC02g41620D
chrC02_44434853,BnaC02g41630D
chrC02_44499434,BnaC02g41710D
chrC02_44500890,BnaC02g41710D
chrC02_44500922,BnaC02g41710D
chrC02_44500938,BnaC02g41710D
chrC02_44501373,BnaC02g41710D
chrC02_44501582,BnaC02g41710D
chrC02_44502413,BnaC02g41710D
chrC02_44507335,BnaC02g41730D
chrC02_44507662,BnaC02g41730D
chrC02_44507722,BnaC02g41730D
chrC02_44507835,BnaC02g41730D
chrC02_44507877,BnaC02g41730D
chrC02_44507944,BnaC02g41730D
chrC02_44508227,BnaC02g41730D
chrC02_44508278,BnaC02g41730D
chrC02_44508341,BnaC02g41730D
chrC02_44508402,BnaC02g41730D
chrC02_44508419,BnaC02g41730D
chrC02_44508474,BnaC02g41730D
chrC02_44508505,BnaC02g41730D
chrC02_44508784,BnaC02g41730D
chrC02_44508846,BnaC02g41730D
chrC02_44508866,BnaC02g41730D
chrC02_44508977,BnaC02g41730D
chrC02_44509245,BnaC02g41730D
chrC02_44512141,BnaC02g41740D
chrC02_44512772,BnaC02g41740D
chrC02_44513246,BnaC02g41740D
chrC02_44513449,BnaC02g41740D
chrC02_44513631,BnaC02g41740D
chrC02_44516526,BnaC02g41750D
chrC02_44516552,BnaC02g41750D
chrC02_44771760,BnaC02g41930D
chrC02_44810488,BnaC02g41970D
chrC02_44810923,BnaC02g41970D
chrC02_44811206,BnaC02g41970D
chrC02_44811236,BnaC02g41970D
chrC02_44811303,BnaC02g41970D
chrC02_44811852,BnaC02g41970D
chrC02_44811906,BnaC02g41970D
chrC02_44812029,BnaC02g41970D
chrC02_44841985,BnaC02g42020D
chrC02_44842187,BnaC02g42020D
chrC02_44842279,BnaC02g42020D
chrC02_44842726,BnaC02g42020D
chrC02_44845811,BnaC02g42030D
chrC02_44853051,BnaC02g42040D
chrC02_44854392,BnaC02g42040D
chrC02_44858847,BnaC02g42070D
chrC02_44867259,BnaC02g42080D
chrC02_44874711,BnaC02g42100D
chrC02_44887367,BnaC02g42130D
chrC02_44926948,BnaC02g42250D
chrC02_44927722,BnaC02g42250D
chrC02_44929291,BnaC02g42250D
chrC02_44930081,BnaC02g42250D
chrC02_44930234,BnaC02g42250D
chrC02_44930351,BnaC02g42250D
chrC02_44930379,BnaC02g42250D
chrC02_44930484,BnaC02g42250D
chrC02_44930493,BnaC02g42250D
chrC02_44930545,BnaC02g42250D
chrC02_44932646,BnaC02g42260D
chrC02_44932706,BnaC02g42260D
chrC02_44933345,BnaC02g42260D
chrC02_44933369,BnaC02g42260D
chrC02_44966256,BnaC02g42290D
chrC02_44971612,BnaC02g42300D
chrC02_44972273,BnaC02g42300D
chrC02_44972296,BnaC02g42300D
chrC02_44972545,BnaC02g42300D
chrC02_44972729,BnaC02g42300D
chrC02_44972850,BnaC02g42300D
chrC02_44972933,BnaC02g42300D
chrC02_44976408,BnaC02g42310D
chrC02_44976444,BnaC02g42310D
chrC02_44976513,BnaC02g42310D
chrC02_44976639,BnaC02g42310D
chrC02_44976820,BnaC02g42310D
chrC02_44976847,BnaC02g42310D
chrC02_44977686,BnaC02g42320D
chrC02_44977812,BnaC02g42320D
chrC02_44977818,BnaC02g42320D
chrC02_44978182,BnaC02g42320D
chrC02_44979447,BnaC02g42320D
chrC02_44979485,BnaC02g42320D
chrC02_44979522,BnaC02g42320D
chrC02_44979531,BnaC02g42320D
chrC02_44979563,BnaC02g42320D
chrC02_44979829,BnaC02g42320D
chrC02_44979871,BnaC02g42320D
chrC02_44979936,BnaC02g42320D
chrC02_44980011,BnaC02g42320D
chrC02_44980085,BnaC02g42320D
chrC02_44980124,BnaC02g42320D
chrC02_44980171,BnaC02g42320D
chrC02_44980883,BnaC02g42320D
chrC02_44980978,BnaC02g42320D
chrC02_44980994,BnaC02g42320D
chrC02_44981186,BnaC02g42320D
chrC02_44981237,BnaC02g42320D
chrC02_44981282,BnaC02g42320D
chrC02_44981301,BnaC02g42320D
chrC02_44981866,BnaC02g42320D
chrC02_45003398,BnaC02g42340D
chrC02_45003409,BnaC02g42340D
chrC02_45004295,BnaC02g42340D
chrC02_45004568,BnaC02g42340D
chrC02_45018981,BnaC02g42350D
chrC02_45018987,BnaC02g42350D
chrC02_45019105,BnaC02g42350D
chrC02_45019162,BnaC02g42350D
chrC02_45019731,BnaC02g42350D
chrC02_45019804,BnaC02g42350D
chrC02_45020370,BnaC02g42350D
chrC02_45020516,BnaC02g42350D
chrC02_45020819,BnaC02g42350D
chrC02_45020846,BnaC02g42350D
chrC02_45020966,BnaC02g42350D
chrC02_45022196,BnaC02g42360D
chrC02_45022227,BnaC02g42360D
chrC02_45022234,BnaC02g42360D
chrC02_45022265,BnaC02g42360D
chrC02_45022286,BnaC02g42360D
chrC02_45022312,BnaC02g42360D
chrC02_45022335,BnaC02g42360D
chrC02_45022648,BnaC02g42360D
chrC02_45022748,BnaC02g42360D
chrC02_45022815,BnaC02g42360D
chrC02_45022866,BnaC02g42360D
chrC02_45022903,BnaC02g42360D
chrC02_45022954,BnaC02g42360D
chrC02_45022981,BnaC02g42360D
chrC02_45022990,BnaC02g42360D
chrC02_45023206,BnaC02g42360D
chrC02_45026698,BnaC02g42370D
chrC02_45028566,BnaC02g42380D
chrC02_45028878,BnaC02g42380D
chrC02_45029041,BnaC02g42380D
chrC02_45029164,BnaC02g42380D
chrC02_45029183,BnaC02g42380D
chrC02_45029219,BnaC02g42380D
chrC02_45029239,BnaC02g42380D
chrC02_45029271,BnaC02g42380D
chrC02_45029342,BnaC02g42380D
chrC02_45029358,BnaC02g42380D
chrC02_45029455,BnaC02g42380D
chrC02_45043960,BnaC02g42390D
chrC02_45044016,BnaC02g42390D
chrC02_45044236,BnaC02g42390D
chrC02_45059383,BnaC02g42410D
chrC02_45060979,BnaC02g42410D
chrC02_45066086,BnaC02g42420D
chrC02_45070090,BnaC02g42440D
chrC02_45070310,BnaC02g42440D
chrC02_45070320,BnaC02g42440D
chrC02_45070489,BnaC02g42440D
chrC02_45070708,BnaC02g42440D
chrC02_45290318,BnaC02g42880D
chrC02_45620519,BnaC02g43430D
chrC02_45620555,BnaC02g43430D
chrC02_45635244,BnaC02g43460D
chrC02_45635365,BnaC02g43460D
chrC02_45785420,BnaC02g43580D
chrC02_45826195,BnaC02g43680D
chrC07_35760276,BnaC07g31800D
chrC03_60240486,BnaC03g70580D
